strata generate: PCIe probe: 39.8 GB/s host->device -> pcie_frac 0.55 (default 0.55)
strata generate: this CPU has no AVX-512: the expert kernels run on AVX-2 (multi-token for the i-quant gate/up rows)
strata generate: native pack: <data>/packs/iq2_xs experts (largest blob 1.51 MB), token embedding type 23 in mapped host memory (322 MiB)
strata generate: 1466 MiB of weights loaded from <data>/packs/iq2_xs (302 canonical tensors skipped: served natively)
strata generate: 300 native projection matrices, 1474.85 MiB of weights
strata generate: PLE on, table 320001536 rows of <data>/models/Qwen3.8-Flash-Next-GSQ-RCO-IQ2_XS-00002-of-00002.gguf
strata mtp: draft layer loaded, 839 MiB of VRAM (experts 675, dense 111), files read in 0.45 s (1738 MiB/s)
strata generate: expert arena: one mapping registered for device copies; transparent huge pages requested (madvise); no mlock
strata generate: loaded 33.02 GiB at 4.30 GiB/s
strata generate: profile <repo>/data/expert-profile.bin: 24576 ranked pairs, built for 24576 slots
strata generate: experimental native Q5_K head, 337715200 bytes
strata generate: expert cache auto: 26.60 GiB free, 700 MiB reserved -> 18420 slots
strata generate: expert cache 19284 slots, 25.91 GiB of VRAM; policy is
strata generate: the GPU computes the experts in the cache; it rounds differently from the CPU,
                 so a reply can differ slightly from a run without the cache (same quality:
                 bench/results/2026-09-27-cache-parity).
                 PROFILE, ranked by routing frequency, no eviction.
strata generate: pre-filled 19284 of 19284 slots from the profile; slot 0 verified
strata generate: R4 hit path ON - resident experts are computed on the GPU
strata generate: 19 expert-pool workers + the host thread
strata generate: session is up (engine 0.1.0)
strata generate: sampling greedy
strata generate: token graph hit path: 19284 resident experts, decided on the device
strata generate: prompt chunk auto: 8192 tokens
strata generate: prompt path borrows 2914 cache slots (3.96 GiB)
strata mtp: draft head over 40525 tokens (52.6 MiB)
strata prefill timing: 26292 tokens, GPU timeline 39092 ms, wall 39271 ms, host staging 5554 ms: embed+steps 2218 (5.7%) hc read 1727 (4.4%) gdn 689 (1.8%) qsa proj 466 (1.2%) qsa indexer 2 (0.0%) qsa select 1004 (2.6%) qsa attn 5313 (13.6%) router+shared 208 (0.5%) host grouping 16046 (41.0%) gather 225 (0.6%) wait copy 176 (0.5%) dequant 4420 (11.3%) gemm gate/up 1983 (5.1%) gemm down 1408 (3.6%) combine 510 (1.3%) ple 40 (0.1%) gdn conv+gates 214 (0.5%) gdn recurrence 2038 (5.2%) gdn out proj 405 (1.0%)
strata prefill timing: host: chunk setup (PLE rows, the expert stream plan) 59 ms, waiting for each chunk 233 ms, after each chunk (the draft layer, progress) 2123 ms, PLE 61 ms
strata generate: 2914 lent slots refilled in 118.4 ms
strata generate: prefill 26292 tokens in 4 chunks, 39270.7 ms (669.5 tok/s); experts streamed 29354 (29354 by DMA, host 5554.4 ms), resident 41248; PLE 61.0 ms
strata verify: window up to 6 tokens, 56.6 MiB of device buffers
strata verify: captured the 1-token window (sync ok)
strata verify: captured the 4-token window (sync ok)
strata verify: captured the 3-token window (sync ok)
speculation              16 rounds of 6, drafts accepted 8 of 44 (0.182), 1.50 tokens per round
suffix drafts            1 windows, drafts accepted 2 of 2
accepted per round       0:13 1:0 2:1 3:2 4:0 5:0
verify window            wait for rings 48.435  pool 3.709  host 0.886  commit 1.203 ms/round; CPU experts 1.69 distinct / 2.12 routed per layer
host memory              57 major page faults while decoding; 0 MiB of this process in swap
pool multi               gate/up 2.062  quantize 0.026  down 0.956 ms/round; 38.2 GB/s over the rows phases; CPU pool call 3.706 ms/round
dispatch                 plan 0.075  activation quantize 0.323  jobs 0.255  run 3.047 ms/round
pcie experts             0.00 distinct experts per layer read over PCIe (share 141/256 of the misses)
mtp                      6.203 ms/round drafting (15 rounds), MTP prompt 2122.8 ms, 892 MiB of VRAM
prompt  : 248045 846 198 50525 25 279 6038 1970 364 279 33439 369 199891 1271 1058 12 19 16 22 17 13 357 2526 14882 7246 279 9506 13759 13 561 14367 25624 264 11012 72103 13 357 2526 14882 11354 2250 14527 6679 13 561 14367 25624 279 9506 13759 13 561 13159 25624 2250 14527 6679 13 357 28282 7854 279 17631 5459 13 357 27786 27491 25624 2250 14527 6679 13 357 27786 27491 11354 279 9506 13759 13 561 14367 11693 279 17631 5459 13 561 37714 7246 279 11129 29262 13 561 13159 7246 264 11012 72103 13 357 27786 27491 16384 279 2981 9057 13 357 28282 11693 264 23772 6321 13 357 28282 25624 279 17631 5459 13 357 27786 27491 11693 449 4147 70676 13 561 37714 7854 264 23772 6321 13 6056 36600 49992 264 23772 6321 13 561 12433 11693 279 2981 9057 13 6983 12050 25624 279 11129 29262 13 561 37714 49992 264 23772 6321 13 6056 36600 16384 264 11012 72103 13 357 28282 7854 279 2981 9057 13 357 2526 14882 7246 449 4147 70676 13 561 13159 11354 264 11012 72103 13 561 37714 23235 264 23772 6321 13 357 2526 14882 49992 449 4147 70676 13 357 28282 25624 279 11129 29262 13 6056 36600 25624 279 17631 5459 13 561 12433 49992 279 11129 29262 13 561 13159 23235 279 17631 5459 13 6056 36600 23235 279 2981 9057 13 357 27786 27491 25624 449 4147 70676 13 561 14367 11693 279 11129 29262 13 561 2235 6522 11693 279 9506 13759 13 561 13159 49992 264 11012 72103 13 561 2235 6522 49992 279 9506 13759 13 561 37714 16384 279 2981 9057 13 561 13159 16384 279 9506 13759 13 357 2526 14882 7854 2250 14527 6679 13 561 2235 6522 25624 279 2981 9057 13 561 2235 6522 11693 2250 14527 6679 13 561 14367 49992 279 2981 9057 13 561 12433 16384 279 17631 5459 13 561 2235 6522 7854 264 23772 6321 13 357 27786 27491 23235 279 2981 9057 13 561 37714 11354 449 4147 70676 13 561 37714 7854 279 9506 13759 13 561 13159 7854 264 11012 72103 13 6056 36600 7854 279 17631 5459 13 6983 12050 25624 2250 14527 6679 13 6056 36600 7246 264 11012 72103 13 357 2526 14882 11354 264 11012 72103 13 561 14367 7246 264 11012 72103 13 357 2526 14882 11354 264 11012 72103 13 6983 12050 7854 279 2981 9057 13 561 12433 23235 264 23772 6321 13 6056 36600 25624 264 11012 72103 13 6056 36600 49992 449 4147 70676 13 6056 36600 16384 264 11012 72103 13 561 2235 6522 25624 264 23772 6321 13 561 12433 49992 279 2981 9057 13 561 37714 11354 2250 14527 6679 13 561 37714 23235 279 2981 9057 13 561 37714 11354 279 11129 29262 13 357 28282 16384 264 23772 6321 13 561 2235 6522 23235 2250 14527 6679 13 561 37714 23235 2250 14527 6679 13 357 27786 27491 11693 2250 14527 6679 13 561 13159 11693 2250 14527 6679 13 561 37714 49992 264 23772 6321 13 561 14367 11354 279 11129 29262 13 6056 36600 16384 2250 14527 6679 13 357 27786 27491 23235 449 4147 70676 13 357 2526 14882 23235 264 11012 72103 13 6983 12050 25624 2250 14527 6679 13 6056 36600 11693 264 23772 6321 13 6983 12050 49992 279 17631 5459 13 6056 36600 23235 264 11012 72103 13 357 28282 7854 2250 14527 6679 13 6056 36600 7246 279 9506 13759 13 357 2526 14882 25624 279 9506 13759 13 6056 36600 7854 264 11012 72103 13 561 2235 6522 7246 279 2981 9057 13 561 14367 7246 449 4147 70676 13 561 2235 6522 49992 264 23772 6321 13 561 2235 6522 7246 279 17631 5459 13 561 14367 25624 279 2981 9057 13 561 13159 11693 2250 14527 6679 13 561 14367 16384 2250 14527 6679 13 561 12433 11693 264 23772 6321 13 561 12433 7854 279 2981 9057 13 561 14367 23235 449 4147 70676 13 357 27786 27491 7854 279 2981 9057 13 561 37714 7246 279 17631 5459 13 6056 36600 7246 279 17631 5459 13 561 2235 6522 7246 279 2981 9057 13 6056 36600 25624 279 17631 5459 13 357 2526 14882 49992 264 11012 72103 13 561 37714 11354 2250 14527 6679 13 6983 12050 16384 279 17631 5459 13 357 28282 49992 279 17631 5459 13 357 28282 49992 264 23772 6321 13 357 27786 27491 11693 279 11129 29262 13 6056 36600 49992 2250 14527 6679 13 561 37714 16384 2250 14527 6679 13 6056 36600 7246 279 9506 13759 13 357 28282 7854 449 4147 70676 13 357 2526 14882 25624 2250 14527 6679 13 561 13159 25624 2250 14527 6679 13 561 12433 25624 279 2981 9057 13 357 2526 14882 7246 279 11129 29262 13 561 2235 6522 49992 2250 14527 6679 13 357 28282 7854 449 4147 70676 13 561 2235 6522 11693 279 2981 9057 13 561 13159 7854 264 23772 6321 13 561 13159 11693 264 23772 6321 13 357 2526 14882 25624 264 23772 6321 13 561 14367 23235 449 4147 70676 13 6056 36600 11354 279 9506 13759 13 357 2526 14882 16384 264 11012 72103 13 357 28282 11693 264 11012 72103 13 357 28282 16384 279 11129 29262 13 561 14367 7246 279 11129 29262 13 561 2235 6522 7854 279 11129 29262 13 561 13159 7246 449 4147 70676 13 357 2526 14882 25624 279 11129 29262 13 561 14367 7246 279 9506 13759 13 357 28282 16384 279 17631 5459 13 357 28282 16384 264 11012 72103 13 357 27786 27491 11693 264 11012 72103 13 561 12433 25624 449 4147 70676 13 561 14367 23235 279 9506 13759 13 561 12433 7246 279 17631 5459 13 561 37714 11693 264 11012 72103 13 561 2235 6522 16384 279 17631 5459 13 561 2235 6522 11693 279 11129 29262 13 561 12433 11693 279 11129 29262 13 6056 36600 7246 279 11129 29262 13 357 2526 14882 11354 279 11129 29262 13 561 14367 11354 279 17631 5459 13 561 37714 11693 449 4147 70676 13 6983 12050 49992 264 11012 72103 13 561 13159 49992 279 9506 13759 13 561 37714 16384 2250 14527 6679 13 6983 12050 23235 2250 14527 6679 13 561 2235 6522 7854 264 23772 6321 13 561 14367 7246 279 17631 5459 13 357 28282 16384 279 9506 13759 13 561 2235 6522 11354 264 11012 72103 13 561 13159 16384 2250 14527 6679 13 561 12433 11354 449 4147 70676 13 561 2235 6522 7246 279 11129 29262 13 6056 36600 11354 279 11129 29262 13 357 2526 14882 23235 264 23772 6321 13 6983 12050 11354 279 11129 29262 13 6983 12050 23235 279 2981 9057 13 561 14367 23235 279 9506 13759 13 357 28282 49992 279 11129 29262 13 561 37714 11693 2250 14527 6679 13 561 37714 11354 264 11012 72103 13 561 12433 25624 279 2981 9057 13 561 13159 11354 279 9506 13759 13 561 14367 16384 279 11129 29262 13 6983 12050 25624 279 2981 9057 13 357 27786 27491 7854 264 23772 6321 13 6056 36600 7246 279 11129 29262 13 357 27786 27491 7246 279 17631 5459 13 561 37714 7854 279 2981 9057 13 561 37714 11354 2250 14527 6679 13 357 28282 11354 279 17631 5459 13 561 2235 6522 23235 264 11012 72103 13 561 13159 49992 279 17631 5459 13 561 14367 11693 449 4147 70676 13 561 12433 11354 449 4147 70676 13 357 28282 25624 264 11012 72103 13 6056 36600 16384 264 11012 72103 13 561 12433 11693 2250 14527 6679 13 6983 12050 49992 449 4147 70676 13 561 13159 25624 449 4147 70676 13 561 12433 11354 2250 14527 6679 13 357 28282 7246 264 23772 6321 13 561 12433 16384 279 2981 9057 13 561 14367 49992 279 17631 5459 13 6056 36600 16384 264 11012 72103 13 6983 12050 49992 279 11129 29262 13 561 37714 16384 449 4147 70676 13 6056 36600 49992 264 11012 72103 13 561 37714 11693 279 11129 29262 13 357 28282 49992 279 17631 5459 13 561 12433 49992 264 11012 72103 13 561 37714 49992 279 11129 29262 13 561 13159 11693 2250 14527 6679 13 357 28282 25624 279 2981 9057 13 561 37714 16384 264 23772 6321 13 561 2235 6522 16384 264 11012 72103 13 357 2526 14882 11693 449 4147 70676 13 6056 36600 7854 279 17631 5459 13 561 2235 6522 11354 449 4147 70676 13 6056 36600 7854 279 11129 29262 13 561 2235 6522 7854 264 23772 6321 13 561 13159 23235 264 11012 72103 13 357 2526 14882 11354 264 23772 6321 13 357 2526 14882 7854 264 11012 72103 13 6983 12050 11354 279 11129 29262 13 561 12433 23235 264 11012 72103 13 561 13159 7854 264 11012 72103 13 357 2526 14882 7854 279 11129 29262 13 561 14367 16384 264 11012 72103 13 561 14367 16384 279 2981 9057 13 6983 12050 16384 279 9506 13759 13 561 37714 23235 2250 14527 6679 13 357 2526 14882 7854 279 17631 5459 13 561 13159 11693 264 11012 72103 13 561 14367 7854 449 4147 70676 13 357 27786 27491 7246 279 11129 29262 13 6056 36600 11354 279 2981 9057 13 561 2235 6522 49992 279 9506 13759 13 357 2526 14882 16384 279 11129 29262 13 561 12433 16384 279 9506 13759 13 6983 12050 16384 449 4147 70676 13 561 37714 7854 264 11012 72103 13 561 2235 6522 7246 264 11012 72103 13 6983 12050 49992 2250 14527 6679 13 6056 36600 23235 449 4147 70676 13 561 13159 7246 2250 14527 6679 13 6983 12050 25624 279 2981 9057 13 357 2526 14882 25624 264 23772 6321 13 6983 12050 23235 279 11129 29262 13 357 27786 27491 11693 279 17631 5459 13 561 13159 7854 279 9506 13759 13 561 37714 11693 279 9506 13759 13 561 12433 23235 279 17631 5459 13 6056 36600 16384 264 23772 6321 13 561 2235 6522 11693 264 11012 72103 13 561 12433 11693 279 9506 13759 13 561 13159 49992 279 9506 13759 13 561 12433 11354 279 2981 9057 13 561 14367 7854 449 4147 70676 13 357 27786 27491 49992 279 17631 5459 13 357 28282 7854 449 4147 70676 13 6056 36600 11693 264 11012 72103 13 6983 12050 7246 279 2981 9057 13 561 37714 25624 449 4147 70676 13 357 28282 11354 279 17631 5459 13 561 2235 6522 11693 279 17631 5459 13 561 12433 7246 279 11129 29262 13 561 37714 7854 264 11012 72103 13 357 28282 25624 279 11129 29262 13 561 37714 11693 279 9506 13759 13 561 12433 11693 279 17631 5459 13 561 14367 16384 449 4147 70676 13 561 12433 23235 2250 14527 6679 13 6056 36600 11693 2250 14527 6679 13 561 14367 7854 279 11129 29262 13 561 14367 11354 2250 14527 6679 13 6056 36600 7854 264 11012 72103 13 561 12433 11693 279 9506 13759 13 357 2526 14882 11693 449 4147 70676 13 561 14367 23235 279 9506 13759 13 357 2526 14882 7854 2250 14527 6679 13 561 14367 16384 264 11012 72103 13 6983 12050 49992 2250 14527 6679 13 561 12433 11693 2250 14527 6679 13 6056 36600 11693 279 11129 29262 13 561 12433 25624 449 4147 70676 13 357 27786 27491 7246 2250 14527 6679 13 6056 36600 7854 279 17631 5459 13 357 27786 27491 7246 279 9506 13759 13 561 14367 11693 279 17631 5459 13 357 27786 27491 7246 279 9506 13759 13 561 14367 11354 279 2981 9057 13 561 13159 49992 264 23772 6321 13 357 28282 25624 279 2981 9057 13 357 2526 14882 11693 279 2981 9057 13 561 37714 49992 279 17631 5459 13 561 12433 7854 264 23772 6321 13 357 2526 14882 49992 279 2981 9057 13 357 28282 11354 264 11012 72103 13 561 12433 25624 264 23772 6321 13 561 13159 25624 2250 14527 6679 13 561 13159 23235 279 11129 29262 13 561 13159 25624 279 17631 5459 13 6056 36600 11693 264 23772 6321 13 561 37714 49992 2250 14527 6679 13 357 2526 14882 23235 449 4147 70676 13 561 14367 7854 2250 14527 6679 13 561 13159 11354 279 9506 13759 13 561 14367 49992 264 11012 72103 13 561 14367 16384 2250 14527 6679 13 357 28282 23235 264 23772 6321 13 561 12433 23235 279 17631 5459 13 561 12433 23235 279 11129 29262 13 561 12433 11354 264 11012 72103 13 561 14367 11693 264 11012 72103 13 6056 36600 49992 279 9506 13759 13 561 12433 7854 449 4147 70676 13 561 2235 6522 49992 279 2981 9057 13 561 14367 16384 279 2981 9057 13 357 27786 27491 11693 264 23772 6321 13 357 2526 14882 49992 264 23772 6321 13 357 27786 27491 25624 2250 14527 6679 13 561 13159 7246 2250 14527 6679 13 561 13159 25624 279 17631 5459 13 6056 36600 23235 279 2981 9057 13 561 13159 25624 264 11012 72103 13 561 12433 25624 2250 14527 6679 13 357 28282 7854 449 4147 70676 13 6056 36600 7246 2250 14527 6679 13 561 2235 6522 7854 449 4147 70676 13 357 27786 27491 11693 264 11012 72103 13 561 12433 16384 279 11129 29262 13 357 27786 27491 16384 264 23772 6321 13 561 12433 16384 2250 14527 6679 13 6056 36600 11693 279 2981 9057 13 6983 12050 11693 279 2981 9057 13 561 12433 11693 264 23772 6321 13 357 28282 7854 279 11129 29262 13 6983 12050 11693 264 11012 72103 13 6056 36600 11354 264 11012 72103 13 561 14367 49992 2250 14527 6679 13 6056 36600 23235 279 17631 5459 13 561 12433 11693 264 11012 72103 13 561 14367 11693 2250 14527 6679 13 357 28282 23235 279 2981 9057 13 6056 36600 16384 279 17631 5459 13 357 28282 23235 2250 14527 6679 13 561 14367 23235 264 23772 6321 13 561 2235 6522 11354 2250 14527 6679 13 561 12433 11354 2250 14527 6679 13 561 14367 23235 279 9506 13759 13 357 2526 14882 7246 279 11129 29262 13 357 28282 11693 279 17631 5459 13 6056 36600 49992 264 11012 72103 13 561 13159 25624 279 9506 13759 13 561 37714 7246 264 11012 72103 13 561 2235 6522 7854 279 11129 29262 13 561 13159 16384 279 11129 29262 13 561 13159 11354 279 11129 29262 13 357 27786 27491 23235 279 9506 13759 13 561 13159 11354 264 23772 6321 13 6983 12050 7854 279 9506 13759 13 6983 12050 11354 279 9506 13759 13 561 2235 6522 7854 264 11012 72103 13 357 28282 7854 264 23772 6321 13 6056 36600 7246 279 2981 9057 13 561 14367 11354 279 2981 9057 13 561 13159 25624 264 23772 6321 13 561 37714 7246 279 2981 9057 13 357 2526 14882 16384 279 2981 9057 13 561 37714 7246 264 11012 72103 13 357 28282 7854 449 4147 70676 13 6983 12050 16384 279 2981 9057 13 561 14367 49992 264 23772 6321 13 561 14367 7854 264 11012 72103 13 357 27786 27491 7246 2250 14527 6679 13 357 27786 27491 7854 2250 14527 6679 13 6056 36600 7246 2250 14527 6679 13 561 14367 7854 279 2981 9057 13 561 13159 23235 264 11012 72103 13 561 2235 6522 11693 2250 14527 6679 13 561 14367 11354 264 23772 6321 13 357 28282 7854 449 4147 70676 13 561 37714 16384 279 9506 13759 13 561 12433 11693 279 9506 13759 13 561 13159 23235 449 4147 70676 13 561 37714 49992 279 2981 9057 13 561 14367 11354 449 4147 70676 13 6056 36600 11693 449 4147 70676 13 357 27786 27491 49992 279 2981 9057 13 6056 36600 7854 264 11012 72103 13 357 28282 7246 264 23772 6321 13 561 13159 23235 264 11012 72103 13 6056 36600 11354 279 17631 5459 13 561 2235 6522 25624 264 23772 6321 13 561 37714 25624 279 17631 5459 13 561 37714 7854 279 2981 9057 13 561 14367 25624 264 11012 72103 13 6983 12050 7246 449 4147 70676 13 561 12433 7246 2250 14527 6679 13 357 28282 23235 279 11129 29262 13 561 2235 6522 23235 279 11129 29262 13 6056 36600 7246 279 11129 29262 13 561 37714 49992 2250 14527 6679 13 357 27786 27491 16384 2250 14527 6679 13 357 2526 14882 23235 279 17631 5459 13 6983 12050 7246 279 9506 13759 13 561 2235 6522 16384 264 23772 6321 13 561 13159 7246 279 11129 29262 13 357 28282 11354 264 23772 6321 13 6056 36600 25624 279 11129 29262 13 561 37714 7854 264 23772 6321 13 561 12433 7854 264 23772 6321 13 357 27786 27491 7246 264 23772 6321 13 357 2526 14882 25624 449 4147 70676 13 6983 12050 7246 279 17631 5459 13 561 12433 16384 279 11129 29262 13 357 27786 27491 23235 279 17631 5459 13 561 14367 11693 279 2981 9057 13 561 12433 7854 279 9506 13759 13 561 37714 23235 279 17631 5459 13 561 2235 6522 49992 2250 14527 6679 13 357 27786 27491 11354 279 17631 5459 13 561 14367 11354 264 23772 6321 13 561 12433 25624 264 23772 6321 13 561 37714 11693 279 9506 13759 13 357 27786 27491 16384 279 2981 9057 13 6983 12050 23235 449 4147 70676 13 561 2235 6522 7246 279 17631 5459 13 6983 12050 7246 449 4147 70676 13 357 28282 25624 279 2981 9057 13 561 12433 7854 279 11129 29262 13 561 14367 11354 264 23772 6321 13 357 27786 27491 49992 449 4147 70676 13 6983 12050 7246 279 17631 5459 13 561 14367 11354 279 17631 5459 13 561 13159 7246 2250 14527 6679 13 561 2235 6522 11354 264 11012 72103 13 561 14367 11693 279 2981 9057 13 561 13159 11693 279 9506 13759 13 357 27786 27491 7246 279 11129 29262 13 357 28282 16384 279 17631 5459 13 6056 36600 11354 279 9506 13759 13 561 13159 49992 264 11012 72103 13 6056 36600 7246 2250 14527 6679 13 357 28282 16384 2250 14527 6679 13 561 14367 25624 264 23772 6321 13 561 12433 11354 279 11129 29262 13 561 37714 7854 279 11129 29262 13 561 12433 11693 264 11012 72103 13 561 37714 11354 279 2981 9057 13 561 12433 11693 2250 14527 6679 13 561 2235 6522 23235 2250 14527 6679 13 561 13159 23235 2250 14527 6679 13 561 13159 49992 449 4147 70676 13 561 37714 11354 279 17631 5459 13 561 13159 11693 279 11129 29262 13 6983 12050 7854 264 11012 72103 13 357 27786 27491 7246 279 2981 9057 13 561 14367 11354 264 11012 72103 13 357 28282 7246 264 23772 6321 13 561 2235 6522 11354 279 17631 5459 13 561 14367 7246 279 17631 5459 13 357 28282 11354 264 11012 72103 13 357 27786 27491 23235 2250 14527 6679 13 561 37714 25624 279 9506 13759 13 357 28282 11693 2250 14527 6679 13 6983 12050 25624 279 17631 5459 13 561 14367 25624 279 11129 29262 13 6056 36600 25624 279 2981 9057 13 357 28282 11693 279 11129 29262 13 357 2526 14882 23235 279 9506 13759 13 561 12433 11354 264 23772 6321 13 561 12433 16384 279 17631 5459 13 357 2526 14882 23235 449 4147 70676 13 561 12433 11354 279 9506 13759 13 561 14367 7854 264 11012 72103 13 357 2526 14882 49992 279 17631 5459 13 561 37714 11693 264 11012 72103 13 357 27786 27491 16384 279 2981 9057 13 561 13159 11354 2250 14527 6679 13 561 12433 11354 279 17631 5459 13 357 2526 14882 49992 264 11012 72103 13 6056 36600 7246 449 4147 70676 13 357 27786 27491 23235 279 11129 29262 13 357 27786 27491 7246 279 11129 29262 13 6983 12050 11693 449 4147 70676 13 561 2235 6522 25624 264 11012 72103 13 6056 36600 25624 264 23772 6321 13 357 2526 14882 25624 279 9506 13759 13 561 13159 25624 279 9506 13759 13 561 14367 23235 2250 14527 6679 13 561 12433 16384 279 9506 13759 13 561 37714 7246 279 9506 13759 13 6983 12050 49992 279 2981 9057 13 561 37714 11354 264 23772 6321 13 357 27786 27491 23235 279 2981 9057 13 6056 36600 23235 279 2981 9057 13 6056 36600 49992 279 11129 29262 13 357 27786 27491 11693 279 2981 9057 13 357 2526 14882 49992 2250 14527 6679 13 561 37714 11693 279 11129 29262 13 561 12433 7246 279 2981 9057 13 6983 12050 23235 264 23772 6321 13 561 2235 6522 11693 264 23772 6321 13 6983 12050 16384 264 11012 72103 13 561 2235 6522 25624 2250 14527 6679 13 561 13159 7246 279 2981 9057 13 561 12433 16384 279 9506 13759 13 561 12433 11693 264 11012 72103 13 357 28282 16384 2250 14527 6679 13 561 13159 49992 279 17631 5459 13 561 14367 7854 279 9506 13759 13 6983 12050 16384 449 4147 70676 13 561 14367 7246 279 11129 29262 13 357 27786 27491 7854 279 17631 5459 13 6983 12050 7854 279 9506 13759 13 6983 12050 11693 279 2981 9057 13 357 28282 49992 279 9506 13759 13 357 2526 14882 16384 264 11012 72103 13 561 13159 11693 279 9506 13759 13 561 2235 6522 16384 279 9506 13759 13 6056 36600 49992 279 17631 5459 13 357 27786 27491 7854 279 2981 9057 13 357 2526 14882 11354 279 9506 13759 13 6056 36600 25624 279 17631 5459 13 561 12433 11693 279 2981 9057 13 6983 12050 23235 264 11012 72103 13 357 27786 27491 49992 2250 14527 6679 13 6056 36600 11354 264 23772 6321 13 561 37714 23235 279 9506 13759 13 6056 36600 11693 279 2981 9057 13 561 13159 25624 264 23772 6321 13 561 14367 16384 279 11129 29262 13 561 13159 7854 279 17631 5459 13 561 14367 25624 279 9506 13759 13 561 13159 23235 279 11129 29262 13 357 28282 11693 279 11129 29262 13 561 13159 11693 279 9506 13759 13 6056 36600 11693 279 2981 9057 13 561 2235 6522 25624 2250 14527 6679 13 6056 36600 11693 279 2981 9057 13 357 2526 14882 7854 449 4147 70676 13 561 12433 7246 449 4147 70676 13 357 2526 14882 11693 279 11129 29262 13 561 13159 16384 279 9506 13759 13 561 2235 6522 49992 279 17631 5459 13 561 12433 23235 2250 14527 6679 13 561 12433 23235 449 4147 70676 13 6056 36600 7854 264 11012 72103 13 357 2526 14882 7246 279 11129 29262 13 561 13159 11354 264 11012 72103 13 357 27786 27491 23235 279 2981 9057 13 561 37714 23235 279 17631 5459 13 561 14367 11693 264 11012 72103 13 561 12433 16384 264 11012 72103 13 357 27786 27491 7246 2250 14527 6679 13 561 2235 6522 49992 264 23772 6321 13 561 2235 6522 11693 279 9506 13759 13 561 37714 7246 264 11012 72103 13 561 37714 16384 2250 14527 6679 13 6056 36600 11693 264 11012 72103 13 6056 36600 25624 264 11012 72103 13 561 12433 7854 2250 14527 6679 13 561 2235 6522 49992 449 4147 70676 13 561 37714 11354 449 4147 70676 13 6056 36600 7246 449 4147 70676 13 6983 12050 49992 279 2981 9057 13 561 37714 11354 279 2981 9057 13 357 2526 14882 49992 449 4147 70676 13 561 12433 49992 264 23772 6321 13 561 13159 7854 264 11012 72103 13 561 2235 6522 23235 279 17631 5459 13 561 14367 11354 264 23772 6321 13 357 28282 49992 449 4147 70676 13 561 2235 6522 11354 2250 14527 6679 13 561 13159 7246 264 23772 6321 13 357 28282 23235 264 23772 6321 13 6056 36600 11693 279 11129 29262 13 561 13159 23235 279 9506 13759 13 561 12433 11354 279 11129 29262 13 561 12433 23235 449 4147 70676 13 561 13159 23235 279 11129 29262 13 561 37714 23235 2250 14527 6679 13 6056 36600 25624 264 23772 6321 13 6983 12050 23235 279 11129 29262 13 561 2235 6522 25624 279 17631 5459 13 561 13159 7854 279 17631 5459 13 561 13159 16384 264 11012 72103 13 561 14367 11354 2250 14527 6679 13 6056 36600 11354 279 9506 13759 13 357 27786 27491 7246 264 11012 72103 13 6983 12050 11354 449 4147 70676 13 561 2235 6522 25624 279 2981 9057 13 561 14367 7854 264 11012 72103 13 561 14367 23235 279 2981 9057 13 561 12433 16384 279 11129 29262 13 561 2235 6522 7854 279 17631 5459 13 357 2526 14882 11354 279 9506 13759 13 357 27786 27491 11354 449 4147 70676 13 357 27786 27491 11354 264 11012 72103 13 561 13159 7854 449 4147 70676 13 357 28282 11354 279 9506 13759 13 357 27786 27491 7246 449 4147 70676 13 561 13159 25624 264 11012 72103 13 6056 36600 11693 279 2981 9057 13 561 14367 7854 279 17631 5459 13 561 14367 25624 264 11012 72103 13 6983 12050 25624 279 2981 9057 13 6056 36600 11354 279 11129 29262 13 357 27786 27491 11693 449 4147 70676 13 561 2235 6522 11354 264 23772 6321 13 561 2235 6522 25624 279 11129 29262 13 561 37714 49992 449 4147 70676 13 561 12433 11354 279 17631 5459 13 561 14367 11354 279 17631 5459 13 357 27786 27491 25624 279 9506 13759 13 561 12433 16384 279 2981 9057 13 6056 36600 11354 264 23772 6321 13 357 2526 14882 49992 449 4147 70676 13 561 2235 6522 7246 264 11012 72103 13 357 2526 14882 7246 279 9506 13759 13 6056 36600 7854 449 4147 70676 13 561 12433 23235 279 11129 29262 13 561 12433 11354 264 23772 6321 13 357 27786 27491 11354 279 2981 9057 13 357 27786 27491 16384 279 9506 13759 13 6983 12050 7854 279 9506 13759 13 561 13159 11693 449 4147 70676 13 561 12433 11354 264 23772 6321 13 561 12433 16384 279 9506 13759 13 561 2235 6522 11354 279 11129 29262 13 561 2235 6522 7246 279 11129 29262 13 561 37714 49992 264 23772 6321 13 561 37714 25624 449 4147 70676 13 561 13159 11693 2250 14527 6679 13 561 12433 11354 279 9506 13759 13 6056 36600 11693 279 11129 29262 13 357 27786 27491 11354 279 9506 13759 13 6056 36600 25624 264 23772 6321 13 357 28282 11693 279 9506 13759 13 357 27786 27491 16384 264 23772 6321 13 6056 36600 11693 2250 14527 6679 13 6983 12050 11693 264 11012 72103 13 561 2235 6522 16384 264 23772 6321 13 357 27786 27491 23235 279 9506 13759 13 561 37714 7246 2250 14527 6679 13 561 14367 49992 264 23772 6321 13 357 28282 23235 449 4147 70676 13 357 28282 7246 264 23772 6321 13 357 27786 27491 11354 264 23772 6321 13 561 12433 11354 264 11012 72103 13 561 14367 11693 449 4147 70676 13 357 27786 27491 11693 279 11129 29262 13 561 12433 7854 264 11012 72103 13 6056 36600 7246 279 11129 29262 13 561 14367 23235 2250 14527 6679 13 561 2235 6522 7854 264 11012 72103 13 561 14367 11354 279 17631 5459 13 561 37714 23235 449 4147 70676 13 6056 36600 25624 279 9506 13759 13 357 28282 25624 279 11129 29262 13 357 2526 14882 11693 264 11012 72103 13 561 37714 7854 279 2981 9057 13 6056 36600 7246 264 23772 6321 13 6983 12050 11693 279 2981 9057 13 561 14367 16384 264 23772 6321 13 561 14367 11354 279 17631 5459 13 561 12433 49992 279 17631 5459 13 357 28282 7246 264 23772 6321 13 561 14367 11693 279 11129 29262 13 357 27786 27491 49992 264 11012 72103 13 6056 36600 23235 264 23772 6321 13 561 12433 7854 264 11012 72103 13 357 2526 14882 49992 279 9506 13759 13 561 2235 6522 49992 2250 14527 6679 13 561 2235 6522 11354 449 4147 70676 13 6983 12050 11354 279 2981 9057 13 6983 12050 25624 264 23772 6321 13 561 2235 6522 49992 264 11012 72103 13 561 13159 11354 264 11012 72103 13 6056 36600 23235 264 23772 6321 13 6983 12050 49992 264 11012 72103 13 357 2526 14882 7246 264 23772 6321 13 6983 12050 11354 279 2981 9057 13 6056 36600 7246 449 4147 70676 13 561 2235 6522 16384 279 9506 13759 13 561 13159 11693 279 2981 9057 13 561 14367 16384 279 11129 29262 13 357 2526 14882 7246 279 11129 29262 13 6056 36600 25624 264 23772 6321 13 6056 36600 49992 264 11012 72103 13 561 2235 6522 11354 2250 14527 6679 13 561 37714 49992 279 11129 29262 13 357 28282 16384 2250 14527 6679 13 357 2526 14882 7854 279 11129 29262 13 6983 12050 11693 264 11012 72103 13 561 13159 16384 279 9506 13759 13 561 2235 6522 11354 279 11129 29262 13 561 2235 6522 11354 449 4147 70676 13 561 37714 23235 279 2981 9057 13 6056 36600 11354 279 11129 29262 13 561 2235 6522 23235 279 9506 13759 13 561 14367 7854 2250 14527 6679 13 561 12433 7246 279 2981 9057 13 561 2235 6522 11693 279 2981 9057 13 6983 12050 25624 264 11012 72103 13 357 27786 27491 49992 279 11129 29262 13 561 2235 6522 11693 279 2981 9057 13 357 27786 27491 11693 279 11129 29262 13 6983 12050 11354 264 11012 72103 13 561 37714 7854 279 17631 5459 13 561 37714 23235 264 23772 6321 13 561 12433 49992 264 11012 72103 13 561 14367 7854 449 4147 70676 13 561 2235 6522 16384 2250 14527 6679 13 561 2235 6522 23235 279 17631 5459 13 561 2235 6522 23235 279 17631 5459 13 357 2526 14882 49992 264 11012 72103 13 357 28282 23235 2250 14527 6679 13 357 2526 14882 7854 279 17631 5459 13 561 12433 25624 449 4147 70676 13 6056 36600 11354 279 2981 9057 13 561 14367 11693 264 11012 72103 13 6983 12050 7246 279 2981 9057 13 357 28282 16384 279 11129 29262 13 561 37714 11354 279 17631 5459 13 357 28282 11693 279 11129 29262 13 561 14367 49992 2250 14527 6679 13 6056 36600 25624 264 23772 6321 13 357 28282 7246 279 17631 5459 13 561 12433 25624 449 4147 70676 13 6056 36600 16384 264 11012 72103 13 357 28282 25624 279 9506 13759 13 561 2235 6522 11693 2250 14527 6679 13 561 2235 6522 49992 279 9506 13759 13 561 2235 6522 11354 279 9506 13759 13 561 13159 11354 279 9506 13759 13 561 14367 23235 264 23772 6321 13 561 13159 11693 264 23772 6321 13 561 13159 23235 279 9506 13759 13 561 37714 11354 264 23772 6321 13 561 37714 7246 264 23772 6321 13 6983 12050 7854 279 17631 5459 13 357 2526 14882 25624 279 2981 9057 13 357 28282 23235 279 9506 13759 13 6983 12050 11354 2250 14527 6679 13 561 2235 6522 7854 279 9506 13759 13 6056 36600 11354 279 17631 5459 13 561 14367 16384 279 11129 29262 13 561 37714 11354 264 11012 72103 13 561 12433 25624 279 17631 5459 13 561 13159 11693 279 17631 5459 13 561 12433 25624 279 11129 29262 13 357 2526 14882 7246 264 11012 72103 13 561 14367 16384 264 11012 72103 13 6056 36600 7246 449 4147 70676 13 357 28282 7246 279 11129 29262 13 561 13159 16384 279 11129 29262 13 6983 12050 25624 279 11129 29262 13 6056 36600 11693 279 9506 13759 13 6983 12050 23235 449 4147 70676 13 561 37714 16384 449 4147 70676 13 6056 36600 16384 279 17631 5459 13 6983 12050 23235 2250 14527 6679 13 6983 12050 7854 279 9506 13759 13 561 14367 23235 279 2981 9057 13 6983 12050 23235 264 23772 6321 13 6056 36600 16384 279 11129 29262 13 6983 12050 16384 279 17631 5459 13 561 14367 7246 264 11012 72103 13 357 27786 27491 23235 449 4147 70676 13 561 14367 7854 449 4147 70676 13 357 2526 14882 25624 2250 14527 6679 13 561 2235 6522 7854 264 23772 6321 13 357 2526 14882 7246 2250 14527 6679 13 357 27786 27491 16384 264 11012 72103 13 6056 36600 16384 279 2981 9057 13 561 13159 25624 279 17631 5459 13 561 13159 25624 449 4147 70676 13 561 13159 7246 279 9506 13759 13 561 12433 25624 279 9506 13759 13 6056 36600 49992 279 11129 29262 13 357 2526 14882 16384 264 23772 6321 13 561 13159 7854 264 23772 6321 13 561 14367 49992 279 9506 13759 13 6056 36600 16384 279 2981 9057 13 561 37714 16384 279 2981 9057 13 561 13159 7854 2250 14527 6679 13 357 28282 23235 264 23772 6321 13 357 27786 27491 11693 264 23772 6321 13 6983 12050 7854 279 17631 5459 13 561 14367 11354 279 11129 29262 13 357 27786 27491 49992 279 11129 29262 13 561 37714 16384 279 9506 13759 13 561 37714 7854 279 9506 13759 13 6056 36600 23235 279 17631 5459 13 357 27786 27491 23235 449 4147 70676 13 561 14367 25624 2250 14527 6679 13 357 28282 7854 264 23772 6321 13 561 37714 7854 279 2981 9057 13 6983 12050 7854 449 4147 70676 13 561 13159 49992 264 23772 6321 13 561 37714 25624 279 2981 9057 13 357 2526 14882 23235 264 23772 6321 13 357 28282 16384 279 2981 9057 13 357 28282 16384 264 23772 6321 13 561 37714 7854 279 2981 9057 13 561 37714 16384 2250 14527 6679 13 561 37714 11693 279 9506 13759 13 561 2235 6522 11354 264 11012 72103 13 357 2526 14882 11354 279 9506 13759 13 561 14367 11354 279 11129 29262 13 561 37714 11354 279 11129 29262 13 561 13159 25624 279 17631 5459 13 561 14367 11693 279 2981 9057 13 6056 36600 16384 279 2981 9057 13 357 27786 27491 11693 279 9506 13759 13 357 27786 27491 25624 279 2981 9057 13 561 2235 6522 25624 279 17631 5459 13 357 28282 25624 279 2981 9057 13 561 37714 49992 449 4147 70676 13 357 27786 27491 7854 279 17631 5459 13 561 14367 23235 279 2981 9057 13 6983 12050 23235 279 11129 29262 13 561 2235 6522 11354 279 11129 29262 13 357 28282 25624 264 23772 6321 13 6983 12050 49992 279 9506 13759 13 561 14367 11354 2250 14527 6679 13 561 13159 11354 449 4147 70676 13 561 14367 11693 2250 14527 6679 13 6983 12050 11354 279 2981 9057 13 357 27786 27491 7246 264 23772 6321 13 561 14367 49992 279 11129 29262 13 561 13159 16384 449 4147 70676 13 357 28282 11693 279 9506 13759 13 357 27786 27491 11693 279 9506 13759 13 561 12433 7854 449 4147 70676 13 561 14367 11693 264 11012 72103 13 561 2235 6522 7246 264 23772 6321 13 561 13159 7246 279 17631 5459 13 561 12433 7854 264 23772 6321 13 357 28282 23235 279 9506 13759 13 357 2526 14882 7854 264 11012 72103 13 357 28282 7854 264 23772 6321 13 561 37714 11693 279 9506 13759 13 6983 12050 49992 279 11129 29262 13 357 2526 14882 11693 279 9506 13759 13 561 14367 16384 279 17631 5459 13 357 2526 14882 7246 2250 14527 6679 13 561 2235 6522 25624 2250 14527 6679 13 561 12433 7246 449 4147 70676 13 6056 36600 11693 279 2981 9057 13 357 2526 14882 23235 2250 14527 6679 13 561 13159 7854 2250 14527 6679 13 561 12433 49992 2250 14527 6679 13 6983 12050 49992 279 2981 9057 13 561 12433 49992 264 23772 6321 13 561 37714 11693 279 9506 13759 13 357 27786 27491 11693 279 2981 9057 13 357 28282 25624 279 11129 29262 13 561 13159 11354 279 2981 9057 13 561 12433 11354 279 9506 13759 13 357 28282 7246 2250 14527 6679 13 357 2526 14882 11693 264 11012 72103 13 357 28282 23235 279 11129 29262 13 6983 12050 25624 279 11129 29262 13 357 28282 11693 279 11129 29262 13 561 2235 6522 7854 279 11129 29262 13 357 2526 14882 7854 449 4147 70676 13 561 2235 6522 16384 279 2981 9057 13 561 14367 23235 264 23772 6321 13 561 13159 11354 449 4147 70676 13 6983 12050 7854 264 23772 6321 13 357 28282 7246 279 11129 29262 13 357 28282 16384 2250 14527 6679 13 561 14367 7854 279 17631 5459 13 357 27786 27491 7246 279 9506 13759 13 6983 12050 16384 279 2981 9057 13 561 13159 11354 279 11129 29262 13 561 2235 6522 11693 449 4147 70676 13 561 37714 16384 279 9506 13759 13 357 27786 27491 23235 279 17631 5459 13 357 28282 16384 279 17631 5459 13 357 27786 27491 11354 2250 14527 6679 13 357 28282 11354 264 23772 6321 13 6983 12050 23235 264 11012 72103 13 561 13159 7854 2250 14527 6679 13 561 12433 25624 264 23772 6321 13 561 13159 49992 264 23772 6321 13 561 37714 49992 279 17631 5459 13 6983 12050 7854 279 2981 9057 13 6056 36600 11693 279 17631 5459 13 561 37714 16384 279 2981 9057 13 561 37714 7246 2250 14527 6679 13 561 37714 16384 2250 14527 6679 13 561 14367 7246 264 23772 6321 13 357 2526 14882 7854 264 11012 72103 13 6983 12050 16384 279 2981 9057 13 561 2235 6522 49992 449 4147 70676 13 6983 12050 11693 279 17631 5459 13 561 37714 49992 279 2981 9057 13 357 2526 14882 16384 279 2981 9057 13 561 2235 6522 11693 264 23772 6321 13 357 28282 7854 279 2981 9057 13 561 2235 6522 49992 279 9506 13759 13 6983 12050 25624 279 11129 29262 13 561 14367 23235 449 4147 70676 13 6983 12050 11354 279 17631 5459 13 561 12433 16384 2250 14527 6679 13 357 28282 16384 449 4147 70676 13 357 28282 7246 264 23772 6321 13 6056 36600 49992 264 23772 6321 13 561 12433 7246 264 11012 72103 13 561 14367 11354 449 4147 70676 13 6056 36600 25624 264 23772 6321 13 357 27786 27491 16384 264 11012 72103 13 6056 36600 7854 449 4147 70676 13 6983 12050 23235 279 17631 5459 13 357 2526 14882 25624 279 11129 29262 13 357 27786 27491 16384 2250 14527 6679 13 357 28282 7246 279 17631 5459 13 561 14367 7854 279 2981 9057 13 561 12433 23235 279 2981 9057 13 561 37714 7246 264 11012 72103 13 561 12433 23235 279 9506 13759 13 561 2235 6522 23235 264 23772 6321 13 6983 12050 23235 279 2981 9057 13 561 37714 23235 279 11129 29262 13 6983 12050 11354 279 17631 5459 13 357 28282 7854 279 17631 5459 13 6983 12050 49992 279 9506 13759 13 6056 36600 7246 279 11129 29262 13 357 27786 27491 25624 279 2981 9057 13 6983 12050 7246 279 2981 9057 13 6056 36600 7854 264 11012 72103 13 561 14367 49992 449 4147 70676 13 6983 12050 11693 264 23772 6321 13 561 14367 11354 279 9506 13759 13 561 2235 6522 16384 264 11012 72103 13 561 14367 7854 264 23772 6321 13 357 28282 49992 279 17631 5459 13 561 2235 6522 7246 279 9506 13759 13 561 12433 11354 449 4147 70676 13 357 27786 27491 23235 2250 14527 6679 13 6056 36600 25624 264 23772 6321 13 561 37714 49992 279 9506 13759 13 561 37714 7246 279 9506 13759 13 357 27786 27491 25624 279 17631 5459 13 357 2526 14882 16384 279 9506 13759 13 357 2526 14882 49992 279 2981 9057 13 561 12433 23235 279 17631 5459 13 6983 12050 11693 449 4147 70676 13 357 28282 7246 264 23772 6321 13 561 37714 7854 264 23772 6321 13 561 37714 11693 449 4147 70676 13 561 13159 16384 264 11012 72103 13 6983 12050 7246 2250 14527 6679 13 561 37714 25624 2250 14527 6679 13 561 12433 25624 2250 14527 6679 13 561 37714 16384 449 4147 70676 13 6983 12050 49992 2250 14527 6679 13 561 37714 25624 264 11012 72103 13 561 13159 25624 449 4147 70676 13 561 2235 6522 25624 264 11012 72103 13 6056 36600 7854 279 2981 9057 13 6983 12050 49992 264 11012 72103 13 561 2235 6522 23235 279 17631 5459 13 561 13159 11693 279 17631 5459 13 357 2526 14882 11354 279 17631 5459 13 357 27786 27491 11693 449 4147 70676 13 561 12433 25624 279 2981 9057 13 561 13159 25624 2250 14527 6679 13 357 27786 27491 25624 264 23772 6321 13 561 2235 6522 23235 264 23772 6321 13 561 14367 16384 264 11012 72103 13 6983 12050 23235 264 23772 6321 13 6056 36600 11354 264 23772 6321 13 357 28282 23235 264 23772 6321 13 357 27786 27491 25624 279 17631 5459 13 6983 12050 16384 264 23772 6321 13 6983 12050 49992 279 17631 5459 13 357 27786 27491 49992 264 11012 72103 13 561 14367 49992 264 11012 72103 13 357 28282 16384 279 2981 9057 13 561 2235 6522 16384 279 9506 13759 13 561 2235 6522 16384 279 11129 29262 13 6056 36600 11354 279 17631 5459 13 357 2526 14882 7246 449 4147 70676 13 561 37714 49992 279 17631 5459 13 561 14367 25624 279 2981 9057 13 357 27786 27491 7854 449 4147 70676 13 561 2235 6522 49992 279 9506 13759 13 6983 12050 25624 264 23772 6321 13 357 2526 14882 11693 279 11129 29262 13 561 2235 6522 11354 2250 14527 6679 13 561 2235 6522 23235 449 4147 70676 13 357 2526 14882 49992 279 9506 13759 13 357 2526 14882 23235 279 17631 5459 13 357 2526 14882 49992 264 23772 6321 13 6983 12050 11354 2250 14527 6679 13 6056 36600 11354 279 2981 9057 13 561 2235 6522 16384 279 9506 13759 13 561 12433 25624 279 11129 29262 13 357 2526 14882 7246 279 17631 5459 13 561 37714 25624 2250 14527 6679 13 561 13159 25624 264 23772 6321 13 561 12433 11693 279 2981 9057 13 357 28282 16384 264 23772 6321 13 357 2526 14882 11693 264 23772 6321 13 561 37714 7854 264 23772 6321 13 561 14367 23235 264 23772 6321 13 6056 36600 23235 2250 14527 6679 13 6983 12050 23235 279 2981 9057 13 561 2235 6522 11693 279 17631 5459 13 6056 36600 7854 449 4147 70676 13 561 13159 16384 279 2981 9057 13 357 27786 27491 25624 279 2981 9057 13 561 12433 16384 279 11129 29262 13 357 27786 27491 23235 264 11012 72103 13 6983 12050 25624 279 2981 9057 13 561 12433 23235 449 4147 70676 13 357 2526 14882 7854 264 11012 72103 13 6056 36600 23235 279 2981 9057 13 561 12433 16384 279 17631 5459 13 561 2235 6522 16384 2250 14527 6679 13 561 14367 11693 279 17631 5459 13 561 13159 49992 2250 14527 6679 13 357 27786 27491 16384 264 11012 72103 13 6983 12050 11693 279 17631 5459 13 561 2235 6522 11354 264 11012 72103 13 357 28282 23235 279 2981 9057 13 561 14367 11693 279 11129 29262 13 561 37714 11354 264 23772 6321 13 561 14367 11693 264 23772 6321 13 357 2526 14882 11354 449 4147 70676 13 561 13159 23235 279 2981 9057 13 561 14367 7854 279 17631 5459 13 357 28282 23235 449 4147 70676 13 357 27786 27491 7854 279 11129 29262 13 6056 36600 11354 279 17631 5459 13 357 2526 14882 23235 279 17631 5459 13 561 13159 23235 279 2981 9057 13 357 28282 11354 279 2981 9057 13 6983 12050 7246 264 11012 72103 13 357 2526 14882 23235 279 9506 13759 13 357 2526 14882 7246 264 23772 6321 13 6983 12050 16384 449 4147 70676 13 561 14367 16384 449 4147 70676 13 561 37714 16384 264 23772 6321 13 561 37714 16384 279 2981 9057 13 561 12433 11354 449 4147 70676 13 357 28282 23235 279 2981 9057 13 6983 12050 7854 264 11012 72103 13 561 14367 7246 264 11012 72103 13 561 14367 11693 279 2981 9057 13 561 12433 23235 279 2981 9057 13 561 2235 6522 7246 279 17631 5459 13 357 2526 14882 11693 449 4147 70676 13 6056 36600 11693 264 23772 6321 13 561 13159 49992 2250 14527 6679 13 357 2526 14882 11354 264 11012 72103 13 561 14367 25624 279 9506 13759 13 357 2526 14882 11354 2250 14527 6679 13 357 27786 27491 7854 279 9506 13759 13 561 13159 11693 279 17631 5459 13 561 12433 11354 279 11129 29262 13 561 13159 11693 2250 14527 6679 13 357 2526 14882 11693 264 23772 6321 13 561 13159 16384 279 11129 29262 13 6056 36600 11693 279 2981 9057 13 6056 36600 16384 279 2981 9057 13 561 12433 16384 264 11012 72103 13 357 2526 14882 11354 449 4147 70676 13 6983 12050 7246 264 23772 6321 13 357 27786 27491 49992 2250 14527 6679 13 357 27786 27491 11354 2250 14527 6679 13 357 2526 14882 11354 449 4147 70676 13 561 2235 6522 7854 279 2981 9057 13 561 12433 11354 264 11012 72103 13 561 2235 6522 11354 279 2981 9057 13 561 12433 7246 264 23772 6321 13 357 28282 7246 449 4147 70676 13 561 13159 25624 279 9506 13759 13 357 2526 14882 7854 264 23772 6321 13 561 14367 11693 2250 14527 6679 13 561 14367 11354 279 2981 9057 13 561 37714 11693 279 9506 13759 13 357 28282 11354 279 17631 5459 13 357 2526 14882 25624 264 11012 72103 13 357 28282 49992 279 2981 9057 13 561 37714 7854 279 17631 5459 13 561 2235 6522 11693 279 2981 9057 13 561 37714 25624 264 23772 6321 13 6056 36600 25624 264 23772 6321 13 6983 12050 11693 264 11012 72103 13 561 12433 7246 279 17631 5459 13 561 12433 16384 264 11012 72103 13 561 14367 11693 279 17631 5459 13 561 13159 23235 279 11129 29262 13 561 14367 23235 279 17631 5459 13 6056 36600 16384 264 23772 6321 13 561 13159 16384 279 9506 13759 13 561 13159 23235 279 9506 13759 13 561 13159 7246 279 9506 13759 13 561 13159 7854 279 2981 9057 13 561 14367 11693 279 11129 29262 13 357 27786 27491 7854 2250 14527 6679 13 6983 12050 25624 264 11012 72103 13 357 27786 27491 11354 279 17631 5459 13 561 13159 23235 449 4147 70676 13 561 37714 23235 449 4147 70676 13 357 27786 27491 11354 449 4147 70676 13 6056 36600 23235 279 9506 13759 13 6983 12050 7854 264 23772 6321 13 357 28282 7854 279 11129 29262 13 357 27786 27491 23235 264 11012 72103 13 561 37714 11693 279 11129 29262 13 561 12433 49992 264 23772 6321 13 561 37714 49992 2250 14527 6679 13 561 2235 6522 25624 264 23772 6321 13 561 37714 11693 279 2981 9057 13 357 2526 14882 11693 279 2981 9057 13 561 2235 6522 49992 279 2981 9057 13 561 14367 23235 279 9506 13759 13 357 2526 14882 7854 264 11012 72103 13 561 13159 7246 279 11129 29262 13 561 13159 25624 264 23772 6321 13 357 2526 14882 16384 449 4147 70676 13 357 28282 16384 279 9506 13759 13 561 12433 49992 264 11012 72103 13 6056 36600 49992 279 2981 9057 13 561 37714 7246 279 17631 5459 13 561 2235 6522 23235 449 4147 70676 13 561 37714 11693 264 23772 6321 13 561 37714 23235 279 9506 13759 13 561 12433 11354 2250 14527 6679 13 561 14367 16384 279 17631 5459 13 357 27786 27491 7246 279 11129 29262 13 561 37714 16384 264 23772 6321 13 561 12433 11693 279 11129 29262 13 6056 36600 25624 449 4147 70676 13 357 28282 11693 279 2981 9057 13 561 13159 16384 264 23772 6321 13 561 14367 49992 279 9506 13759 13 357 2526 14882 11354 279 11129 29262 13 561 13159 7854 279 11129 29262 13 357 2526 14882 11693 279 9506 13759 13 357 27786 27491 7246 2250 14527 6679 13 357 27786 27491 23235 264 11012 72103 13 6983 12050 23235 264 11012 72103 13 357 28282 49992 279 9506 13759 13 561 13159 7854 449 4147 70676 13 561 14367 25624 449 4147 70676 13 6056 36600 7854 279 9506 13759 13 6056 36600 7246 264 11012 72103 13 6056 36600 7854 449 4147 70676 13 561 2235 6522 11354 2250 14527 6679 13 6983 12050 7854 279 17631 5459 13 561 12433 23235 279 9506 13759 13 6056 36600 25624 264 11012 72103 13 6983 12050 25624 279 17631 5459 13 357 28282 49992 264 11012 72103 13 6983 12050 49992 279 17631 5459 13 6983 12050 23235 449 4147 70676 13 561 14367 7854 279 2981 9057 13 561 13159 11354 279 2981 9057 13 357 2526 14882 23235 2250 14527 6679 13 561 37714 11354 279 2981 9057 13 561 37714 16384 279 11129 29262 13 357 28282 23235 279 9506 13759 13 561 12433 16384 279 9506 13759 13 561 37714 7854 279 17631 5459 13 561 12433 16384 2250 14527 6679 13 561 13159 7854 279 11129 29262 13 561 12433 11693 279 2981 9057 13 561 14367 11693 264 23772 6321 13 6056 36600 49992 279 2981 9057 13 357 2526 14882 23235 2250 14527 6679 13 6056 36600 11354 264 23772 6321 13 561 14367 25624 279 9506 13759 13 357 27786 27491 23235 279 17631 5459 13 561 12433 11693 449 4147 70676 13 561 12433 11693 2250 14527 6679 13 357 27786 27491 49992 279 9506 13759 13 6056 36600 11693 2250 14527 6679 13 561 14367 7246 279 9506 13759 13 357 28282 11354 279 2981 9057 13 357 28282 49992 279 2981 9057 13 561 14367 7246 449 4147 70676 13 6983 12050 16384 2250 14527 6679 13 561 37714 7246 279 2981 9057 13 6983 12050 25624 449 4147 70676 13 357 28282 11693 264 11012 72103 13 561 14367 7854 2250 14527 6679 13 561 12433 49992 279 9506 13759 13 561 2235 6522 11354 279 2981 9057 13 561 14367 7246 449 4147 70676 13 561 12433 11693 264 23772 6321 13 561 37714 7246 279 11129 29262 13 561 12433 23235 2250 14527 6679 13 561 2235 6522 11693 279 9506 13759 13 561 14367 23235 279 9506 13759 13 561 2235 6522 16384 2250 14527 6679 13 561 37714 25624 2250 14527 6679 13 6056 36600 7246 279 2981 9057 13 561 13159 23235 279 9506 13759 13 357 28282 11354 264 23772 6321 13 357 28282 11693 264 11012 72103 13 561 12433 49992 264 23772 6321 13 561 14367 49992 264 11012 72103 13 6983 12050 49992 279 11129 29262 13 561 12433 25624 2250 14527 6679 13 561 2235 6522 49992 279 11129 29262 13 6983 12050 16384 279 17631 5459 13 357 27786 27491 25624 279 17631 5459 13 357 2526 14882 11693 279 2981 9057 13 561 12433 11354 279 2981 9057 13 357 2526 14882 23235 449 4147 70676 13 6056 36600 11693 264 23772 6321 13 357 2526 14882 7246 264 11012 72103 13 561 12433 25624 449 4147 70676 13 357 28282 25624 279 2981 9057 13 357 27786 27491 7854 449 4147 70676 13 561 14367 11354 279 17631 5459 13 561 37714 25624 279 9506 13759 13 561 2235 6522 7854 264 23772 6321 13 357 28282 23235 279 2981 9057 13 357 2526 14882 7246 264 11012 72103 13 357 2526 14882 11354 449 4147 70676 13 561 12433 7246 279 11129 29262 13 357 28282 25624 2250 14527 6679 13 357 28282 7246 449 4147 70676 13 561 12433 25624 264 23772 6321 13 6056 36600 11693 279 2981 9057 13 357 27786 27491 11354 279 11129 29262 13 357 2526 14882 11693 279 11129 29262 13 561 13159 11693 279 2981 9057 13 6983 12050 11693 264 11012 72103 13 561 14367 25624 279 17631 5459 13 6056 36600 11693 2250 14527 6679 13 357 28282 7246 279 2981 9057 13 561 12433 11354 279 9506 13759 13 561 13159 25624 279 11129 29262 13 357 27786 27491 25624 264 11012 72103 13 357 27786 27491 11693 2250 14527 6679 13 6983 12050 11354 2250 14527 6679 13 357 28282 23235 264 11012 72103 13 561 14367 11693 279 2981 9057 13 561 12433 23235 264 11012 72103 13 6056 36600 7246 279 17631 5459 13 357 2526 14882 7854 279 9506 13759 13 561 14367 25624 2250 14527 6679 13 561 2235 6522 7246 279 2981 9057 13 357 2526 14882 7246 2250 14527 6679 13 6983 12050 11693 264 23772 6321 13 357 28282 11354 449 4147 70676 13 561 14367 49992 264 23772 6321 13 357 28282 25624 2250 14527 6679 13 561 14367 23235 279 9506 13759 13 357 28282 23235 279 2981 9057 13 6056 36600 49992 279 2981 9057 13 561 12433 16384 279 17631 5459 13 6056 36600 7246 279 9506 13759 13 561 13159 16384 264 11012 72103 13 357 28282 16384 2250 14527 6679 13 6983 12050 11693 449 4147 70676 13 561 37714 11693 449 4147 70676 13 357 27786 27491 11354 279 9506 13759 13 561 13159 23235 279 9506 13759 13 561 13159 25624 2250 14527 6679 13 357 2526 14882 7854 279 11129 29262 13 561 14367 16384 449 4147 70676 13 357 27786 27491 11354 264 11012 72103 13 6056 36600 7854 279 9506 13759 13 357 27786 27491 16384 449 4147 70676 13 561 2235 6522 23235 2250 14527 6679 13 357 28282 23235 279 9506 13759 13 6056 36600 11354 279 11129 29262 13 357 2526 14882 25624 279 11129 29262 13 561 2235 6522 49992 279 9506 13759 13 561 37714 11693 264 11012 72103 13 6983 12050 11354 279 9506 13759 13 561 2235 6522 7854 279 11129 29262 13 357 2526 14882 7246 264 23772 6321 13 561 2235 6522 11693 264 23772 6321 13 357 27786 27491 7854 279 11129 29262 13 6056 36600 23235 2250 14527 6679 13 561 2235 6522 7854 279 17631 5459 13 561 14367 7246 264 11012 72103 13 6983 12050 49992 279 11129 29262 13 357 2526 14882 25624 279 9506 13759 13 561 2235 6522 16384 279 9506 13759 13 357 28282 23235 449 4147 70676 13 561 12433 16384 264 23772 6321 13 561 12433 7854 279 17631 5459 13 6056 36600 49992 264 23772 6321 13 561 14367 11354 264 11012 72103 13 561 37714 7854 449 4147 70676 13 561 12433 7246 449 4147 70676 13 561 14367 23235 449 4147 70676 13 561 2235 6522 11354 279 11129 29262 13 561 2235 6522 11693 279 17631 5459 13 561 13159 7246 279 11129 29262 13 6983 12050 16384 279 17631 5459 13 561 13159 7854 264 11012 72103 13 561 13159 49992 264 23772 6321 13 561 12433 23235 279 2981 9057 13 357 27786 27491 49992 279 17631 5459 13 561 37714 23235 279 2981 9057 13 6983 12050 11354 279 2981 9057 13 561 12433 7246 279 11129 29262 13 561 14367 16384 279 9506 13759 13 357 2526 14882 7246 279 11129 29262 13 561 12433 49992 2250 14527 6679 13 357 27786 27491 23235 449 4147 70676 13 561 13159 25624 279 11129 29262 13 357 2526 14882 7854 264 23772 6321 13 561 13159 49992 279 11129 29262 13 357 28282 11693 449 4147 70676 13 561 37714 7854 279 2981 9057 13 357 2526 14882 11354 279 2981 9057 13 561 12433 49992 279 9506 13759 13 357 28282 16384 279 9506 13759 13 357 2526 14882 7854 279 11129 29262 13 357 28282 16384 449 4147 70676 13 561 14367 11354 279 11129 29262 13 357 2526 14882 23235 279 11129 29262 13 6983 12050 25624 264 11012 72103 13 357 27786 27491 7854 264 11012 72103 13 561 12433 7246 279 2981 9057 13 357 28282 7854 279 9506 13759 13 357 2526 14882 7854 279 9506 13759 13 6056 36600 23235 264 23772 6321 13 561 2235 6522 7246 279 9506 13759 13 561 12433 7246 2250 14527 6679 13 357 2526 14882 25624 279 9506 13759 13 357 28282 11354 2250 14527 6679 13 357 27786 27491 7854 279 9506 13759 13 6983 12050 16384 279 2981 9057 13 561 2235 6522 11693 2250 14527 6679 13 561 37714 25624 279 11129 29262 13 561 14367 7854 279 11129 29262 13 561 2235 6522 7854 279 11129 29262 13 357 28282 16384 2250 14527 6679 13 6983 12050 16384 264 11012 72103 13 357 2526 14882 25624 264 23772 6321 13 561 14367 25624 264 11012 72103 13 357 2526 14882 11693 279 17631 5459 13 6056 36600 7246 449 4147 70676 13 561 12433 11354 449 4147 70676 13 357 27786 27491 11354 279 17631 5459 13 561 37714 49992 264 11012 72103 13 6056 36600 11693 279 11129 29262 13 357 2526 14882 23235 2250 14527 6679 13 6983 12050 11693 279 11129 29262 13 357 27786 27491 11354 2250 14527 6679 13 561 2235 6522 11354 279 11129 29262 13 561 13159 23235 264 11012 72103 13 561 12433 25624 264 11012 72103 13 561 13159 7854 279 9506 13759 13 6983 12050 11354 264 23772 6321 13 561 37714 23235 279 11129 29262 13 357 28282 49992 279 2981 9057 13 561 13159 49992 449 4147 70676 13 6983 12050 23235 2250 14527 6679 13 357 28282 7854 279 2981 9057 13 561 12433 11693 264 11012 72103 13 561 37714 11354 449 4147 70676 13 6983 12050 11693 279 11129 29262 13 6983 12050 16384 279 17631 5459 13 357 27786 27491 11354 264 11012 72103 13 357 2526 14882 11693 279 9506 13759 13 561 14367 16384 264 23772 6321 13 561 2235 6522 23235 264 23772 6321 13 561 12433 25624 279 17631 5459 13 561 2235 6522 23235 279 9506 13759 13 561 14367 49992 264 11012 72103 13 357 2526 14882 25624 279 2981 9057 13 357 2526 14882 49992 449 4147 70676 13 357 28282 23235 264 23772 6321 13 6056 36600 7246 264 11012 72103 13 561 37714 16384 279 9506 13759 13 6983 12050 23235 279 11129 29262 13 561 14367 11693 279 11129 29262 13 561 37714 7854 279 9506 13759 13 561 2235 6522 7854 279 2981 9057 13 561 2235 6522 11354 264 11012 72103 13 6983 12050 7854 279 17631 5459 13 561 14367 25624 449 4147 70676 13 561 14367 11693 264 11012 72103 13 357 2526 14882 23235 449 4147 70676 13 6056 36600 11693 279 17631 5459 13 6983 12050 11693 264 23772 6321 13 561 13159 25624 264 11012 72103 13 357 27786 27491 7246 2250 14527 6679 13 6056 36600 49992 449 4147 70676 13 357 28282 11354 449 4147 70676 13 561 2235 6522 7854 2250 14527 6679 13 6056 36600 49992 279 2981 9057 13 357 28282 49992 279 9506 13759 13 357 28282 11693 2250 14527 6679 13 561 14367 7854 2250 14527 6679 13 561 14367 11693 264 11012 72103 13 6983 12050 11354 279 17631 5459 13 6056 36600 11354 279 9506 13759 13 6983 12050 11693 279 17631 5459 13 561 37714 7854 279 11129 29262 13 561 14367 7246 449 4147 70676 13 561 14367 49992 264 11012 72103 13 357 28282 7246 279 2981 9057 13 561 37714 7246 264 23772 6321 13 357 28282 7854 279 17631 5459 13 357 28282 11354 264 11012 72103 13 561 37714 25624 279 17631 5459 13 561 37714 16384 449 4147 70676 13 561 13159 11354 2250 14527 6679 13 561 14367 7246 449 4147 70676 13 6983 12050 25624 2250 14527 6679 13 561 13159 25624 264 11012 72103 13 561 37714 23235 264 11012 72103 13 357 28282 11693 264 11012 72103 13 357 28282 23235 279 11129 29262 13 561 12433 16384 279 11129 29262 13 561 2235 6522 49992 264 23772 6321 13 6983 12050 11354 264 11012 72103 13 357 28282 11354 264 11012 72103 13 357 27786 27491 11693 279 9506 13759 13 6056 36600 7854 2250 14527 6679 13 357 28282 11354 279 17631 5459 13 561 14367 7246 279 9506 13759 13 561 14367 7246 279 11129 29262 13 6056 36600 16384 279 2981 9057 13 561 12433 16384 264 23772 6321 13 561 14367 23235 279 9506 13759 13 357 28282 7246 449 4147 70676 13 561 2235 6522 49992 264 23772 6321 13 561 12433 11693 279 17631 5459 13 561 13159 11354 264 23772 6321 13 6983 12050 23235 264 23772 6321 13 561 14367 11693 264 23772 6321 13 357 28282 7246 264 11012 72103 13 561 14367 23235 279 9506 13759 13 357 2526 14882 23235 264 11012 72103 13 561 37714 25624 449 4147 70676 13 561 2235 6522 11693 279 17631 5459 13 561 37714 11693 279 9506 13759 13 561 37714 25624 2250 14527 6679 13 6983 12050 16384 279 17631 5459 13 561 12433 7854 264 11012 72103 13 561 2235 6522 49992 279 2981 9057 13 561 12433 7854 2250 14527 6679 13 357 2526 14882 16384 279 17631 5459 13 357 28282 11693 279 11129 29262 13 357 27786 27491 7246 264 11012 72103 13 357 27786 27491 25624 279 9506 13759 13 561 12433 25624 264 11012 72103 13 357 28282 11354 264 11012 72103 13 357 2526 14882 25624 279 2981 9057 13 561 37714 25624 449 4147 70676 13 561 37714 16384 449 4147 70676 13 561 2235 6522 25624 279 11129 29262 13 561 12433 7854 279 9506 13759 13 561 2235 6522 49992 264 11012 72103 13 6056 36600 23235 264 23772 6321 13 6983 12050 11354 279 9506 13759 13 6983 12050 25624 2250 14527 6679 13 357 2526 14882 23235 279 11129 29262 13 357 27786 27491 11354 2250 14527 6679 13 357 28282 25624 279 2981 9057 13 357 27786 27491 16384 279 11129 29262 13 561 2235 6522 11354 279 2981 9057 13 6056 36600 25624 279 17631 5459 13 561 13159 16384 264 11012 72103 13 357 27786 27491 11693 279 17631 5459 13 357 28282 16384 279 17631 5459 13 561 12433 7246 264 23772 6321 13 357 2526 14882 7246 279 2981 9057 13 357 2526 14882 16384 264 23772 6321 13 357 2526 14882 7246 264 11012 72103 13 6983 12050 7246 279 11129 29262 13 561 13159 11354 2250 14527 6679 13 6983 12050 11693 279 9506 13759 13 357 2526 14882 11693 449 4147 70676 13 561 12433 11354 279 17631 5459 13 357 28282 7854 264 23772 6321 13 6983 12050 16384 279 17631 5459 13 6056 36600 49992 449 4147 70676 13 357 28282 25624 449 4147 70676 13 561 37714 49992 264 11012 72103 13 561 13159 25624 449 4147 70676 13 6056 36600 7246 2250 14527 6679 13 561 13159 49992 279 17631 5459 13 357 28282 11693 264 11012 72103 13 561 12433 23235 449 4147 70676 13 6056 36600 11693 264 23772 6321 13 561 37714 11354 264 11012 72103 13 561 37714 11693 449 4147 70676 13 6983 12050 7854 264 11012 72103 13 561 14367 7854 279 17631 5459 13 6983 12050 7246 264 23772 6321 13 6983 12050 25624 264 11012 72103 13 6056 36600 16384 449 4147 70676 13 6056 36600 7246 264 11012 72103 13 6056 36600 23235 264 11012 72103 13 6983 12050 16384 264 23772 6321 13 357 28282 25624 449 4147 70676 13 6056 36600 16384 279 2981 9057 13 561 37714 11354 279 17631 5459 13 6056 36600 11354 2250 14527 6679 13 6056 36600 7246 264 23772 6321 13 561 2235 6522 7854 264 23772 6321 13 561 14367 23235 279 2981 9057 13 6983 12050 11354 449 4147 70676 13 357 28282 49992 2250 14527 6679 13 561 14367 16384 449 4147 70676 13 561 2235 6522 11693 279 11129 29262 13 357 2526 14882 11693 264 11012 72103 13 561 13159 11354 279 2981 9057 13 561 14367 23235 449 4147 70676 13 6983 12050 25624 449 4147 70676 13 357 2526 14882 49992 2250 14527 6679 13 357 27786 27491 11693 2250 14527 6679 13 6056 36600 11693 279 11129 29262 13 6056 36600 16384 2250 14527 6679 13 357 2526 14882 11354 279 9506 13759 13 561 2235 6522 23235 279 9506 13759 13 561 14367 23235 279 2981 9057 13 6983 12050 11354 279 2981 9057 13 357 27786 27491 16384 449 4147 70676 13 6056 36600 7854 279 2981 9057 13 561 12433 11693 264 11012 72103 13 561 12433 7854 279 2981 9057 13 561 2235 6522 7246 264 23772 6321 13 561 14367 7246 2250 14527 6679 13 561 13159 7246 264 11012 72103 13 357 27786 27491 49992 279 9506 13759 13 561 12433 11693 279 2981 9057 13 561 12433 7854 264 11012 72103 13 561 14367 7854 264 11012 72103 13 561 14367 16384 264 11012 72103 13 561 12433 7246 279 2981 9057 13 561 13159 25624 279 9506 13759 13 561 12433 25624 449 4147 70676 13 6983 12050 49992 264 23772 6321 13 561 37714 11693 279 9506 13759 13 357 28282 16384 279 9506 13759 13 561 2235 6522 16384 2250 14527 6679 13 561 13159 23235 279 11129 29262 13 357 28282 11354 449 4147 70676 13 6983 12050 23235 279 17631 5459 13 6056 36600 49992 264 23772 6321 13 561 2235 6522 49992 264 23772 6321 13 6983 12050 7854 264 11012 72103 13 6983 12050 7854 279 9506 13759 13 561 2235 6522 11693 264 23772 6321 13 357 2526 14882 7854 449 4147 70676 13 357 2526 14882 7246 2250 14527 6679 13 6983 12050 16384 264 11012 72103 13 561 14367 7246 279 9506 13759 13 357 27786 27491 7854 264 11012 72103 13 6056 36600 49992 264 23772 6321 13 357 27786 27491 23235 264 23772 6321 13 561 13159 23235 279 2981 9057 13 6056 36600 11354 279 2981 9057 13 561 13159 23235 264 11012 72103 13 561 12433 11693 2250 14527 6679 13 357 27786 27491 11693 264 23772 6321 13 561 12433 16384 279 2981 9057 13 357 28282 49992 279 17631 5459 13 6983 12050 11354 279 9506 13759 13 561 37714 16384 279 17631 5459 13 357 28282 11354 279 2981 9057 13 357 28282 11693 279 17631 5459 13 561 2235 6522 11693 279 2981 9057 13 561 12433 11693 279 17631 5459 13 561 14367 25624 264 11012 72103 13 357 28282 11693 279 2981 9057 13 6056 36600 23235 264 11012 72103 13 561 37714 23235 264 23772 6321 13 561 12433 7854 449 4147 70676 13 561 12433 23235 279 17631 5459 13 357 28282 16384 279 2981 9057 13 561 12433 25624 264 11012 72103 13 357 27786 27491 11354 279 11129 29262 13 561 2235 6522 23235 264 23772 6321 13 561 37714 49992 279 2981 9057 13 6983 12050 11354 279 2981 9057 13 561 13159 7854 279 11129 29262 13 561 14367 11693 279 11129 29262 13 357 28282 49992 264 11012 72103 13 357 28282 7246 2250 14527 6679 13 6056 36600 49992 2250 14527 6679 13 357 27786 27491 25624 449 4147 70676 13 357 27786 27491 7854 279 2981 9057 13 561 14367 11693 2250 14527 6679 13 357 28282 49992 2250 14527 6679 13 561 12433 7854 264 23772 6321 13 561 14367 11354 2250 14527 6679 13 561 14367 11693 279 11129 29262 13 6983 12050 49992 2250 14527 6679 13 561 2235 6522 11693 279 11129 29262 13 561 12433 7246 279 2981 9057 13 561 14367 11693 449 4147 70676 13 357 2526 14882 16384 279 9506 13759 13 357 2526 14882 16384 279 17631 5459 13 357 27786 27491 23235 264 11012 72103 13 561 12433 11354 264 23772 6321 13 561 37714 11693 279 2981 9057 13 561 2235 6522 11693 449 4147 70676 13 561 14367 11693 264 23772 6321 13 357 28282 23235 449 4147 70676 13 561 37714 16384 264 11012 72103 13 357 28282 25624 279 9506 13759 13 561 13159 49992 264 11012 72103 13 561 12433 11693 449 4147 70676 13 357 2526 14882 49992 279 9506 13759 13 357 2526 14882 49992 264 23772 6321 13 357 27786 27491 11354 264 11012 72103 13 6056 36600 25624 279 11129 29262 13 561 2235 6522 11354 279 2981 9057 13 357 28282 49992 279 17631 5459 13 561 12433 25624 264 23772 6321 13 561 13159 25624 279 2981 9057 13 561 13159 25624 279 17631 5459 13 561 14367 16384 279 2981 9057 13 561 37714 25624 264 11012 72103 13 357 2526 14882 7246 279 9506 13759 13 561 2235 6522 11693 279 2981 9057 13 561 13159 7854 264 23772 6321 13 357 2526 14882 25624 2250 14527 6679 13 6056 36600 25624 264 11012 72103 13 561 12433 7854 449 4147 70676 13 6983 12050 7246 279 11129 29262 13 6056 36600 7854 2250 14527 6679 13 561 2235 6522 11693 449 4147 70676 13 357 28282 23235 2250 14527 6679 13 561 14367 16384 449 4147 70676 13 561 2235 6522 23235 264 23772 6321 13 561 2235 6522 23235 2250 14527 6679 13 561 13159 11354 279 17631 5459 13 6983 12050 23235 279 17631 5459 13 561 12433 11354 279 17631 5459 13 357 2526 14882 11693 264 23772 6321 13 561 12433 23235 279 11129 29262 13 357 2526 14882 23235 279 9506 13759 13 561 13159 16384 264 11012 72103 13 6983 12050 11354 279 9506 13759 13 357 27786 27491 11693 279 17631 5459 13 561 2235 6522 7246 279 11129 29262 13 561 12433 23235 279 9506 13759 13 561 13159 16384 279 2981 9057 13 6983 12050 23235 279 17631 5459 13 357 2526 14882 7246 264 23772 6321 13 561 2235 6522 11354 449 4147 70676 13 357 2526 14882 49992 449 4147 70676 13 6983 12050 23235 264 23772 6321 13 6983 12050 25624 264 11012 72103 13 357 28282 23235 279 17631 5459 13 561 14367 11693 264 23772 6321 13 357 28282 25624 449 4147 70676 13 561 14367 11693 449 4147 70676 13 561 13159 16384 449 4147 70676 13 561 13159 16384 449 4147 70676 13 357 2526 14882 23235 279 11129 29262 13 357 2526 14882 25624 264 11012 72103 13 6056 36600 49992 279 9506 13759 13 561 14367 11693 2250 14527 6679 13 6983 12050 23235 264 23772 6321 13 357 28282 11354 449 4147 70676 13 357 27786 27491 7854 279 17631 5459 13 561 2235 6522 7854 264 11012 72103 13 561 2235 6522 16384 264 23772 6321 13 357 28282 11693 279 17631 5459 13 6983 12050 23235 279 9506 13759 13 561 2235 6522 7854 264 11012 72103 13 561 13159 11693 264 23772 6321 13 561 12433 23235 279 2981 9057 13 6056 36600 11354 279 2981 9057 13 357 27786 27491 7854 279 2981 9057 13 561 2235 6522 11354 264 11012 72103 13 357 27786 27491 23235 279 17631 5459 13 561 14367 11693 279 17631 5459 13 561 37714 11693 449 4147 70676 13 561 2235 6522 11693 279 2981 9057 13 561 2235 6522 49992 279 17631 5459 13 561 13159 7246 279 11129 29262 13 357 27786 27491 16384 2250 14527 6679 13 561 13159 11693 449 4147 70676 13 561 14367 25624 279 17631 5459 13 357 2526 14882 7246 2250 14527 6679 13 561 37714 16384 2250 14527 6679 13 561 37714 7246 2250 14527 6679 13 357 27786 27491 7246 2250 14527 6679 13 357 27786 27491 25624 449 4147 70676 13 357 27786 27491 11693 279 11129 29262 13 561 13159 11354 449 4147 70676 13 561 14367 49992 264 11012 72103 13 357 28282 7854 279 2981 9057 13 357 2526 14882 49992 279 2981 9057 13 6983 12050 23235 279 9506 13759 13 6983 12050 11693 2250 14527 6679 13 561 2235 6522 7854 264 23772 6321 13 357 27786 27491 7854 279 11129 29262 13 561 12433 7246 2250 14527 6679 13 6056 36600 25624 279 2981 9057 13 6983 12050 23235 264 11012 72103 13 561 37714 16384 279 2981 9057 13 561 13159 49992 449 4147 70676 13 357 27786 27491 49992 449 4147 70676 13 561 12433 49992 2250 14527 6679 13 6056 36600 7246 279 2981 9057 13 6983 12050 25624 264 23772 6321 13 561 13159 25624 279 9506 13759 13 357 28282 23235 279 9506 13759 13 357 2526 14882 23235 279 9506 13759 13 561 2235 6522 49992 279 17631 5459 13 561 14367 49992 264 23772 6321 13 561 37714 7854 279 9506 13759 13 357 27786 27491 16384 279 2981 9057 13 561 37714 11354 279 2981 9057 13 357 2526 14882 7854 264 23772 6321 13 357 27786 27491 11693 264 23772 6321 13 561 2235 6522 7854 279 2981 9057 13 561 12433 25624 279 2981 9057 13 561 14367 23235 449 4147 70676 13 6056 36600 49992 279 11129 29262 13 357 2526 14882 11354 264 23772 6321 13 561 37714 23235 449 4147 70676 13 357 28282 23235 279 11129 29262 13 561 13159 16384 279 17631 5459 13 357 2526 14882 7854 264 11012 72103 13 357 2526 14882 11354 279 11129 29262 13 357 2526 14882 16384 449 4147 70676 13 561 2235 6522 7854 279 17631 5459 13 357 28282 11693 2250 14527 6679 13 561 14367 7246 279 2981 9057 13 561 12433 11693 2250 14527 6679 13 561 14367 7854 279 11129 29262 13 357 28282 25624 279 2981 9057 13 561 37714 25624 279 2981 9057 13 561 13159 11693 279 17631 5459 13 6056 36600 7854 279 9506 13759 13 357 28282 7246 279 2981 9057 13 561 12433 11354 264 11012 72103 13 561 14367 7246 264 11012 72103 13 561 14367 11354 264 23772 6321 13 561 2235 6522 25624 449 4147 70676 13 561 2235 6522 25624 279 2981 9057 13 6983 12050 23235 2250 14527 6679 13 357 2526 14882 25624 279 9506 13759 13 357 2526 14882 7854 279 9506 13759 13 561 12433 49992 2250 14527 6679 13 6056 36600 11354 279 2981 9057 13 561 2235 6522 7246 279 2981 9057 13 357 2526 14882 11354 449 4147 70676 13 561 37714 11354 449 4147 70676 13 561 37714 11354 449 4147 70676 13 6056 36600 11354 264 23772 6321 13 561 13159 7246 279 17631 5459 13 561 37714 7246 449 4147 70676 13 561 2235 6522 7854 279 2981 9057 13 561 14367 11354 264 23772 6321 13 561 13159 11693 279 9506 13759 13 561 13159 23235 449 4147 70676 13 357 27786 27491 7246 264 23772 6321 13 561 13159 11693 279 11129 29262 13 6983 12050 11354 264 23772 6321 13 357 2526 14882 16384 264 23772 6321 13 561 2235 6522 49992 279 11129 29262 13 357 28282 49992 279 17631 5459 13 561 2235 6522 7854 264 11012 72103 13 357 27786 27491 7854 279 11129 29262 13 357 27786 27491 7854 279 17631 5459 13 357 28282 7246 264 11012 72103 13 561 13159 16384 264 11012 72103 13 357 27786 27491 7854 449 4147 70676 13 561 12433 25624 449 4147 70676 13 357 2526 14882 25624 279 17631 5459 13 6056 36600 16384 2250 14527 6679 13 357 28282 16384 279 11129 29262 13 357 2526 14882 11693 279 9506 13759 13 357 27786 27491 16384 449 4147 70676 13 357 2526 14882 7854 449 4147 70676 13 357 28282 11354 279 2981 9057 13 561 12433 11354 279 2981 9057 13 357 2526 14882 7854 2250 14527 6679 13 561 12433 11354 449 4147 70676 13 6056 36600 11354 264 11012 72103 13 357 28282 11354 2250 14527 6679 13 6056 36600 49992 264 11012 72103 13 561 12433 23235 279 2981 9057 13 561 2235 6522 25624 279 2981 9057 13 561 37714 16384 264 23772 6321 13 561 2235 6522 7246 2250 14527 6679 13 6056 36600 11693 279 11129 29262 13 561 12433 11354 2250 14527 6679 13 561 2235 6522 16384 264 11012 72103 13 561 13159 49992 2250 14527 6679 13 357 28282 7854 449 4147 70676 13 357 2526 14882 11354 279 9506 13759 13 6983 12050 49992 449 4147 70676 13 561 37714 11693 279 11129 29262 13 561 2235 6522 25624 264 23772 6321 13 561 13159 7246 279 2981 9057 13 6056 36600 49992 449 4147 70676 13 561 12433 23235 264 11012 72103 13 561 37714 49992 264 23772 6321 13 561 2235 6522 23235 264 11012 72103 13 357 2526 14882 7854 264 11012 72103 13 561 2235 6522 49992 279 11129 29262 13 357 2526 14882 7854 279 2981 9057 13 357 2526 14882 11354 264 23772 6321 13 6983 12050 49992 264 11012 72103 13 561 12433 49992 264 23772 6321 13 357 27786 27491 23235 449 4147 70676 13 6983 12050 7246 264 23772 6321 13 6983 12050 11693 279 11129 29262 13 561 12433 11693 264 11012 72103 13 561 13159 11354 2250 14527 6679 13 561 37714 25624 2250 14527 6679 13 561 37714 25624 2250 14527 6679 13 357 28282 16384 264 11012 72103 13 6983 12050 11354 279 11129 29262 13 561 14367 7854 264 11012 72103 13 561 12433 23235 279 17631 5459 13 561 37714 7854 264 23772 6321 13 357 27786 27491 7246 279 17631 5459 13 357 27786 27491 11693 279 2981 9057 13 6983 12050 25624 2250 14527 6679 13 357 28282 16384 264 23772 6321 13 561 13159 7854 279 17631 5459 13 357 28282 7854 264 11012 72103 13 561 12433 7246 279 9506 13759 13 357 2526 14882 11354 279 17631 5459 13 561 14367 7854 279 9506 13759 13 561 2235 6522 23235 264 23772 6321 13 561 37714 7246 264 23772 6321 13 357 2526 14882 16384 279 2981 9057 13 561 2235 6522 7246 279 2981 9057 13 561 2235 6522 25624 264 11012 72103 13 561 2235 6522 16384 264 11012 72103 13 561 37714 49992 279 9506 13759 13 6056 36600 11354 279 17631 5459 13 6983 12050 7854 279 2981 9057 13 6983 12050 11354 2250 14527 6679 13 357 2526 14882 11693 264 11012 72103 13 6056 36600 7854 279 9506 13759 13 357 2526 14882 49992 279 17631 5459 13 6983 12050 11354 449 4147 70676 13 561 37714 11693 279 17631 5459 13 357 27786 27491 7246 2250 14527 6679 13 357 28282 16384 264 11012 72103 13 357 2526 14882 25624 264 23772 6321 13 357 28282 7854 279 11129 29262 13 357 28282 49992 2250 14527 6679 13 561 2235 6522 7246 279 11129 29262 13 561 13159 23235 264 11012 72103 13 561 37714 7854 279 2981 9057 13 357 27786 27491 11354 449 4147 70676 13 357 28282 7246 279 17631 5459 13 561 12433 11354 264 23772 6321 13 561 14367 25624 2250 14527 6679 13 561 37714 7854 279 2981 9057 13 6983 12050 11693 279 9506 13759 13 561 12433 49992 264 11012 72103 13 6983 12050 49992 279 17631 5459 13 6983 12050 7854 264 11012 72103 13 6983 12050 7854 264 11012 72103 13 561 37714 16384 264 23772 6321 13 357 2526 14882 11693 279 11129 29262 13 357 2526 14882 11693 279 17631 5459 13 561 13159 7854 279 9506 13759 13 357 28282 7246 264 11012 72103 13 357 28282 11354 2250 14527 6679 13 561 12433 25624 279 9506 13759 13 561 37714 49992 279 11129 29262 13 6983 12050 25624 449 4147 70676 13 357 27786 27491 49992 279 11129 29262 13 357 28282 49992 279 2981 9057 13 561 2235 6522 25624 449 4147 70676 13 561 13159 7246 279 17631 5459 13 561 2235 6522 11354 264 11012 72103 13 357 28282 23235 2250 14527 6679 13 561 14367 11693 279 11129 29262 13 357 2526 14882 7246 264 23772 6321 13 561 13159 16384 279 2981 9057 13 6056 36600 49992 279 2981 9057 13 561 14367 7246 264 11012 72103 13 561 37714 7854 2250 14527 6679 13 561 2235 6522 16384 264 11012 72103 13 357 28282 7854 264 11012 72103 13 6983 12050 11354 279 2981 9057 13 561 14367 23235 264 11012 72103 13 561 12433 23235 449 4147 70676 13 357 27786 27491 11693 279 11129 29262 13 561 37714 11693 449 4147 70676 13 357 2526 14882 7246 264 23772 6321 13 357 2526 14882 11693 279 11129 29262 13 561 37714 7246 279 17631 5459 13 561 13159 7854 279 2981 9057 13 561 14367 16384 279 11129 29262 13 357 28282 49992 264 23772 6321 13 561 37714 49992 2250 14527 6679 13 561 37714 7854 279 11129 29262 13 561 12433 7854 279 17631 5459 13 561 12433 49992 264 23772 6321 13 6983 12050 49992 264 23772 6321 13 561 12433 49992 264 23772 6321 13 357 28282 23235 2250 14527 6679 13 6983 12050 7854 279 11129 29262 13 357 2526 14882 11354 279 11129 29262 13 561 37714 11354 264 23772 6321 13 357 2526 14882 7854 279 17631 5459 13 561 13159 16384 2250 14527 6679 13 357 2526 14882 23235 449 4147 70676 13 357 28282 7246 449 4147 70676 13 357 28282 23235 2250 14527 6679 13 561 12433 49992 279 17631 5459 13 561 2235 6522 23235 279 9506 13759 13 6056 36600 16384 279 9506 13759 13 561 2235 6522 23235 279 2981 9057 13 561 2235 6522 7246 264 23772 6321 13 561 12433 11354 2250 14527 6679 13 357 2526 14882 11354 279 2981 9057 13 561 14367 7854 279 9506 13759 13 6983 12050 7246 264 23772 6321 13 561 37714 25624 264 11012 72103 13 561 12433 49992 279 9506 13759 13 357 27786 27491 16384 279 17631 5459 13 561 13159 7854 279 2981 9057 13 561 13159 11354 264 23772 6321 13 357 28282 23235 264 23772 6321 13 561 2235 6522 11354 2250 14527 6679 13 6983 12050 11354 2250 14527 6679 13 561 12433 25624 2250 14527 6679 13 6983 12050 11693 449 4147 70676 13 357 27786 27491 23235 264 11012 72103 13 561 14367 23235 264 11012 72103 13 561 37714 49992 264 11012 72103 13 6983 12050 11693 449 4147 70676 13 561 12433 7854 264 23772 6321 13 561 14367 11693 264 11012 72103 13 357 2526 14882 7854 2250 14527 6679 13 561 13159 11693 264 23772 6321 13 357 27786 27491 11693 279 9506 13759 13 561 14367 16384 279 11129 29262 13 6056 36600 49992 449 4147 70676 13 561 14367 11354 279 9506 13759 13 6056 36600 11693 279 2981 9057 13 357 27786 27491 49992 279 9506 13759 13 561 2235 6522 25624 279 11129 29262 13 6056 36600 25624 279 11129 29262 13 6056 36600 11693 279 17631 5459 13 357 28282 25624 264 11012 72103 13 561 2235 6522 23235 279 17631 5459 13 561 13159 7854 449 4147 70676 13 561 12433 23235 264 23772 6321 13 561 2235 6522 25624 449 4147 70676 13 357 28282 23235 279 11129 29262 13 561 37714 11693 2250 14527 6679 13 561 13159 23235 264 23772 6321 13 357 27786 27491 16384 279 11129 29262 13 357 28282 23235 264 11012 72103 13 357 2526 14882 23235 279 2981 9057 13 357 2526 14882 25624 264 23772 6321 13 561 2235 6522 7854 279 17631 5459 13 357 2526 14882 11693 279 9506 13759 13 561 14367 7246 2250 14527 6679 13 561 37714 49992 264 23772 6321 13 561 13159 16384 2250 14527 6679 13 561 2235 6522 49992 279 2981 9057 13 357 2526 14882 11354 279 17631 5459 13 561 13159 11693 264 23772 6321 13 561 13159 11354 449 4147 70676 13 561 37714 49992 2250 14527 6679 13 561 37714 7246 264 11012 72103 13 561 2235 6522 7246 279 11129 29262 13 561 37714 7246 279 2981 9057 13 561 37714 23235 279 11129 29262 13 561 37714 7246 449 4147 70676 13 357 27786 27491 25624 279 2981 9057 13 561 12433 16384 279 11129 29262 13 6983 12050 11693 449 4147 70676 13 357 2526 14882 7246 264 23772 6321 13 6056 36600 49992 279 2981 9057 13 561 14367 25624 264 11012 72103 13 357 27786 27491 11354 279 2981 9057 13 561 12433 25624 279 2981 9057 13 561 37714 11354 279 17631 5459 13 357 27786 27491 11693 449 4147 70676 13 357 28282 49992 2250 14527 6679 13 561 2235 6522 11693 264 23772 6321 13 357 2526 14882 11354 279 2981 9057 13 357 2526 14882 23235 264 11012 72103 13 357 28282 11354 264 11012 72103 13 561 14367 7246 279 11129 29262 13 561 12433 16384 264 11012 72103 13 6983 12050 49992 279 11129 29262 13 561 37714 11354 279 17631 5459 13 561 12433 11693 279 11129 29262 13 357 28282 49992 279 2981 9057 13 561 13159 49992 279 9506 13759 13 6056 36600 11693 2250 14527 6679 13 561 12433 16384 2250 14527 6679 13 561 2235 6522 16384 279 9506 13759 13 561 14367 11693 264 11012 72103 13 6983 12050 49992 264 23772 6321 13 6056 36600 23235 449 4147 70676 13 561 14367 23235 279 9506 13759 13 6983 12050 7246 264 23772 6321 13 6056 36600 7854 279 2981 9057 13 561 37714 7246 279 9506 13759 13 561 2235 6522 49992 2250 14527 6679 13 6983 12050 11693 264 23772 6321 13 357 27786 27491 25624 279 11129 29262 13 561 12433 23235 264 11012 72103 13 6056 36600 16384 279 9506 13759 13 357 27786 27491 11693 264 23772 6321 13 561 13159 11354 279 11129 29262 13 561 12433 7246 279 2981 9057 13 561 2235 6522 16384 264 11012 72103 13 561 13159 49992 279 9506 13759 13 561 13159 11693 264 11012 72103 13 561 2235 6522 7854 279 2981 9057 13 561 37714 7246 264 23772 6321 13 6983 12050 7854 279 9506 13759 13 561 12433 7246 264 11012 72103 13 561 2235 6522 11693 279 2981 9057 13 6056 36600 11693 449 4147 70676 13 561 37714 49992 264 11012 72103 13 561 14367 11693 449 4147 70676 13 561 14367 25624 279 9506 13759 13 6983 12050 16384 2250 14527 6679 13 357 27786 27491 7246 264 23772 6321 13 357 2526 14882 25624 449 4147 70676 13 357 28282 7246 279 11129 29262 13 561 2235 6522 16384 264 11012 72103 13 561 14367 11354 2250 14527 6679 13 6983 12050 11693 264 11012 72103 13 561 12433 16384 264 11012 72103 13 561 12433 49992 279 2981 9057 13 561 12433 11354 279 11129 29262 13 6056 36600 11693 264 23772 6321 13 6983 12050 7854 264 11012 72103 13 6983 12050 11354 264 11012 72103 13 357 2526 14882 25624 449 4147 70676 13 6056 36600 11354 2250 14527 6679 13 6983 12050 23235 279 17631 5459 13 357 2526 14882 7854 279 9506 13759 13 561 37714 7854 2250 14527 6679 13 561 12433 7854 264 11012 72103 13 357 27786 27491 49992 279 9506 13759 13 357 27786 27491 49992 279 11129 29262 13 561 2235 6522 7854 279 9506 13759 13 6983 12050 11354 2250 14527 6679 13 6056 36600 11693 264 11012 72103 13 357 28282 23235 279 9506 13759 13 561 14367 11354 279 11129 29262 13 6056 36600 7246 2250 14527 6679 13 6056 36600 7246 279 11129 29262 13 561 13159 11693 279 2981 9057 13 561 13159 11354 279 11129 29262 13 561 14367 7854 449 4147 70676 13 357 2526 14882 11693 264 23772 6321 13 357 28282 7246 279 17631 5459 13 357 28282 16384 279 17631 5459 13 561 12433 16384 279 2981 9057 13 357 28282 25624 264 11012 72103 13 561 12433 11354 264 23772 6321 13 561 2235 6522 7854 279 9506 13759 13 357 28282 25624 449 4147 70676 13 561 12433 49992 449 4147 70676 13 561 13159 25624 279 9506 13759 13 6983 12050 7854 2250 14527 6679 13 357 2526 14882 49992 279 9506 13759 13 561 13159 16384 264 11012 72103 13 357 27786 27491 11354 449 4147 70676 13 561 12433 11693 279 2981 9057 13 6056 36600 7854 279 11129 29262 13 357 2526 14882 7246 279 2981 9057 13 561 13159 7246 279 11129 29262 13 6983 12050 25624 279 17631 5459 13 561 13159 25624 279 17631 5459 13 357 27786 27491 49992 279 11129 29262 13 357 27786 27491 49992 264 11012 72103 13 357 28282 25624 279 9506 13759 13 561 12433 11354 279 9506 13759 13 357 2526 14882 7246 449 4147 70676 13 357 28282 11354 279 17631 5459 13 561 2235 6522 11693 264 11012 72103 13 357 28282 11693 264 11012 72103 13 561 2235 6522 16384 279 9506 13759 13 6056 36600 16384 2250 14527 6679 13 357 2526 14882 11354 264 11012 72103 13 561 37714 7854 279 11129 29262 13 357 27786 27491 11354 264 11012 72103 13 357 28282 7854 264 11012 72103 13 357 27786 27491 11693 279 11129 29262 13 6056 36600 16384 279 2981 9057 13 357 27786 27491 7854 279 17631 5459 13 561 12433 49992 264 23772 6321 13 561 12433 16384 264 11012 72103 13 357 28282 49992 264 23772 6321 13 6983 12050 23235 264 11012 72103 13 357 2526 14882 16384 279 11129 29262 13 357 2526 14882 11693 279 9506 13759 13 561 37714 16384 2250 14527 6679 13 561 13159 49992 279 11129 29262 13 357 27786 27491 11693 279 2981 9057 13 561 37714 7246 279 17631 5459 13 357 28282 16384 279 2981 9057 13 357 2526 14882 16384 2250 14527 6679 13 561 13159 49992 279 2981 9057 13 357 28282 16384 264 11012 72103 13 561 2235 6522 49992 279 9506 13759 13 561 14367 11693 279 9506 13759 13 561 13159 7854 2250 14527 6679 13 357 2526 14882 16384 279 9506 13759 13 357 27786 27491 7854 279 9506 13759 13 6983 12050 7854 279 2981 9057 13 561 37714 23235 449 4147 70676 13 561 14367 25624 2250 14527 6679 13 357 28282 7246 264 23772 6321 13 561 12433 49992 449 4147 70676 13 357 2526 14882 16384 264 23772 6321 13 561 2235 6522 7246 279 2981 9057 13 357 28282 7246 2250 14527 6679 13 6056 36600 23235 264 11012 72103 13 561 37714 7246 279 2981 9057 13 561 37714 11693 264 23772 6321 13 561 12433 16384 264 11012 72103 13 561 12433 11693 279 9506 13759 13 561 14367 7854 2250 14527 6679 13 561 13159 49992 279 17631 5459 13 6056 36600 7854 279 17631 5459 13 357 28282 11693 279 9506 13759 13 561 12433 11693 279 17631 5459 13 357 27786 27491 25624 449 4147 70676 13 561 13159 25624 2250 14527 6679 13 6056 36600 16384 2250 14527 6679 13 561 14367 23235 279 17631 5459 13 357 28282 11354 449 4147 70676 13 561 37714 7246 279 9506 13759 13 561 2235 6522 49992 279 11129 29262 13 357 2526 14882 7854 279 2981 9057 13 6983 12050 25624 264 23772 6321 13 357 27786 27491 7854 2250 14527 6679 13 561 12433 23235 279 17631 5459 13 561 37714 23235 264 11012 72103 13 561 14367 23235 279 11129 29262 13 561 12433 16384 279 9506 13759 13 561 37714 49992 449 4147 70676 13 6056 36600 49992 264 23772 6321 13 357 28282 7246 264 11012 72103 13 6983 12050 7246 2250 14527 6679 13 561 2235 6522 11693 449 4147 70676 13 357 2526 14882 11693 264 23772 6321 13 6056 36600 49992 279 17631 5459 13 561 2235 6522 11354 279 2981 9057 13 6056 36600 25624 264 11012 72103 13 6056 36600 11354 279 17631 5459 13 6056 36600 7854 264 11012 72103 13 561 13159 11693 279 2981 9057 13 561 14367 7854 2250 14527 6679 13 357 2526 14882 16384 449 4147 70676 13 561 13159 7854 279 17631 5459 13 561 37714 11354 264 23772 6321 13 561 14367 7854 2250 14527 6679 13 6983 12050 23235 279 17631 5459 13 561 14367 25624 279 17631 5459 13 561 13159 49992 449 4147 70676 13 357 2526 14882 25624 279 9506 13759 13 357 27786 27491 23235 279 17631 5459 13 561 13159 16384 279 9506 13759 13 357 27786 27491 25624 449 4147 70676 13 561 37714 7854 264 11012 72103 13 6056 36600 25624 279 9506 13759 13 357 28282 49992 279 9506 13759 13 561 37714 11354 264 11012 72103 13 357 27786 27491 49992 279 11129 29262 13 561 14367 7854 279 11129 29262 13 561 14367 49992 2250 14527 6679 13 357 2526 14882 49992 279 9506 13759 13 357 28282 16384 279 17631 5459 13 357 2526 14882 16384 2250 14527 6679 13 357 27786 27491 7854 279 17631 5459 13 561 13159 49992 279 2981 9057 13 357 27786 27491 49992 279 11129 29262 13 561 37714 11354 279 11129 29262 13 561 14367 7246 264 23772 6321 13 561 14367 11693 279 17631 5459 13 561 2235 6522 16384 2250 14527 6679 13 561 13159 11693 264 23772 6321 13 357 27786 27491 7246 264 11012 72103 13 6983 12050 49992 279 9506 13759 13 357 2526 14882 7246 449 4147 70676 13 561 2235 6522 16384 264 23772 6321 13 561 14367 16384 449 4147 70676 13 561 14367 25624 279 2981 9057 13 561 14367 7854 264 11012 72103 13 357 2526 14882 23235 264 11012 72103 13 561 2235 6522 7854 279 2981 9057 13 561 12433 11354 264 11012 72103 13 6056 36600 7246 449 4147 70676 13 357 28282 11693 279 2981 9057 13 561 12433 11693 279 17631 5459 13 561 14367 16384 264 11012 72103 13 561 2235 6522 49992 264 23772 6321 13 561 2235 6522 7246 264 23772 6321 13 561 13159 7246 449 4147 70676 13 561 12433 16384 279 2981 9057 13 561 2235 6522 23235 279 2981 9057 13 6983 12050 11354 264 11012 72103 13 6983 12050 16384 279 17631 5459 13 561 12433 23235 264 11012 72103 13 561 12433 49992 279 2981 9057 13 6056 36600 25624 264 11012 72103 13 357 2526 14882 7854 279 2981 9057 13 561 2235 6522 11693 264 11012 72103 13 561 14367 25624 279 9506 13759 13 357 28282 7246 2250 14527 6679 13 6056 36600 11354 279 9506 13759 13 6056 36600 25624 279 17631 5459 13 561 13159 23235 2250 14527 6679 13 6983 12050 7854 264 23772 6321 13 6056 36600 23235 279 2981 9057 13 561 13159 25624 279 11129 29262 13 561 13159 16384 279 11129 29262 13 357 28282 11693 279 9506 13759 13 357 2526 14882 49992 279 11129 29262 13 6983 12050 49992 279 11129 29262 13 561 13159 25624 264 11012 72103 13 6056 36600 25624 449 4147 70676 13 561 13159 16384 449 4147 70676 13 561 12433 7854 264 11012 72103 13 6983 12050 7246 279 9506 13759 13 6983 12050 11354 449 4147 70676 13 561 13159 23235 279 9506 13759 13 357 28282 25624 279 9506 13759 13 561 2235 6522 16384 279 9506 13759 13 561 37714 7246 279 11129 29262 13 357 2526 14882 49992 449 4147 70676 13 561 12433 49992 279 2981 9057 13 561 2235 6522 16384 279 17631 5459 13 561 13159 11354 279 11129 29262 13 561 37714 49992 264 23772 6321 13 6983 12050 7854 279 17631 5459 13 6056 36600 7854 2250 14527 6679 13 357 28282 25624 2250 14527 6679 13 561 12433 7854 2250 14527 6679 13 561 13159 23235 449 4147 70676 13 561 13159 23235 279 9506 13759 13 357 28282 11693 264 11012 72103 13 561 12433 25624 449 4147 70676 13 561 13159 23235 279 9506 13759 13 561 2235 6522 11693 279 9506 13759 13 357 2526 14882 16384 279 9506 13759 13 357 2526 14882 49992 449 4147 70676 13 561 14367 49992 2250 14527 6679 13 561 14367 7246 279 17631 5459 13 357 2526 14882 16384 264 11012 72103 13 6983 12050 11693 449 4147 70676 13 561 12433 49992 279 9506 13759 13 561 37714 25624 279 17631 5459 13 357 28282 7246 2250 14527 6679 13 357 28282 7854 279 2981 9057 13 561 37714 16384 264 23772 6321 13 357 28282 7246 264 23772 6321 13 561 13159 11693 264 11012 72103 13 561 14367 25624 449 4147 70676 13 357 2526 14882 11354 279 9506 13759 13 561 12433 23235 449 4147 70676 13 6983 12050 16384 279 2981 9057 13 6056 36600 7246 279 2981 9057 13 6056 36600 23235 279 2981 9057 13 357 27786 27491 7854 264 11012 72103 13 6983 12050 16384 264 23772 6321 13 561 12433 11693 264 11012 72103 13 561 37714 23235 279 9506 13759 13 6983 12050 23235 279 17631 5459 13 561 14367 49992 279 9506 13759 13 357 2526 14882 16384 449 4147 70676 13 6983 12050 11693 279 11129 29262 13 6983 12050 23235 449 4147 70676 13 357 27786 27491 23235 279 9506 13759 13 357 28282 11354 279 17631 5459 13 357 27786 27491 7854 264 23772 6321 13 6056 36600 11693 279 9506 13759 13 561 37714 11693 449 4147 70676 13 561 14367 49992 2250 14527 6679 13 357 2526 14882 49992 279 17631 5459 13 561 12433 16384 279 2981 9057 13 6056 36600 11693 279 11129 29262 13 561 37714 49992 279 2981 9057 13 6983 12050 16384 279 9506 13759 13 357 2526 14882 11354 264 11012 72103 13 561 12433 23235 2250 14527 6679 13 357 27786 27491 7246 279 2981 9057 13 561 13159 16384 264 11012 72103 13 357 2526 14882 7246 264 11012 72103 13 561 12433 16384 279 9506 13759 13 561 12433 49992 279 11129 29262 13 561 37714 23235 279 11129 29262 13 561 14367 11693 264 23772 6321 13 6983 12050 23235 2250 14527 6679 13 561 13159 16384 264 23772 6321 13 561 14367 16384 279 11129 29262 13 561 14367 16384 279 2981 9057 13 6983 12050 23235 264 11012 72103 13 357 2526 14882 23235 264 11012 72103 13 561 37714 7246 279 9506 13759 13 561 12433 25624 449 4147 70676 13 6056 36600 16384 264 23772 6321 13 561 37714 11354 264 23772 6321 13 561 13159 16384 279 2981 9057 13 6056 36600 49992 264 23772 6321 13 561 2235 6522 11693 279 11129 29262 13 357 27786 27491 25624 2250 14527 6679 13 6983 12050 11693 279 17631 5459 13 6983 12050 11693 279 2981 9057 13 561 37714 49992 264 23772 6321 13 6056 36600 23235 279 17631 5459 13 6983 12050 11693 279 9506 13759 13 561 37714 49992 2250 14527 6679 13 561 14367 23235 279 17631 5459 13 357 28282 16384 264 23772 6321 13 357 28282 49992 279 2981 9057 13 561 37714 7246 264 11012 72103 13 561 37714 7246 279 9506 13759 13 561 2235 6522 16384 2250 14527 6679 13 357 27786 27491 23235 449 4147 70676 13 357 28282 49992 264 23772 6321 13 561 13159 11693 264 23772 6321 13 561 14367 49992 449 4147 70676 13 6983 12050 11693 264 11012 72103 13 6056 36600 11693 264 11012 72103 13 357 2526 14882 7246 264 11012 72103 13 6983 12050 23235 264 23772 6321 13 357 28282 7854 264 11012 72103 13 561 37714 11354 279 11129 29262 13 561 13159 49992 449 4147 70676 13 561 12433 23235 279 11129 29262 13 561 37714 11354 2250 14527 6679 13 6056 36600 7246 264 11012 72103 13 6983 12050 23235 279 9506 13759 13 6983 12050 25624 264 11012 72103 13 561 37714 11354 279 2981 9057 13 561 14367 49992 449 4147 70676 13 357 27786 27491 16384 279 11129 29262 13 561 14367 7854 279 11129 29262 13 561 37714 11354 279 11129 29262 13 561 2235 6522 49992 2250 14527 6679 13 6983 12050 11693 279 2981 9057 13 561 14367 16384 279 2981 9057 13 6056 36600 7854 264 23772 6321 13 561 14367 7854 279 9506 13759 13 561 14367 25624 449 4147 70676 13 357 27786 27491 11354 279 9506 13759 13 561 2235 6522 49992 449 4147 70676 13 561 2235 6522 7246 279 9506 13759 13 561 2235 6522 7854 279 11129 29262 13 561 12433 25624 2250 14527 6679 13 357 28282 49992 264 23772 6321 13 357 27786 27491 25624 279 2981 9057 13 561 37714 11693 279 2981 9057 13 561 14367 25624 264 23772 6321 13 6983 12050 23235 2250 14527 6679 13 357 28282 11354 279 9506 13759 13 561 2235 6522 11354 264 11012 72103 13 6056 36600 49992 2250 14527 6679 13 561 13159 16384 2250 14527 6679 13 561 2235 6522 49992 449 4147 70676 13 561 2235 6522 11354 264 23772 6321 13 561 37714 11693 264 23772 6321 13 357 28282 11693 449 4147 70676 13 357 28282 25624 264 23772 6321 13 561 37714 7246 279 17631 5459 13 561 12433 11354 449 4147 70676 13 357 27786 27491 7854 279 17631 5459 13 561 2235 6522 23235 279 9506 13759 13 561 13159 25624 279 9506 13759 13 6983 12050 23235 279 9506 13759 13 561 2235 6522 7854 279 11129 29262 13 357 2526 14882 16384 264 11012 72103 13 6056 36600 11354 264 23772 6321 13 357 28282 7854 449 4147 70676 13 6056 36600 7246 264 11012 72103 13 357 2526 14882 11354 2250 14527 6679 13 357 27786 27491 11354 279 2981 9057 13 561 14367 16384 449 4147 70676 13 357 2526 14882 11354 2250 14527 6679 13 6983 12050 49992 279 11129 29262 13 6056 36600 49992 279 9506 13759 13 357 28282 11693 279 2981 9057 13 357 2526 14882 25624 264 23772 6321 13 357 27786 27491 49992 279 2981 9057 13 561 14367 7854 2250 14527 6679 13 357 28282 49992 449 4147 70676 13 357 27786 27491 7246 264 11012 72103 13 357 27786 27491 11354 279 9506 13759 13 561 13159 11693 264 11012 72103 13 357 27786 27491 11693 449 4147 70676 13 357 2526 14882 11693 264 23772 6321 13 357 28282 49992 279 2981 9057 13 561 37714 23235 264 11012 72103 13 357 2526 14882 11354 264 11012 72103 13 561 12433 7854 279 2981 9057 13 561 37714 23235 279 17631 5459 13 6056 36600 25624 264 23772 6321 13 561 37714 11693 279 2981 9057 13 561 12433 7246 279 11129 29262 13 561 12433 16384 449 4147 70676 13 561 2235 6522 16384 279 11129 29262 13 6056 36600 11693 279 2981 9057 13 357 27786 27491 11693 449 4147 70676 13 561 2235 6522 11693 264 23772 6321 13 561 2235 6522 7854 279 11129 29262 13 561 13159 49992 279 9506 13759 13 561 2235 6522 23235 279 17631 5459 13 561 13159 16384 279 2981 9057 13 561 37714 23235 2250 14527 6679 13 561 13159 16384 279 2981 9057 13 561 2235 6522 23235 449 4147 70676 13 561 37714 11693 279 2981 9057 13 561 2235 6522 23235 279 11129 29262 13 561 14367 7854 279 2981 9057 13 357 28282 16384 264 11012 72103 13 6983 12050 25624 279 11129 29262 13 561 37714 49992 264 23772 6321 13 357 27786 27491 11693 279 11129 29262 13 561 12433 23235 279 17631 5459 13 357 27786 27491 25624 279 17631 5459 13 561 14367 7246 279 11129 29262 13 561 37714 25624 279 9506 13759 13 6983 12050 11693 449 4147 70676 13 561 37714 23235 449 4147 70676 13 561 14367 16384 279 11129 29262 13 357 28282 7854 264 23772 6321 13 561 37714 16384 264 11012 72103 13 6983 12050 23235 279 11129 29262 13 561 12433 16384 264 11012 72103 13 6983 12050 11354 264 11012 72103 13 357 27786 27491 7854 264 23772 6321 13 357 27786 27491 7246 279 9506 13759 13 357 2526 14882 16384 2250 14527 6679 13 561 2235 6522 16384 279 2981 9057 13 357 27786 27491 25624 279 2981 9057 13 561 14367 11693 264 23772 6321 13 561 37714 49992 279 2981 9057 13 561 37714 7854 449 4147 70676 13 561 2235 6522 11354 264 23772 6321 13 357 28282 11354 264 23772 6321 13 561 2235 6522 11354 279 17631 5459 13 561 2235 6522 7246 279 11129 29262 13 561 12433 25624 279 2981 9057 13 561 13159 7246 279 11129 29262 13 357 2526 14882 7246 279 2981 9057 13 6056 36600 7246 449 4147 70676 13 561 13159 7246 279 2981 9057 13 561 12433 7854 279 2981 9057 13 561 37714 23235 2250 14527 6679 13 561 13159 23235 264 11012 72103 13 561 37714 23235 449 4147 70676 13 357 28282 25624 279 11129 29262 13 357 27786 27491 25624 279 2981 9057 13 357 2526 14882 23235 279 9506 13759 13 561 14367 25624 264 11012 72103 13 561 2235 6522 7854 279 11129 29262 13 357 2526 14882 11354 279 2981 9057 13 561 12433 25624 264 23772 6321 13 357 2526 14882 23235 279 2981 9057 13 6056 36600 49992 279 17631 5459 13 357 2526 14882 16384 264 23772 6321 13 561 37714 25624 264 23772 6321 13 561 14367 23235 279 9506 13759 13 357 2526 14882 23235 449 4147 70676 13 561 12433 7246 264 11012 72103 13 561 12433 25624 2250 14527 6679 13 561 13159 11354 279 17631 5459 13 561 37714 16384 279 2981 9057 13 561 13159 25624 279 2981 9057 13 6983 12050 25624 279 2981 9057 13 6056 36600 11354 2250 14527 6679 13 561 14367 11693 279 17631 5459 13 6983 12050 7246 279 9506 13759 13 561 37714 7246 279 2981 9057 13 561 37714 7854 449 4147 70676 13 561 12433 11354 2250 14527 6679 13 357 2526 14882 16384 449 4147 70676 13 561 14367 23235 279 9506 13759 13 561 2235 6522 49992 279 2981 9057 13 357 27786 27491 23235 279 17631 5459 13 6056 36600 7246 279 17631 5459 13 357 2526 14882 49992 279 9506 13759 13 357 2526 14882 11354 449 4147 70676 13 561 14367 25624 449 4147 70676 13 357 28282 25624 279 9506 13759 13 357 2526 14882 11693 279 11129 29262 13 6056 36600 25624 449 4147 70676 13 561 37714 49992 279 11129 29262 13 561 37714 23235 449 4147 70676 13 6983 12050 7854 264 11012 72103 13 561 13159 25624 264 23772 6321 13 561 2235 6522 7854 2250 14527 6679 13 6983 12050 11693 2250 14527 6679 13 6983 12050 23235 279 17631 5459 13 561 13159 16384 279 11129 29262 13 561 14367 11354 279 9506 13759 13 561 12433 7854 279 11129 29262 13 357 27786 27491 7246 449 4147 70676 13 6056 36600 49992 279 11129 29262 13 561 13159 11354 264 11012 72103 13 6056 36600 23235 279 2981 9057 13 561 37714 11354 449 4147 70676 13 561 2235 6522 11693 279 11129 29262 13 357 2526 14882 25624 264 23772 6321 13 561 14367 23235 264 23772 6321 13 561 13159 25624 264 23772 6321 13 357 2526 14882 23235 279 11129 29262 13 561 2235 6522 7246 279 17631 5459 13 357 27786 27491 25624 449 4147 70676 13 561 37714 23235 2250 14527 6679 13 561 37714 25624 279 17631 5459 13 357 2526 14882 11693 279 9506 13759 13 561 37714 16384 264 23772 6321 13 561 12433 11354 264 11012 72103 13 561 37714 16384 264 23772 6321 13 357 28282 7854 279 11129 29262 13 561 14367 23235 279 9506 13759 13 561 14367 16384 279 11129 29262 13 561 14367 23235 279 17631 5459 13 357 27786 27491 11354 2250 14527 6679 13 561 37714 49992 264 11012 72103 13 357 27786 27491 23235 264 11012 72103 13 561 37714 16384 264 23772 6321 13 357 28282 7246 264 11012 72103 13 6056 36600 49992 2250 14527 6679 13 561 2235 6522 16384 264 23772 6321 13 6056 36600 16384 279 9506 13759 13 357 27786 27491 11693 264 11012 72103 13 561 14367 11354 279 2981 9057 13 6056 36600 23235 279 2981 9057 13 561 13159 7854 279 11129 29262 13 561 13159 11693 279 17631 5459 13 357 28282 7246 279 2981 9057 13 561 12433 49992 279 2981 9057 13 561 14367 11354 264 23772 6321 13 357 2526 14882 11354 279 17631 5459 13 561 13159 16384 2250 14527 6679 13 6983 12050 25624 449 4147 70676 13 6983 12050 25624 2250 14527 6679 13 357 28282 11693 2250 14527 6679 13 357 28282 49992 264 11012 72103 13 357 2526 14882 7854 264 23772 6321 13 6056 36600 7246 279 9506 13759 13 6056 36600 7246 264 23772 6321 13 561 13159 49992 279 2981 9057 13 561 37714 25624 264 11012 72103 13 6056 36600 49992 264 11012 72103 13 357 28282 11693 264 23772 6321 13 561 2235 6522 25624 279 9506 13759 13 6056 36600 49992 279 9506 13759 13 561 2235 6522 7854 449 4147 70676 13 561 2235 6522 49992 279 11129 29262 13 561 37714 25624 279 2981 9057 13 357 2526 14882 23235 2250 14527 6679 13 357 27786 27491 11693 2250 14527 6679 13 6056 36600 7854 449 4147 70676 13 561 13159 7246 2250 14527 6679 13 6983 12050 23235 264 23772 6321 13 357 28282 25624 279 11129 29262 13 357 28282 49992 279 2981 9057 13 6056 36600 49992 279 17631 5459 13 561 13159 25624 279 17631 5459 13 561 37714 7854 2250 14527 6679 13 561 14367 7246 2250 14527 6679 13 357 2526 14882 7854 264 23772 6321 13 6983 12050 23235 2250 14527 6679 13 561 37714 16384 2250 14527 6679 13 561 14367 11693 264 23772 6321 13 561 37714 11354 279 17631 5459 13 561 12433 11354 264 11012 72103 13 561 14367 7854 279 9506 13759 13 6056 36600 23235 279 17631 5459 13 357 27786 27491 49992 279 2981 9057 13 357 27786 27491 11354 279 2981 9057 13 6056 36600 23235 279 11129 29262 13 561 37714 49992 279 17631 5459 13 561 12433 23235 264 23772 6321 13 561 14367 25624 264 11012 72103 13 6056 36600 11354 279 9506 13759 13 357 28282 49992 264 11012 72103 13 357 28282 16384 279 17631 5459 13 561 13159 25624 2250 14527 6679 13 561 13159 11693 264 11012 72103 13 357 2526 14882 11354 279 9506 13759 13 357 27786 27491 7246 279 17631 5459 13 357 28282 7246 2250 14527 6679 13 6983 12050 7246 264 23772 6321 13 357 2526 14882 7854 279 17631 5459 13 357 2526 14882 7854 279 2981 9057 13 561 37714 49992 2250 14527 6679 13 561 12433 11354 2250 14527 6679 13 357 2526 14882 7854 2250 14527 6679 13 6056 36600 11693 279 11129 29262 13 561 14367 23235 279 9506 13759 13 357 27786 27491 11693 279 9506 13759 13 357 27786 27491 7854 264 11012 72103 13 357 28282 25624 264 11012 72103 13 561 12433 25624 449 4147 70676 13 561 14367 25624 279 17631 5459 13 6983 12050 11354 279 2981 9057 13 357 27786 27491 11693 279 9506 13759 13 561 13159 11693 279 11129 29262 13 357 2526 14882 7246 264 23772 6321 13 6056 36600 7246 449 4147 70676 13 561 12433 49992 279 17631 5459 13 561 12433 11693 2250 14527 6679 13 6056 36600 16384 264 23772 6321 13 561 14367 7246 264 11012 72103 13 357 28282 11693 279 2981 9057 13 561 14367 7246 449 4147 70676 13 561 2235 6522 11354 279 11129 29262 13 357 2526 14882 7854 2250 14527 6679 13 6056 36600 11354 279 11129 29262 13 6983 12050 23235 279 2981 9057 13 561 13159 16384 264 23772 6321 13 357 2526 14882 23235 279 2981 9057 13 561 14367 16384 449 4147 70676 13 561 14367 11693 264 11012 72103 13 6056 36600 49992 2250 14527 6679 13 6056 36600 7246 264 11012 72103 13 561 37714 49992 264 11012 72103 13 561 14367 23235 279 2981 9057 13 357 27786 27491 11693 279 9506 13759 13 561 37714 25624 279 17631 5459 13 6983 12050 16384 264 11012 72103 13 357 28282 7246 449 4147 70676 13 357 2526 14882 25624 2250 14527 6679 13 357 27786 27491 7854 279 11129 29262 13 6983 12050 16384 279 9506 13759 13 357 27786 27491 25624 279 9506 13759 13 6983 12050 16384 279 9506 13759 13 561 13159 25624 279 9506 13759 13 561 37714 7246 279 2981 9057 13 561 2235 6522 16384 279 2981 9057 13 561 2235 6522 11693 449 4147 70676 13 561 37714 7246 2250 14527 6679 13 6983 12050 7246 279 2981 9057 13 561 13159 25624 449 4147 70676 13 357 2526 14882 23235 264 11012 72103 13 6983 12050 25624 279 17631 5459 13 561 14367 25624 264 11012 72103 13 357 28282 23235 2250 14527 6679 13 357 27786 27491 7854 264 23772 6321 13 357 2526 14882 7854 279 9506 13759 13 561 37714 7246 279 17631 5459 13 561 12433 11693 2250 14527 6679 13 561 2235 6522 7854 449 4147 70676 13 6983 12050 7854 449 4147 70676 13 6983 12050 25624 449 4147 70676 13 561 13159 7854 279 11129 29262 13 561 12433 7854 279 11129 29262 13 6056 36600 11354 449 4147 70676 13 6056 36600 23235 279 17631 5459 13 6056 36600 7246 279 11129 29262 13 561 12433 25624 449 4147 70676 13 6056 36600 25624 264 11012 72103 13 561 2235 6522 49992 449 4147 70676 13 357 2526 14882 49992 279 11129 29262 13 561 37714 23235 279 9506 13759 13 357 27786 27491 7246 449 4147 70676 13 561 14367 25624 264 23772 6321 13 561 12433 7246 264 23772 6321 13 357 2526 14882 23235 279 9506 13759 13 6056 36600 11354 279 2981 9057 13 561 2235 6522 11693 264 23772 6321 13 6983 12050 7854 264 23772 6321 13 561 13159 7246 449 4147 70676 13 357 27786 27491 11354 2250 14527 6679 13 357 2526 14882 11354 279 2981 9057 13 561 37714 25624 279 11129 29262 13 357 2526 14882 7854 449 4147 70676 13 561 12433 7854 264 23772 6321 13 6983 12050 16384 2250 14527 6679 13 6983 12050 49992 279 11129 29262 13 561 2235 6522 49992 264 11012 72103 13 6983 12050 49992 264 11012 72103 13 561 13159 16384 264 11012 72103 13 357 28282 25624 264 23772 6321 13 6056 36600 11693 449 4147 70676 13 357 28282 49992 264 23772 6321 13 561 12433 7246 449 4147 70676 13 561 2235 6522 11354 279 2981 9057 13 6983 12050 49992 279 2981 9057 13 6983 12050 49992 279 11129 29262 13 6056 36600 11354 264 11012 72103 13 561 13159 16384 2250 14527 6679 13 561 37714 16384 264 11012 72103 13 561 12433 11354 279 11129 29262 13 561 2235 6522 11693 279 2981 9057 13 357 27786 27491 49992 279 2981 9057 13 6056 36600 11354 279 2981 9057 13 6983 12050 23235 279 11129 29262 13 561 12433 11354 264 23772 6321 13 6056 36600 25624 2250 14527 6679 13 561 13159 16384 449 4147 70676 13 561 2235 6522 16384 264 11012 72103 13 561 2235 6522 11693 2250 14527 6679 13 6056 36600 7246 264 11012 72103 13 357 2526 14882 49992 264 23772 6321 13 561 37714 7854 279 2981 9057 13 561 2235 6522 7246 279 11129 29262 13 561 13159 11354 449 4147 70676 13 357 28282 25624 264 11012 72103 13 561 13159 7246 2250 14527 6679 13 357 28282 11693 2250 14527 6679 13 561 14367 23235 264 11012 72103 13 357 28282 7854 264 23772 6321 13 357 28282 11354 279 2981 9057 13 561 37714 25624 449 4147 70676 13 357 27786 27491 49992 264 23772 6321 13 357 28282 23235 264 11012 72103 13 357 28282 7854 264 11012 72103 13 357 2526 14882 11354 2250 14527 6679 13 561 12433 11354 264 23772 6321 13 357 2526 14882 25624 449 4147 70676 13 6983 12050 49992 264 11012 72103 13 6983 12050 11693 279 2981 9057 13 561 14367 7246 279 17631 5459 13 561 14367 25624 279 2981 9057 13 561 12433 16384 2250 14527 6679 13 357 28282 25624 264 23772 6321 13 6983 12050 11354 279 2981 9057 13 357 27786 27491 11693 279 9506 13759 13 561 37714 11354 264 11012 72103 13 357 28282 11693 279 2981 9057 13 561 14367 25624 264 11012 72103 13 561 12433 16384 279 9506 13759 13 561 37714 7854 264 23772 6321 13 6056 36600 11354 2250 14527 6679 13 357 28282 49992 279 17631 5459 13 357 2526 14882 7854 449 4147 70676 13 357 27786 27491 7854 279 9506 13759 13 561 2235 6522 11354 264 23772 6321 13 357 27786 27491 49992 279 17631 5459 13 561 2235 6522 11354 279 11129 29262 13 357 2526 14882 49992 449 4147 70676 13 357 28282 16384 264 11012 72103 13 561 12433 7246 279 17631 5459 13 561 37714 11693 279 9506 13759 13 6056 36600 11693 264 23772 6321 13 357 2526 14882 16384 279 2981 9057 13 561 12433 23235 2250 14527 6679 13 561 12433 25624 279 17631 5459 13 561 14367 16384 264 23772 6321 13 357 27786 27491 49992 279 11129 29262 13 561 12433 7246 279 9506 13759 13 357 2526 14882 11693 264 11012 72103 13 6056 36600 25624 264 11012 72103 13 6983 12050 16384 279 17631 5459 13 561 12433 49992 449 4147 70676 13 561 37714 7854 449 4147 70676 13 561 14367 23235 279 11129 29262 13 561 14367 49992 279 17631 5459 13 6056 36600 7854 279 17631 5459 13 357 2526 14882 23235 2250 14527 6679 13 357 28282 11354 449 4147 70676 13 357 2526 14882 11693 279 2981 9057 13 357 28282 7854 279 17631 5459 13 357 2526 14882 7854 264 11012 72103 13 357 27786 27491 11354 279 17631 5459 13 561 13159 49992 279 17631 5459 13 357 27786 27491 7246 279 17631 5459 13 357 2526 14882 25624 264 11012 72103 13 561 37714 7246 2250 14527 6679 13 357 28282 16384 449 4147 70676 13 561 13159 23235 279 2981 9057 13 561 2235 6522 23235 279 17631 5459 13 357 28282 25624 449 4147 70676 13 357 28282 23235 279 2981 9057 13 357 2526 14882 7246 449 4147 70676 13 561 14367 11693 279 2981 9057 13 357 28282 25624 279 9506 13759 13 357 2526 14882 49992 264 11012 72103 13 357 2526 14882 7246 279 2981 9057 13 6056 36600 23235 279 11129 29262 13 561 12433 11693 449 4147 70676 13 357 27786 27491 16384 279 9506 13759 13 561 12433 11693 279 2981 9057 13 561 2235 6522 16384 449 4147 70676 13 357 2526 14882 7854 264 11012 72103 13 561 12433 49992 279 17631 5459 13 561 12433 16384 264 11012 72103 13 357 28282 25624 449 4147 70676 13 561 2235 6522 23235 279 17631 5459 13 357 27786 27491 7854 449 4147 70676 13 6983 12050 7246 264 11012 72103 13 6056 36600 7246 279 11129 29262 13 561 12433 25624 449 4147 70676 13 6056 36600 7246 279 9506 13759 13 561 37714 11354 264 23772 6321 13 561 13159 11354 279 11129 29262 13 561 37714 25624 264 23772 6321 13 561 2235 6522 49992 2250 14527 6679 13 561 12433 49992 264 11012 72103 13 561 2235 6522 16384 279 11129 29262 13 561 37714 11693 279 11129 29262 13 561 14367 7854 264 23772 6321 13 357 2526 14882 25624 279 11129 29262 13 6056 36600 7854 449 4147 70676 13 357 28282 11354 264 23772 6321 13 357 28282 7246 279 17631 5459 13 6056 36600 16384 2250 14527 6679 13 561 14367 23235 279 17631 5459 13 357 27786 27491 23235 279 11129 29262 13 357 27786 27491 11693 264 11012 72103 13 357 28282 23235 279 11129 29262 13 357 28282 25624 449 4147 70676 13 6983 12050 23235 279 11129 29262 13 561 14367 11693 264 11012 72103 13 6983 12050 7854 279 9506 13759 13 561 12433 23235 264 23772 6321 13 561 37714 23235 2250 14527 6679 13 561 14367 25624 449 4147 70676 13 357 28282 11693 264 23772 6321 13 561 37714 49992 279 17631 5459 13 6983 12050 11693 279 17631 5459 13 357 2526 14882 7246 279 2981 9057 13 357 2526 14882 7246 264 23772 6321 13 6983 12050 49992 279 2981 9057 13 357 2526 14882 25624 264 23772 6321 13 6056 36600 11693 279 11129 29262 13 6056 36600 11354 279 17631 5459 13 561 14367 49992 264 23772 6321 13 357 28282 7246 264 23772 6321 13 561 13159 23235 264 11012 72103 13 561 37714 11693 449 4147 70676 13 561 37714 49992 279 11129 29262 13 561 37714 49992 279 2981 9057 13 6983 12050 7246 264 11012 72103 13 561 13159 7854 279 17631 5459 13 561 14367 7854 279 2981 9057 13 561 14367 7246 279 11129 29262 13 561 37714 7854 264 11012 72103 13 6056 36600 7854 279 9506 13759 13 357 2526 14882 7854 279 11129 29262 13 561 14367 11693 279 2981 9057 13 561 37714 23235 2250 14527 6679 13 357 2526 14882 11354 264 23772 6321 13 357 2526 14882 7246 279 11129 29262 13 561 13159 11693 264 23772 6321 13 561 37714 25624 279 11129 29262 13 6056 36600 7854 264 23772 6321 13 561 12433 11693 449 4147 70676 13 357 27786 27491 23235 279 9506 13759 13 561 13159 25624 279 11129 29262 13 357 28282 49992 279 2981 9057 13 357 2526 14882 7246 279 2981 9057 13 357 2526 14882 11693 2250 14527 6679 13 6983 12050 7246 449 4147 70676 13 561 2235 6522 16384 264 11012 72103 13 357 28282 49992 279 9506 13759 13 357 27786 27491 49992 264 11012 72103 13 357 2526 14882 49992 264 23772 6321 13 357 28282 25624 264 11012 72103 13 561 13159 25624 264 23772 6321 13 561 12433 23235 279 11129 29262 13 561 14367 11693 279 2981 9057 13 357 28282 11693 264 23772 6321 13 6056 36600 7246 279 9506 13759 13 561 14367 7246 2250 14527 6679 13 357 2526 14882 16384 279 11129 29262 13 357 27786 27491 23235 279 9506 13759 13 561 2235 6522 7854 279 2981 9057 13 561 37714 49992 279 11129 29262 13 6983 12050 25624 279 11129 29262 13 561 13159 16384 279 11129 29262 13 561 14367 25624 2250 14527 6679 13 561 2235 6522 23235 279 17631 5459 13 357 28282 7246 449 4147 70676 13 561 37714 11693 279 9506 13759 13 561 2235 6522 16384 2250 14527 6679 13 561 14367 11693 2250 14527 6679 13 561 2235 6522 11354 264 11012 72103 13 561 37714 49992 264 23772 6321 13 357 28282 49992 264 23772 6321 13 561 13159 11354 279 9506 13759 13 561 37714 11354 279 9506 13759 13 357 27786 27491 23235 279 17631 5459 13 561 12433 7246 279 9506 13759 13 357 27786 27491 11354 2250 14527 6679 13 561 37714 11354 279 2981 9057 13 561 2235 6522 11354 279 9506 13759 13 561 14367 7246 2250 14527 6679 13 357 27786 27491 25624 279 9506 13759 13 561 37714 7246 279 17631 5459 13 561 13159 49992 279 17631 5459 13 6983 12050 49992 264 11012 72103 13 6983 12050 25624 279 9506 13759 13 357 28282 49992 2250 14527 6679 13 561 14367 49992 279 2981 9057 13 561 13159 49992 264 11012 72103 13 561 13159 16384 449 4147 70676 13 561 14367 7854 264 23772 6321 13 561 37714 11693 279 11129 29262 13 6056 36600 11354 264 11012 72103 13 561 2235 6522 23235 279 17631 5459 13 6056 36600 49992 279 9506 13759 13 561 12433 7854 2250 14527 6679 13 561 14367 11354 2250 14527 6679 13 6056 36600 25624 279 2981 9057 13 357 28282 11354 2250 14527 6679 13 357 28282 7246 264 23772 6321 13 561 13159 11354 264 23772 6321 13 561 37714 25624 279 9506 13759 13 6056 36600 7246 279 9506 13759 13 561 2235 6522 25624 449 4147 70676 13 357 28282 49992 264 23772 6321 13 357 2526 14882 25624 264 11012 72103 13 561 37714 7246 264 23772 6321 13 6056 36600 11693 449 4147 70676 13 561 2235 6522 49992 279 2981 9057 13 6983 12050 23235 2250 14527 6679 13 6056 36600 7854 279 11129 29262 13 6056 36600 7854 279 17631 5459 13 561 13159 7854 2250 14527 6679 13 6056 36600 7854 449 4147 70676 13 357 2526 14882 49992 279 17631 5459 13 6983 12050 23235 279 11129 29262 13 561 37714 16384 279 2981 9057 13 6983 12050 25624 264 11012 72103 13 6983 12050 23235 279 2981 9057 13 357 28282 7246 279 17631 5459 13 561 12433 23235 279 2981 9057 13 561 12433 11693 449 4147 70676 13 561 37714 11693 264 11012 72103 13 357 28282 11354 264 11012 72103 13 561 37714 49992 279 11129 29262 13 561 37714 7246 279 2981 9057 13 561 13159 7246 264 11012 72103 13 561 2235 6522 25624 279 9506 13759 13 561 14367 16384 449 4147 70676 13 561 37714 11354 279 11129 29262 13 357 28282 7854 279 11129 29262 13 6056 36600 25624 279 2981 9057 13 561 2235 6522 49992 279 2981 9057 13 561 14367 23235 264 23772 6321 13 561 37714 11354 279 2981 9057 13 6983 12050 25624 279 17631 5459 13 561 14367 7246 2250 14527 6679 13 561 12433 11354 264 11012 72103 13 6983 12050 23235 264 23772 6321 13 357 28282 49992 279 2981 9057 13 357 2526 14882 49992 264 11012 72103 13 6056 36600 25624 279 2981 9057 13 6056 36600 25624 2250 14527 6679 13 357 27786 27491 7246 279 2981 9057 13 6983 12050 23235 264 11012 72103 13 6983 12050 11693 264 23772 6321 13 357 27786 27491 11354 264 23772 6321 13 357 28282 23235 264 23772 6321 13 357 28282 23235 279 11129 29262 13 561 37714 23235 2250 14527 6679 13 561 13159 16384 279 2981 9057 13 6983 12050 16384 279 17631 5459 13 561 2235 6522 16384 264 11012 72103 13 357 2526 14882 11354 449 4147 70676 13 561 37714 49992 264 11012 72103 13 561 37714 7246 279 11129 29262 13 357 27786 27491 16384 449 4147 70676 13 6983 12050 7246 2250 14527 6679 13 6056 36600 23235 279 17631 5459 13 561 12433 16384 279 17631 5459 13 357 28282 49992 449 4147 70676 13 561 12433 49992 264 11012 72103 13 561 2235 6522 49992 279 2981 9057 13 561 12433 16384 264 11012 72103 13 561 13159 11354 264 11012 72103 13 561 12433 11693 279 17631 5459 13 561 37714 11693 449 4147 70676 13 561 13159 23235 279 2981 9057 13 561 37714 7854 449 4147 70676 13 561 37714 11693 279 11129 29262 13 6056 36600 7246 264 23772 6321 13 561 12433 25624 279 2981 9057 13 561 37714 11354 449 4147 70676 13 561 12433 7854 2250 14527 6679 13 357 2526 14882 49992 279 17631 5459 13 357 28282 16384 279 11129 29262 13 6056 36600 7246 279 17631 5459 13 561 12433 7854 279 2981 9057 13 561 12433 7854 264 23772 6321 13 561 37714 49992 264 23772 6321 13 561 14367 25624 264 11012 72103 13 561 14367 16384 279 9506 13759 13 357 28282 25624 2250 14527 6679 13 561 37714 11693 264 23772 6321 13 561 37714 25624 279 17631 5459 13 357 28282 11693 264 23772 6321 13 6983 12050 7246 264 23772 6321 13 6056 36600 7246 279 2981 9057 13 357 28282 11693 449 4147 70676 13 357 28282 11354 279 17631 5459 13 357 28282 49992 279 2981 9057 13 561 12433 7246 264 23772 6321 13 357 2526 14882 11354 279 9506 13759 13 561 37714 16384 279 11129 29262 13 561 12433 7854 264 23772 6321 13 357 28282 7246 264 11012 72103 13 561 12433 23235 264 23772 6321 13 357 28282 25624 449 4147 70676 13 561 12433 7854 264 23772 6321 13 6056 36600 7246 449 4147 70676 13 561 12433 16384 279 11129 29262 13 561 2235 6522 25624 279 17631 5459 13 6983 12050 7246 264 23772 6321 13 561 14367 23235 279 11129 29262 13 561 12433 49992 264 11012 72103 13 6983 12050 11693 279 17631 5459 13 357 27786 27491 16384 449 4147 70676 13 357 27786 27491 7246 264 11012 72103 13 561 37714 23235 264 11012 72103 13 561 2235 6522 25624 264 11012 72103 13 357 27786 27491 11354 449 4147 70676 13 6983 12050 16384 264 11012 72103 13 561 13159 25624 449 4147 70676 13 561 14367 25624 264 23772 6321 13 6983 12050 7246 279 17631 5459 13 357 27786 27491 25624 279 9506 13759 13 561 2235 6522 16384 449 4147 70676 13 6983 12050 7854 449 4147 70676 13 6983 12050 7854 279 2981 9057 13 561 14367 23235 2250 14527 6679 13 357 27786 27491 49992 279 11129 29262 13 561 12433 11693 2250 14527 6679 13 6056 36600 11354 279 9506 13759 13 561 37714 7246 2250 14527 6679 13 561 37714 11354 449 4147 70676 13 561 37714 49992 279 17631 5459 13 561 37714 11354 279 17631 5459 13 561 13159 25624 279 11129 29262 13 561 13159 23235 279 11129 29262 13 357 2526 14882 11693 449 4147 70676 13 561 12433 49992 2250 14527 6679 13 561 12433 23235 264 23772 6321 13 561 2235 6522 16384 279 9506 13759 13 561 37714 25624 264 23772 6321 13 561 2235 6522 49992 279 9506 13759 13 6056 36600 23235 264 23772 6321 13 6056 36600 7854 279 9506 13759 13 561 37714 23235 279 2981 9057 13 357 2526 14882 7246 279 17631 5459 13 561 14367 11693 264 23772 6321 13 357 2526 14882 7246 449 4147 70676 13 6056 36600 7246 279 9506 13759 13 6983 12050 11693 264 23772 6321 13 561 14367 23235 279 11129 29262 13 561 14367 11693 279 11129 29262 13 561 12433 11693 279 9506 13759 13 561 2235 6522 11354 279 17631 5459 13 561 37714 11693 279 17631 5459 13 357 28282 16384 279 9506 13759 13 561 2235 6522 25624 2250 14527 6679 13 561 2235 6522 7246 2250 14527 6679 13 6983 12050 25624 279 17631 5459 13 561 37714 25624 2250 14527 6679 13 6983 12050 7246 279 17631 5459 13 357 28282 16384 279 2981 9057 13 357 28282 7246 279 2981 9057 13 357 28282 7854 279 11129 29262 13 357 28282 11354 279 11129 29262 13 357 2526 14882 11354 279 17631 5459 13 357 28282 7246 2250 14527 6679 13 561 13159 16384 2250 14527 6679 13 357 28282 7246 279 2981 9057 13 561 14367 49992 279 11129 29262 13 561 2235 6522 11354 2250 14527 6679 13 561 12433 11354 449 4147 70676 13 357 2526 14882 49992 279 17631 5459 13 561 2235 6522 23235 279 2981 9057 13 561 13159 49992 449 4147 70676 13 561 14367 11693 449 4147 70676 13 561 13159 11693 264 23772 6321 13 561 13159 11354 2250 14527 6679 13 561 12433 11693 449 4147 70676 13 6983 12050 7246 264 11012 72103 13 561 37714 11693 264 11012 72103 13 561 13159 49992 279 2981 9057 13 357 27786 27491 49992 264 11012 72103 13 357 2526 14882 25624 279 17631 5459 13 357 27786 27491 7246 279 9506 13759 13 561 12433 7246 279 2981 9057 13 561 2235 6522 7246 2250 14527 6679 13 357 28282 16384 279 11129 29262 13 6056 36600 16384 279 9506 13759 13 357 28282 16384 279 17631 5459 13 561 14367 23235 264 11012 72103 13 561 12433 7854 264 11012 72103 13 357 28282 25624 264 23772 6321 13 561 37714 11693 279 2981 9057 13 561 2235 6522 11693 279 9506 13759 13 561 2235 6522 23235 279 2981 9057 13 561 13159 7854 279 17631 5459 13 357 28282 7854 279 17631 5459 13 561 14367 25624 279 2981 9057 13 561 2235 6522 25624 279 11129 29262 13 357 27786 27491 23235 2250 14527 6679 13 561 14367 25624 2250 14527 6679 13 6983 12050 7854 279 17631 5459 13 357 28282 49992 264 23772 6321 13 561 14367 7246 264 11012 72103 13 357 28282 11354 279 9506 13759 13 357 28282 11693 264 23772 6321 13 561 12433 11354 449 4147 70676 13 561 12433 7854 279 11129 29262 13 561 37714 7854 279 17631 5459 13 357 27786 27491 7854 264 11012 72103 13 561 13159 7246 264 11012 72103 13 561 13159 16384 279 9506 13759 13 561 14367 7854 279 17631 5459 13 6983 12050 11693 2250 14527 6679 13 561 14367 11693 279 2981 9057 13 561 12433 23235 264 11012 72103 13 561 14367 25624 264 11012 72103 13 357 2526 14882 25624 449 4147 70676 13 561 14367 11354 2250 14527 6679 13 357 2526 14882 23235 279 2981 9057 13 561 14367 25624 279 17631 5459 13 561 37714 7854 279 9506 13759 13 561 2235 6522 23235 2250 14527 6679 13 561 12433 7246 264 23772 6321 13 6056 36600 7854 449 4147 70676 13 357 27786 27491 25624 2250 14527 6679 13 357 28282 16384 279 2981 9057 13 6056 36600 23235 449 4147 70676 13 357 27786 27491 49992 449 4147 70676 13 6983 12050 11354 279 11129 29262 13 6983 12050 11354 279 9506 13759 13 357 2526 14882 16384 279 9506 13759 13 561 37714 7246 264 23772 6321 13 561 13159 7246 264 23772 6321 13 6983 12050 49992 264 23772 6321 13 561 13159 23235 279 17631 5459 13 561 37714 11693 279 2981 9057 13 357 27786 27491 49992 279 17631 5459 13 357 28282 7246 279 9506 13759 13 561 2235 6522 7854 264 23772 6321 13 561 14367 16384 2250 14527 6679 13 357 27786 27491 11693 2250 14527 6679 13 357 2526 14882 11354 264 11012 72103 13 6056 36600 7854 264 23772 6321 13 561 14367 23235 279 9506 13759 13 561 37714 49992 264 23772 6321 13 6983 12050 23235 279 2981 9057 13 6983 12050 23235 449 4147 70676 13 357 2526 14882 49992 264 11012 72103 13 561 13159 11693 279 17631 5459 13 6056 36600 25624 449 4147 70676 13 357 27786 27491 7854 449 4147 70676 13 357 28282 25624 264 23772 6321 13 561 37714 7246 279 17631 5459 13 561 13159 11693 279 11129 29262 13 6056 36600 23235 279 2981 9057 13 561 2235 6522 16384 264 23772 6321 13 357 2526 14882 23235 279 17631 5459 13 6983 12050 25624 279 11129 29262 13 357 2526 14882 25624 2250 14527 6679 13 357 27786 27491 11693 279 17631 5459 13 6056 36600 7854 2250 14527 6679 13 561 2235 6522 25624 449 4147 70676 13 6983 12050 7854 279 2981 9057 13 357 28282 16384 279 2981 9057 13 357 28282 49992 279 17631 5459 13 561 2235 6522 49992 2250 14527 6679 13 561 12433 11693 279 11129 29262 13 6056 36600 11693 279 17631 5459 13 357 2526 14882 11354 279 17631 5459 13 6056 36600 25624 279 2981 9057 13 357 27786 27491 7246 279 9506 13759 13 561 14367 11354 279 11129 29262 13 6983 12050 49992 264 23772 6321 13 357 2526 14882 25624 279 11129 29262 13 357 2526 14882 25624 279 17631 5459 13 561 37714 11693 279 17631 5459 13 357 27786 27491 23235 2250 14527 6679 13 561 2235 6522 25624 279 11129 29262 13 6056 36600 49992 264 11012 72103 13 561 14367 25624 279 11129 29262 13 6056 36600 16384 264 23772 6321 13 357 2526 14882 7854 279 11129 29262 13 6056 36600 7854 2250 14527 6679 13 357 2526 14882 23235 279 17631 5459 13 561 13159 16384 2250 14527 6679 13 6983 12050 11354 279 2981 9057 13 561 12433 7246 264 23772 6321 13 6056 36600 25624 264 23772 6321 13 561 2235 6522 49992 279 2981 9057 13 561 13159 16384 279 9506 13759 13 561 37714 7246 279 11129 29262 13 357 28282 11354 264 11012 72103 13 561 13159 49992 279 17631 5459 13 561 2235 6522 7246 279 17631 5459 13 6983 12050 16384 279 2981 9057 13 6983 12050 49992 279 17631 5459 13 6056 36600 11354 449 4147 70676 13 357 27786 27491 25624 279 9506 13759 13 561 37714 23235 2250 14527 6679 13 561 2235 6522 7854 264 11012 72103 13 561 2235 6522 25624 264 23772 6321 13 561 12433 7854 279 9506 13759 13 561 14367 11693 279 17631 5459 13 357 2526 14882 11354 264 23772 6321 13 357 27786 27491 23235 279 9506 13759 13 561 12433 11354 264 23772 6321 13 561 2235 6522 49992 279 9506 13759 13 561 12433 16384 279 9506 13759 13 561 13159 49992 279 2981 9057 13 357 2526 14882 11693 264 11012 72103 13 561 2235 6522 7854 279 17631 5459 13 561 12433 7854 264 11012 72103 13 561 12433 11693 449 4147 70676 13 357 2526 14882 11354 264 11012 72103 13 6983 12050 23235 279 2981 9057 13 561 2235 6522 11693 449 4147 70676 13 561 2235 6522 16384 264 23772 6321 13 357 2526 14882 7246 279 11129 29262 13 357 27786 27491 25624 279 9506 13759 13 6056 36600 16384 279 9506 13759 13 357 2526 14882 11354 2250 14527 6679 13 6056 36600 11354 449 4147 70676 13 561 2235 6522 49992 449 4147 70676 13 6056 36600 23235 264 11012 72103 13 6983 12050 49992 2250 14527 6679 13 357 2526 14882 11354 279 11129 29262 13 561 12433 7854 279 11129 29262 13 6056 36600 16384 264 11012 72103 13 357 27786 27491 11354 264 23772 6321 13 357 27786 27491 7246 279 9506 13759 13 561 2235 6522 23235 2250 14527 6679 13 561 13159 7246 449 4147 70676 13 561 12433 25624 279 17631 5459 13 561 14367 25624 279 9506 13759 13 561 12433 49992 279 2981 9057 13 561 2235 6522 7854 2250 14527 6679 13 357 2526 14882 49992 264 11012 72103 13 561 13159 7246 449 4147 70676 13 357 27786 27491 7246 279 17631 5459 13 561 12433 7246 279 2981 9057 13 561 2235 6522 11354 264 11012 72103 13 357 27786 27491 16384 279 17631 5459 13 357 28282 16384 264 23772 6321 13 357 2526 14882 11354 279 11129 29262 13 357 28282 16384 264 23772 6321 13 357 27786 27491 23235 2250 14527 6679 13 561 13159 23235 2250 14527 6679 13 6983 12050 7854 449 4147 70676 13 6056 36600 16384 279 2981 9057 13 6056 36600 11693 264 11012 72103 13 561 13159 16384 279 9506 13759 13 357 2526 14882 23235 279 2981 9057 13 561 37714 7854 279 2981 9057 13 561 14367 23235 279 11129 29262 13 357 2526 14882 11354 279 2981 9057 13 561 14367 16384 449 4147 70676 13 561 12433 11354 264 23772 6321 13 561 14367 23235 449 4147 70676 13 357 28282 7246 449 4147 70676 13 561 37714 7246 279 9506 13759 13 6056 36600 23235 449 4147 70676 13 357 27786 27491 49992 449 4147 70676 13 357 2526 14882 11693 279 9506 13759 13 561 13159 11354 264 11012 72103 13 561 13159 23235 279 9506 13759 13 357 27786 27491 11354 279 11129 29262 13 561 37714 25624 2250 14527 6679 13 357 2526 14882 7854 279 17631 5459 13 6056 36600 7854 264 11012 72103 13 6983 12050 7246 2250 14527 6679 13 357 27786 27491 49992 449 4147 70676 13 561 37714 23235 449 4147 70676 13 6056 36600 7854 449 4147 70676 13 6983 12050 7246 2250 14527 6679 13 561 14367 7854 264 23772 6321 13 561 12433 11693 264 23772 6321 13 6056 36600 25624 279 11129 29262 13 6983 12050 11354 279 11129 29262 13 561 14367 25624 2250 14527 6679 13 561 13159 49992 279 9506 13759 13 561 13159 49992 2250 14527 6679 13 357 2526 14882 7854 279 11129 29262 13 357 2526 14882 23235 279 2981 9057 13 561 13159 11693 279 17631 5459 13 561 2235 6522 25624 279 11129 29262 13 561 2235 6522 7854 449 4147 70676 13 6983 12050 16384 264 11012 72103 13 561 37714 49992 279 2981 9057 13 561 14367 23235 279 11129 29262 13 561 2235 6522 11354 279 17631 5459 13 357 2526 14882 16384 264 23772 6321 13 6983 12050 7854 2250 14527 6679 13 561 14367 25624 279 9506 13759 13 561 37714 7854 279 17631 5459 13 561 37714 7854 279 9506 13759 13 357 2526 14882 11693 279 9506 13759 13 357 27786 27491 7246 279 17631 5459 13 357 27786 27491 7246 279 9506 13759 13 357 27786 27491 7246 449 4147 70676 13 6983 12050 16384 2250 14527 6679 13 561 12433 25624 279 17631 5459 13 357 28282 16384 279 11129 29262 13 357 2526 14882 7246 449 4147 70676 13 561 12433 25624 264 23772 6321 13 357 28282 23235 264 23772 6321 13 561 37714 7246 279 11129 29262 13 561 14367 7854 449 4147 70676 13 357 28282 7246 279 17631 5459 13 357 2526 14882 23235 264 11012 72103 13 561 12433 7246 264 11012 72103 13 561 2235 6522 7854 279 9506 13759 13 561 14367 25624 264 23772 6321 13 561 14367 49992 264 23772 6321 13 561 37714 49992 279 9506 13759 13 561 12433 7854 264 23772 6321 13 357 2526 14882 23235 279 9506 13759 13 561 13159 11693 264 11012 72103 13 357 2526 14882 11693 449 4147 70676 13 6983 12050 16384 264 11012 72103 13 357 27786 27491 11693 264 11012 72103 13 357 27786 27491 49992 2250 14527 6679 13 6983 12050 11693 449 4147 70676 13 6983 12050 16384 264 23772 6321 13 561 12433 7854 449 4147 70676 13 6983 12050 49992 449 4147 70676 13 357 28282 7854 2250 14527 6679 13 561 12433 49992 279 17631 5459 13 6983 12050 7854 449 4147 70676 13 561 12433 49992 279 11129 29262 13 561 12433 11354 2250 14527 6679 13 6056 36600 23235 264 11012 72103 13 561 37714 25624 264 11012 72103 13 357 27786 27491 25624 449 4147 70676 13 6056 36600 7854 264 11012 72103 13 357 27786 27491 23235 2250 14527 6679 13 561 37714 25624 449 4147 70676 13 357 28282 16384 449 4147 70676 13 561 37714 11354 279 17631 5459 13 6983 12050 11693 449 4147 70676 13 561 2235 6522 25624 264 11012 72103 13 561 37714 25624 2250 14527 6679 13 357 27786 27491 11354 264 11012 72103 13 357 2526 14882 7246 279 9506 13759 13 6983 12050 11354 264 11012 72103 13 561 2235 6522 7246 264 23772 6321 13 6056 36600 23235 449 4147 70676 13 561 37714 11354 279 11129 29262 13 357 2526 14882 25624 279 17631 5459 13 561 14367 7246 279 9506 13759 13 561 2235 6522 49992 279 2981 9057 13 357 28282 23235 264 11012 72103 13 357 28282 7246 449 4147 70676 13 561 2235 6522 25624 264 23772 6321 13 561 13159 11354 449 4147 70676 13 561 2235 6522 7854 279 17631 5459 13 561 12433 25624 279 17631 5459 13 561 12433 11693 279 2981 9057 13 561 2235 6522 16384 2250 14527 6679 13 357 2526 14882 11693 264 11012 72103 13 561 13159 25624 264 23772 6321 13 561 12433 16384 279 2981 9057 13 561 13159 16384 279 17631 5459 13 561 12433 25624 279 2981 9057 13 357 27786 27491 11354 279 11129 29262 13 357 2526 14882 7854 264 11012 72103 13 357 2526 14882 16384 264 11012 72103 13 561 13159 25624 449 4147 70676 13 561 14367 7854 279 2981 9057 13 6983 12050 25624 279 9506 13759 13 357 28282 16384 264 11012 72103 13 357 2526 14882 7854 279 9506 13759 13 6983 12050 7854 279 17631 5459 13 561 2235 6522 7854 264 23772 6321 13 357 27786 27491 23235 279 17631 5459 13 561 14367 16384 279 17631 5459 13 561 2235 6522 16384 279 2981 9057 13 561 37714 25624 264 23772 6321 13 561 2235 6522 25624 279 11129 29262 13 357 27786 27491 16384 279 9506 13759 13 6056 36600 49992 279 17631 5459 13 561 12433 49992 279 11129 29262 13 6983 12050 11354 2250 14527 6679 13 561 14367 7854 264 11012 72103 13 561 2235 6522 23235 279 2981 9057 13 561 13159 11354 279 9506 13759 13 357 28282 49992 264 11012 72103 13 357 27786 27491 25624 279 17631 5459 13 357 28282 23235 2250 14527 6679 13 6056 36600 25624 279 2981 9057 13 561 2235 6522 16384 449 4147 70676 13 561 37714 7854 264 11012 72103 13 561 37714 23235 279 9506 13759 13 561 2235 6522 23235 264 11012 72103 13 561 2235 6522 49992 279 2981 9057 13 561 37714 49992 264 11012 72103 13 357 2526 14882 11354 2250 14527 6679 13 561 13159 25624 279 2981 9057 13 561 37714 11693 2250 14527 6679 13 561 37714 7854 279 2981 9057 13 357 27786 27491 49992 279 9506 13759 13 357 27786 27491 11693 264 23772 6321 13 561 13159 11354 449 4147 70676 13 561 37714 7854 279 17631 5459 13 357 28282 49992 279 11129 29262 13 561 13159 49992 449 4147 70676 13 561 14367 7854 264 11012 72103 13 561 13159 23235 2250 14527 6679 13 357 2526 14882 7246 264 11012 72103 13 561 12433 23235 264 23772 6321 13 561 37714 11693 264 23772 6321 13 357 27786 27491 11354 279 2981 9057 13 6056 36600 7246 279 9506 13759 13 561 14367 11354 279 11129 29262 13 561 13159 7246 279 11129 29262 13 357 28282 11354 264 23772 6321 13 357 28282 23235 279 9506 13759 13 357 2526 14882 23235 264 11012 72103 13 561 2235 6522 49992 279 11129 29262 13 561 2235 6522 7246 264 23772 6321 13 357 27786 27491 11354 264 23772 6321 13 357 27786 27491 49992 264 11012 72103 13 561 37714 25624 279 9506 13759 13 357 2526 14882 7854 449 4147 70676 13 561 13159 7246 279 2981 9057 13 357 27786 27491 11354 2250 14527 6679 13 561 2235 6522 16384 264 23772 6321 13 357 27786 27491 25624 264 23772 6321 13 561 12433 49992 264 23772 6321 13 357 27786 27491 16384 279 9506 13759 13 561 2235 6522 7246 2250 14527 6679 13 561 13159 7246 279 2981 9057 13 561 2235 6522 16384 279 17631 5459 13 561 14367 49992 279 9506 13759 13 561 37714 25624 449 4147 70676 13 357 2526 14882 11354 279 2981 9057 13 561 37714 23235 279 2981 9057 13 357 28282 7246 279 9506 13759 13 357 2526 14882 49992 264 11012 72103 13 357 27786 27491 11693 279 9506 13759 13 357 2526 14882 49992 279 9506 13759 13 561 12433 23235 279 11129 29262 13 357 28282 16384 264 11012 72103 13 357 27786 27491 11354 279 9506 13759 13 561 13159 7854 449 4147 70676 13 6056 36600 25624 264 11012 72103 13 561 14367 23235 279 11129 29262 13 6983 12050 7246 264 11012 72103 13 561 13159 25624 2250 14527 6679 13 561 14367 11693 279 9506 13759 13 6983 12050 11354 279 2981 9057 13 561 14367 16384 2250 14527 6679 13 561 12433 49992 279 9506 13759 13 561 2235 6522 7854 279 2981 9057 13 561 12433 23235 449 4147 70676 13 561 37714 11693 279 9506 13759 13 561 12433 7246 279 17631 5459 13 561 2235 6522 23235 279 17631 5459 13 6983 12050 7854 449 4147 70676 13 561 37714 11354 264 23772 6321 13 357 28282 7246 279 2981 9057 13 357 28282 16384 2250 14527 6679 13 357 28282 11693 279 9506 13759 13 6983 12050 23235 279 17631 5459 13 357 2526 14882 11693 264 11012 72103 13 357 27786 27491 23235 279 9506 13759 13 6056 36600 23235 2250 14527 6679 13 561 12433 7246 279 9506 13759 13 357 2526 14882 49992 449 4147 70676 13 357 28282 23235 449 4147 70676 13 357 28282 16384 449 4147 70676 13 561 2235 6522 7854 279 11129 29262 13 561 37714 7854 449 4147 70676 13 561 13159 7854 264 11012 72103 13 357 2526 14882 7246 279 11129 29262 13 6056 36600 49992 449 4147 70676 13 6056 36600 11354 2250 14527 6679 13 561 14367 7854 449 4147 70676 13 561 12433 11354 279 11129 29262 13 561 13159 49992 279 17631 5459 13 561 14367 7246 279 2981 9057 13 357 28282 16384 279 9506 13759 13 6056 36600 16384 449 4147 70676 13 561 2235 6522 49992 264 11012 72103 13 561 14367 7854 264 11012 72103 13 6983 12050 11354 279 11129 29262 13 561 14367 23235 449 4147 70676 13 357 2526 14882 25624 264 11012 72103 13 357 27786 27491 25624 279 11129 29262 13 561 37714 23235 264 11012 72103 13 6056 36600 7854 264 11012 72103 13 6056 36600 16384 264 11012 72103 13 6983 12050 23235 2250 14527 6679 13 561 12433 7854 279 9506 13759 13 357 28282 11354 279 2981 9057 13 357 28282 11693 279 9506 13759 13 357 2526 14882 16384 279 17631 5459 13 561 37714 23235 264 23772 6321 13 561 37714 7854 279 9506 13759 13 357 2526 14882 23235 2250 14527 6679 13 357 27786 27491 49992 264 23772 6321 13 561 2235 6522 49992 264 23772 6321 13 561 37714 23235 279 2981 9057 13 561 13159 49992 279 11129 29262 13 357 2526 14882 7246 279 9506 13759 13 357 2526 14882 11693 264 11012 72103 13 6983 12050 11693 279 9506 13759 13 357 27786 27491 7246 279 2981 9057 13 357 28282 11354 279 11129 29262 13 561 13159 11693 264 23772 6321 13 357 2526 14882 25624 279 17631 5459 13 561 13159 23235 279 17631 5459 13 561 13159 7854 279 11129 29262 13 561 14367 23235 2250 14527 6679 13 357 2526 14882 49992 279 9506 13759 13 561 2235 6522 11354 449 4147 70676 13 561 13159 16384 279 9506 13759 13 357 27786 27491 23235 279 11129 29262 13 357 27786 27491 7854 279 9506 13759 13 561 14367 25624 279 2981 9057 13 561 14367 49992 449 4147 70676 13 6056 36600 49992 279 11129 29262 13 561 14367 25624 279 17631 5459 13 6056 36600 11354 449 4147 70676 13 357 2526 14882 49992 279 17631 5459 13 357 27786 27491 11693 279 11129 29262 13 6983 12050 7854 264 11012 72103 13 561 12433 25624 279 9506 13759 13 561 12433 11693 2250 14527 6679 13 561 14367 16384 279 11129 29262 13 6056 36600 7246 279 17631 5459 13 357 27786 27491 11354 449 4147 70676 13 357 27786 27491 7854 264 11012 72103 13 357 28282 25624 264 23772 6321 13 357 2526 14882 49992 449 4147 70676 13 357 27786 27491 7246 264 11012 72103 13 6056 36600 11354 279 17631 5459 13 561 2235 6522 7854 279 9506 13759 13 6056 36600 7246 449 4147 70676 13 561 37714 7854 264 23772 6321 13 561 2235 6522 11354 279 2981 9057 13 561 2235 6522 11354 279 11129 29262 13 357 28282 11354 264 23772 6321 13 561 2235 6522 7854 279 2981 9057 13 357 28282 11693 279 9506 13759 13 6056 36600 25624 449 4147 70676 13 357 28282 7246 264 23772 6321 13 357 2526 14882 11693 279 2981 9057 13 561 12433 25624 449 4147 70676 13 6983 12050 11693 449 4147 70676 13 357 28282 11693 264 11012 72103 13 561 2235 6522 11693 279 17631 5459 13 357 28282 25624 279 2981 9057 13 561 12433 7854 279 17631 5459 13 561 13159 11693 279 11129 29262 13 357 27786 27491 11354 449 4147 70676 13 561 37714 25624 449 4147 70676 13 357 2526 14882 7854 279 17631 5459 13 561 2235 6522 16384 279 9506 13759 13 561 37714 7246 449 4147 70676 13 561 2235 6522 49992 279 9506 13759 13 561 12433 16384 279 9506 13759 13 6983 12050 11693 279 11129 29262 13 561 13159 11693 279 11129 29262 13 561 12433 7854 264 23772 6321 13 6056 36600 11693 264 23772 6321 13 357 2526 14882 16384 279 2981 9057 13 6056 36600 11354 449 4147 70676 13 561 37714 11693 279 11129 29262 13 561 37714 7854 2250 14527 6679 13 357 28282 7854 279 9506 13759 13 357 2526 14882 23235 279 2981 9057 13 561 37714 49992 264 11012 72103 13 357 27786 27491 7854 279 11129 29262 13 6983 12050 7246 279 9506 13759 13 561 37714 49992 279 2981 9057 13 561 12433 49992 264 11012 72103 13 561 12433 11354 264 23772 6321 13 561 2235 6522 23235 279 9506 13759 13 357 2526 14882 7854 279 9506 13759 13 6983 12050 7246 264 23772 6321 13 357 2526 14882 49992 264 23772 6321 13 561 14367 49992 449 4147 70676 13 561 37714 49992 2250 14527 6679 13 561 14367 25624 279 2981 9057 13 357 27786 27491 11354 449 4147 70676 13 561 37714 7854 264 23772 6321 13 6983 12050 7854 279 9506 13759 13 357 2526 14882 7854 264 23772 6321 13 6983 12050 49992 279 17631 5459 13 357 2526 14882 23235 449 4147 70676 13 357 27786 27491 11693 279 9506 13759 13 6056 36600 25624 2250 14527 6679 13 6983 12050 16384 279 11129 29262 13 561 12433 11354 279 17631 5459 13 6983 12050 11693 279 11129 29262 13 561 12433 7246 279 2981 9057 13 561 13159 25624 279 2981 9057 13 6983 12050 23235 279 9506 13759 13 357 28282 16384 264 23772 6321 13 357 27786 27491 7246 279 2981 9057 13 561 13159 11693 279 11129 29262 13 6983 12050 11693 279 2981 9057 13 561 14367 7246 449 4147 70676 13 6983 12050 11693 2250 14527 6679 13 357 27786 27491 7854 264 11012 72103 13 561 37714 11693 264 23772 6321 13 561 13159 25624 2250 14527 6679 13 561 37714 23235 449 4147 70676 13 6983 12050 11693 279 2981 9057 13 6056 36600 49992 279 2981 9057 13 561 12433 11693 279 17631 5459 13 271 14162 25 1092 369 279 6038 1970 364 279 33439 30 21134 440 279 1970 1132 13 248046 198 248045 74455 198 248068 271 248069 271
output  : 1679 193844 1058 12 19 16 22 17 248046 198 248044 248045 248045 248045 248045 248045 248045 248045 248045 248045 248045 248045 248045 248045
decode                   24 tokens in 1054.7 ms  ->  22.76 tok/s
prefill                  26292 tokens in 39389.6 ms  ->  667.49 tok/s  (time to first token 39463.3 ms)
