strata generate: PCIe probe: 42.4 GB/s host->device -> pcie_frac 0.55 (default 0.55)
strata generate: this CPU has no AVX-512: the expert kernels run on AVX-2 (multi-token for the i-quant gate/up rows)
strata generate: native pack: <data>/packs/qwen-iq3_xxs experts (largest blob 2.33 MB), token embedding type 21 in mapped host memory (260 MiB)
strata generate: 1466 MiB of weights loaded from <data>/packs/qwen-iq3_xxs (302 canonical tensors skipped: served natively)
strata generate: 300 native projection matrices, 1781.11 MiB of weights
strata generate: PLE on, table 320001536 rows of <data>/models/Qwen3.8-Flash-Next-GSQ-RCO-IQ3_XXS-00002-of-00002.gguf
strata mtp: draft layer loaded, 839 MiB of VRAM (experts 675, dense 111), files read in 0.43 s (1829 MiB/s)
strata generate: expert arena: one mapping registered for device copies; transparent huge pages requested (madvise); no mlock
strata generate: loaded 39.97 GiB at 4.05 GiB/s
strata generate: profile <repo>/data/expert-profile.bin: 24576 ranked pairs, built for 24576 slots
strata generate: experimental native Q5_K head, 437043200 bytes
strata generate: expert cache auto: 26.21 GiB free, 700 MiB reserved -> 11765 slots
strata generate: expert cache 15705 slots, 25.52 GiB of VRAM; policy is
strata generate: the GPU computes the experts in the cache; it rounds differently from the CPU,
                 so a reply can differ slightly from a run without the cache (same quality:
                 bench/results/2026-09-27-cache-parity).
                 PROFILE, ranked by routing frequency, no eviction.
strata generate: pre-filled 15705 of 15705 slots from the profile; slot 0 verified
strata generate: R4 hit path ON - resident experts are computed on the GPU
strata generate: 19 expert-pool workers + the host thread
strata generate: session is up (engine 0.1.0)
strata generate: sampling greedy
strata generate: token graph hit path: 15705 resident experts, decided on the device
strata generate: prompt chunk auto: 8192 tokens
strata generate: prompt path borrows 2603 cache slots (4.26 GiB)
strata mtp: draft head over 40525 tokens (68.0 MiB)
strata generate: 2603 lent slots refilled in 474.8 ms
strata generate: prefill 26292 tokens in 4 chunks, 27526.9 ms (955.1 tok/s); experts streamed 41544 (41544 by DMA, host 10236.4 ms), resident 33020; PLE 63.8 ms
strata verify: window up to 6 tokens, 69.1 MiB of device buffers
strata verify: captured the 1-token window (sync ok)
strata verify: captured the 4-token window (sync ok)
strata verify: captured the 3-token window (sync ok)
speculation              11 rounds of 6, drafts accepted 16 of 29 (0.552), 2.45 tokens per round
suffix drafts            3 windows, drafts accepted 8 of 8
accepted per round       0:5 1:0 2:2 3:4 4:0 5:0
verify window            wait for rings 45.648  pool 9.199  host 1.271  commit 1.301 ms/round; CPU experts 3.70 distinct / 4.92 routed per layer
host memory              55 major page faults while decoding; 0 MiB of this process in swap
pool multi               gate/up 5.494  quantize 0.053  down 2.971 ms/round; 36.1 GB/s over the rows phases; CPU pool call 9.194 ms/round
dispatch                 plan 0.077  activation quantize 0.303  jobs 0.287  run 8.522 ms/round
pcie experts             0.00 distinct experts per layer read over PCIe (share 141/256 of the misses)
mtp                      6.111 ms/round drafting (10 rounds), MTP prompt 2123.3 ms, 907 MiB of VRAM
prompt  : 248045 846 198 50525 25 279 6038 1970 364 279 33439 369 199891 1271 1058 12 19 16 22 17 13 357 2526 14882 7246 279 9506 13759 13 561 14367 25624 264 11012 72103 13 357 2526 14882 11354 2250 14527 6679 13 561 14367 25624 279 9506 13759 13 561 13159 25624 2250 14527 6679 13 357 28282 7854 279 17631 5459 13 357 27786 27491 25624 2250 14527 6679 13 357 27786 27491 11354 279 9506 13759 13 561 14367 11693 279 17631 5459 13 561 37714 7246 279 11129 29262 13 561 13159 7246 264 11012 72103 13 357 27786 27491 16384 279 2981 9057 13 357 28282 11693 264 23772 6321 13 357 28282 25624 279 17631 5459 13 357 27786 27491 11693 449 4147 70676 13 561 37714 7854 264 23772 6321 13 6056 36600 49992 264 23772 6321 13 561 12433 11693 279 2981 9057 13 6983 12050 25624 279 11129 29262 13 561 37714 49992 264 23772 6321 13 6056 36600 16384 264 11012 72103 13 357 28282 7854 279 2981 9057 13 357 2526 14882 7246 449 4147 70676 13 561 13159 11354 264 11012 72103 13 561 37714 23235 264 23772 6321 13 357 2526 14882 49992 449 4147 70676 13 357 28282 25624 279 11129 29262 13 6056 36600 25624 279 17631 5459 13 561 12433 49992 279 11129 29262 13 561 13159 23235 279 17631 5459 13 6056 36600 23235 279 2981 9057 13 357 27786 27491 25624 449 4147 70676 13 561 14367 11693 279 11129 29262 13 561 2235 6522 11693 279 9506 13759 13 561 13159 49992 264 11012 72103 13 561 2235 6522 49992 279 9506 13759 13 561 37714 16384 279 2981 9057 13 561 13159 16384 279 9506 13759 13 357 2526 14882 7854 2250 14527 6679 13 561 2235 6522 25624 279 2981 9057 13 561 2235 6522 11693 2250 14527 6679 13 561 14367 49992 279 2981 9057 13 561 12433 16384 279 17631 5459 13 561 2235 6522 7854 264 23772 6321 13 357 27786 27491 23235 279 2981 9057 13 561 37714 11354 449 4147 70676 13 561 37714 7854 279 9506 13759 13 561 13159 7854 264 11012 72103 13 6056 36600 7854 279 17631 5459 13 6983 12050 25624 2250 14527 6679 13 6056 36600 7246 264 11012 72103 13 357 2526 14882 11354 264 11012 72103 13 561 14367 7246 264 11012 72103 13 357 2526 14882 11354 264 11012 72103 13 6983 12050 7854 279 2981 9057 13 561 12433 23235 264 23772 6321 13 6056 36600 25624 264 11012 72103 13 6056 36600 49992 449 4147 70676 13 6056 36600 16384 264 11012 72103 13 561 2235 6522 25624 264 23772 6321 13 561 12433 49992 279 2981 9057 13 561 37714 11354 2250 14527 6679 13 561 37714 23235 279 2981 9057 13 561 37714 11354 279 11129 29262 13 357 28282 16384 264 23772 6321 13 561 2235 6522 23235 2250 14527 6679 13 561 37714 23235 2250 14527 6679 13 357 27786 27491 11693 2250 14527 6679 13 561 13159 11693 2250 14527 6679 13 561 37714 49992 264 23772 6321 13 561 14367 11354 279 11129 29262 13 6056 36600 16384 2250 14527 6679 13 357 27786 27491 23235 449 4147 70676 13 357 2526 14882 23235 264 11012 72103 13 6983 12050 25624 2250 14527 6679 13 6056 36600 11693 264 23772 6321 13 6983 12050 49992 279 17631 5459 13 6056 36600 23235 264 11012 72103 13 357 28282 7854 2250 14527 6679 13 6056 36600 7246 279 9506 13759 13 357 2526 14882 25624 279 9506 13759 13 6056 36600 7854 264 11012 72103 13 561 2235 6522 7246 279 2981 9057 13 561 14367 7246 449 4147 70676 13 561 2235 6522 49992 264 23772 6321 13 561 2235 6522 7246 279 17631 5459 13 561 14367 25624 279 2981 9057 13 561 13159 11693 2250 14527 6679 13 561 14367 16384 2250 14527 6679 13 561 12433 11693 264 23772 6321 13 561 12433 7854 279 2981 9057 13 561 14367 23235 449 4147 70676 13 357 27786 27491 7854 279 2981 9057 13 561 37714 7246 279 17631 5459 13 6056 36600 7246 279 17631 5459 13 561 2235 6522 7246 279 2981 9057 13 6056 36600 25624 279 17631 5459 13 357 2526 14882 49992 264 11012 72103 13 561 37714 11354 2250 14527 6679 13 6983 12050 16384 279 17631 5459 13 357 28282 49992 279 17631 5459 13 357 28282 49992 264 23772 6321 13 357 27786 27491 11693 279 11129 29262 13 6056 36600 49992 2250 14527 6679 13 561 37714 16384 2250 14527 6679 13 6056 36600 7246 279 9506 13759 13 357 28282 7854 449 4147 70676 13 357 2526 14882 25624 2250 14527 6679 13 561 13159 25624 2250 14527 6679 13 561 12433 25624 279 2981 9057 13 357 2526 14882 7246 279 11129 29262 13 561 2235 6522 49992 2250 14527 6679 13 357 28282 7854 449 4147 70676 13 561 2235 6522 11693 279 2981 9057 13 561 13159 7854 264 23772 6321 13 561 13159 11693 264 23772 6321 13 357 2526 14882 25624 264 23772 6321 13 561 14367 23235 449 4147 70676 13 6056 36600 11354 279 9506 13759 13 357 2526 14882 16384 264 11012 72103 13 357 28282 11693 264 11012 72103 13 357 28282 16384 279 11129 29262 13 561 14367 7246 279 11129 29262 13 561 2235 6522 7854 279 11129 29262 13 561 13159 7246 449 4147 70676 13 357 2526 14882 25624 279 11129 29262 13 561 14367 7246 279 9506 13759 13 357 28282 16384 279 17631 5459 13 357 28282 16384 264 11012 72103 13 357 27786 27491 11693 264 11012 72103 13 561 12433 25624 449 4147 70676 13 561 14367 23235 279 9506 13759 13 561 12433 7246 279 17631 5459 13 561 37714 11693 264 11012 72103 13 561 2235 6522 16384 279 17631 5459 13 561 2235 6522 11693 279 11129 29262 13 561 12433 11693 279 11129 29262 13 6056 36600 7246 279 11129 29262 13 357 2526 14882 11354 279 11129 29262 13 561 14367 11354 279 17631 5459 13 561 37714 11693 449 4147 70676 13 6983 12050 49992 264 11012 72103 13 561 13159 49992 279 9506 13759 13 561 37714 16384 2250 14527 6679 13 6983 12050 23235 2250 14527 6679 13 561 2235 6522 7854 264 23772 6321 13 561 14367 7246 279 17631 5459 13 357 28282 16384 279 9506 13759 13 561 2235 6522 11354 264 11012 72103 13 561 13159 16384 2250 14527 6679 13 561 12433 11354 449 4147 70676 13 561 2235 6522 7246 279 11129 29262 13 6056 36600 11354 279 11129 29262 13 357 2526 14882 23235 264 23772 6321 13 6983 12050 11354 279 11129 29262 13 6983 12050 23235 279 2981 9057 13 561 14367 23235 279 9506 13759 13 357 28282 49992 279 11129 29262 13 561 37714 11693 2250 14527 6679 13 561 37714 11354 264 11012 72103 13 561 12433 25624 279 2981 9057 13 561 13159 11354 279 9506 13759 13 561 14367 16384 279 11129 29262 13 6983 12050 25624 279 2981 9057 13 357 27786 27491 7854 264 23772 6321 13 6056 36600 7246 279 11129 29262 13 357 27786 27491 7246 279 17631 5459 13 561 37714 7854 279 2981 9057 13 561 37714 11354 2250 14527 6679 13 357 28282 11354 279 17631 5459 13 561 2235 6522 23235 264 11012 72103 13 561 13159 49992 279 17631 5459 13 561 14367 11693 449 4147 70676 13 561 12433 11354 449 4147 70676 13 357 28282 25624 264 11012 72103 13 6056 36600 16384 264 11012 72103 13 561 12433 11693 2250 14527 6679 13 6983 12050 49992 449 4147 70676 13 561 13159 25624 449 4147 70676 13 561 12433 11354 2250 14527 6679 13 357 28282 7246 264 23772 6321 13 561 12433 16384 279 2981 9057 13 561 14367 49992 279 17631 5459 13 6056 36600 16384 264 11012 72103 13 6983 12050 49992 279 11129 29262 13 561 37714 16384 449 4147 70676 13 6056 36600 49992 264 11012 72103 13 561 37714 11693 279 11129 29262 13 357 28282 49992 279 17631 5459 13 561 12433 49992 264 11012 72103 13 561 37714 49992 279 11129 29262 13 561 13159 11693 2250 14527 6679 13 357 28282 25624 279 2981 9057 13 561 37714 16384 264 23772 6321 13 561 2235 6522 16384 264 11012 72103 13 357 2526 14882 11693 449 4147 70676 13 6056 36600 7854 279 17631 5459 13 561 2235 6522 11354 449 4147 70676 13 6056 36600 7854 279 11129 29262 13 561 2235 6522 7854 264 23772 6321 13 561 13159 23235 264 11012 72103 13 357 2526 14882 11354 264 23772 6321 13 357 2526 14882 7854 264 11012 72103 13 6983 12050 11354 279 11129 29262 13 561 12433 23235 264 11012 72103 13 561 13159 7854 264 11012 72103 13 357 2526 14882 7854 279 11129 29262 13 561 14367 16384 264 11012 72103 13 561 14367 16384 279 2981 9057 13 6983 12050 16384 279 9506 13759 13 561 37714 23235 2250 14527 6679 13 357 2526 14882 7854 279 17631 5459 13 561 13159 11693 264 11012 72103 13 561 14367 7854 449 4147 70676 13 357 27786 27491 7246 279 11129 29262 13 6056 36600 11354 279 2981 9057 13 561 2235 6522 49992 279 9506 13759 13 357 2526 14882 16384 279 11129 29262 13 561 12433 16384 279 9506 13759 13 6983 12050 16384 449 4147 70676 13 561 37714 7854 264 11012 72103 13 561 2235 6522 7246 264 11012 72103 13 6983 12050 49992 2250 14527 6679 13 6056 36600 23235 449 4147 70676 13 561 13159 7246 2250 14527 6679 13 6983 12050 25624 279 2981 9057 13 357 2526 14882 25624 264 23772 6321 13 6983 12050 23235 279 11129 29262 13 357 27786 27491 11693 279 17631 5459 13 561 13159 7854 279 9506 13759 13 561 37714 11693 279 9506 13759 13 561 12433 23235 279 17631 5459 13 6056 36600 16384 264 23772 6321 13 561 2235 6522 11693 264 11012 72103 13 561 12433 11693 279 9506 13759 13 561 13159 49992 279 9506 13759 13 561 12433 11354 279 2981 9057 13 561 14367 7854 449 4147 70676 13 357 27786 27491 49992 279 17631 5459 13 357 28282 7854 449 4147 70676 13 6056 36600 11693 264 11012 72103 13 6983 12050 7246 279 2981 9057 13 561 37714 25624 449 4147 70676 13 357 28282 11354 279 17631 5459 13 561 2235 6522 11693 279 17631 5459 13 561 12433 7246 279 11129 29262 13 561 37714 7854 264 11012 72103 13 357 28282 25624 279 11129 29262 13 561 37714 11693 279 9506 13759 13 561 12433 11693 279 17631 5459 13 561 14367 16384 449 4147 70676 13 561 12433 23235 2250 14527 6679 13 6056 36600 11693 2250 14527 6679 13 561 14367 7854 279 11129 29262 13 561 14367 11354 2250 14527 6679 13 6056 36600 7854 264 11012 72103 13 561 12433 11693 279 9506 13759 13 357 2526 14882 11693 449 4147 70676 13 561 14367 23235 279 9506 13759 13 357 2526 14882 7854 2250 14527 6679 13 561 14367 16384 264 11012 72103 13 6983 12050 49992 2250 14527 6679 13 561 12433 11693 2250 14527 6679 13 6056 36600 11693 279 11129 29262 13 561 12433 25624 449 4147 70676 13 357 27786 27491 7246 2250 14527 6679 13 6056 36600 7854 279 17631 5459 13 357 27786 27491 7246 279 9506 13759 13 561 14367 11693 279 17631 5459 13 357 27786 27491 7246 279 9506 13759 13 561 14367 11354 279 2981 9057 13 561 13159 49992 264 23772 6321 13 357 28282 25624 279 2981 9057 13 357 2526 14882 11693 279 2981 9057 13 561 37714 49992 279 17631 5459 13 561 12433 7854 264 23772 6321 13 357 2526 14882 49992 279 2981 9057 13 357 28282 11354 264 11012 72103 13 561 12433 25624 264 23772 6321 13 561 13159 25624 2250 14527 6679 13 561 13159 23235 279 11129 29262 13 561 13159 25624 279 17631 5459 13 6056 36600 11693 264 23772 6321 13 561 37714 49992 2250 14527 6679 13 357 2526 14882 23235 449 4147 70676 13 561 14367 7854 2250 14527 6679 13 561 13159 11354 279 9506 13759 13 561 14367 49992 264 11012 72103 13 561 14367 16384 2250 14527 6679 13 357 28282 23235 264 23772 6321 13 561 12433 23235 279 17631 5459 13 561 12433 23235 279 11129 29262 13 561 12433 11354 264 11012 72103 13 561 14367 11693 264 11012 72103 13 6056 36600 49992 279 9506 13759 13 561 12433 7854 449 4147 70676 13 561 2235 6522 49992 279 2981 9057 13 561 14367 16384 279 2981 9057 13 357 27786 27491 11693 264 23772 6321 13 357 2526 14882 49992 264 23772 6321 13 357 27786 27491 25624 2250 14527 6679 13 561 13159 7246 2250 14527 6679 13 561 13159 25624 279 17631 5459 13 6056 36600 23235 279 2981 9057 13 561 13159 25624 264 11012 72103 13 561 12433 25624 2250 14527 6679 13 357 28282 7854 449 4147 70676 13 6056 36600 7246 2250 14527 6679 13 561 2235 6522 7854 449 4147 70676 13 357 27786 27491 11693 264 11012 72103 13 561 12433 16384 279 11129 29262 13 357 27786 27491 16384 264 23772 6321 13 561 12433 16384 2250 14527 6679 13 6056 36600 11693 279 2981 9057 13 6983 12050 11693 279 2981 9057 13 561 12433 11693 264 23772 6321 13 357 28282 7854 279 11129 29262 13 6983 12050 11693 264 11012 72103 13 6056 36600 11354 264 11012 72103 13 561 14367 49992 2250 14527 6679 13 6056 36600 23235 279 17631 5459 13 561 12433 11693 264 11012 72103 13 561 14367 11693 2250 14527 6679 13 357 28282 23235 279 2981 9057 13 6056 36600 16384 279 17631 5459 13 357 28282 23235 2250 14527 6679 13 561 14367 23235 264 23772 6321 13 561 2235 6522 11354 2250 14527 6679 13 561 12433 11354 2250 14527 6679 13 561 14367 23235 279 9506 13759 13 357 2526 14882 7246 279 11129 29262 13 357 28282 11693 279 17631 5459 13 6056 36600 49992 264 11012 72103 13 561 13159 25624 279 9506 13759 13 561 37714 7246 264 11012 72103 13 561 2235 6522 7854 279 11129 29262 13 561 13159 16384 279 11129 29262 13 561 13159 11354 279 11129 29262 13 357 27786 27491 23235 279 9506 13759 13 561 13159 11354 264 23772 6321 13 6983 12050 7854 279 9506 13759 13 6983 12050 11354 279 9506 13759 13 561 2235 6522 7854 264 11012 72103 13 357 28282 7854 264 23772 6321 13 6056 36600 7246 279 2981 9057 13 561 14367 11354 279 2981 9057 13 561 13159 25624 264 23772 6321 13 561 37714 7246 279 2981 9057 13 357 2526 14882 16384 279 2981 9057 13 561 37714 7246 264 11012 72103 13 357 28282 7854 449 4147 70676 13 6983 12050 16384 279 2981 9057 13 561 14367 49992 264 23772 6321 13 561 14367 7854 264 11012 72103 13 357 27786 27491 7246 2250 14527 6679 13 357 27786 27491 7854 2250 14527 6679 13 6056 36600 7246 2250 14527 6679 13 561 14367 7854 279 2981 9057 13 561 13159 23235 264 11012 72103 13 561 2235 6522 11693 2250 14527 6679 13 561 14367 11354 264 23772 6321 13 357 28282 7854 449 4147 70676 13 561 37714 16384 279 9506 13759 13 561 12433 11693 279 9506 13759 13 561 13159 23235 449 4147 70676 13 561 37714 49992 279 2981 9057 13 561 14367 11354 449 4147 70676 13 6056 36600 11693 449 4147 70676 13 357 27786 27491 49992 279 2981 9057 13 6056 36600 7854 264 11012 72103 13 357 28282 7246 264 23772 6321 13 561 13159 23235 264 11012 72103 13 6056 36600 11354 279 17631 5459 13 561 2235 6522 25624 264 23772 6321 13 561 37714 25624 279 17631 5459 13 561 37714 7854 279 2981 9057 13 561 14367 25624 264 11012 72103 13 6983 12050 7246 449 4147 70676 13 561 12433 7246 2250 14527 6679 13 357 28282 23235 279 11129 29262 13 561 2235 6522 23235 279 11129 29262 13 6056 36600 7246 279 11129 29262 13 561 37714 49992 2250 14527 6679 13 357 27786 27491 16384 2250 14527 6679 13 357 2526 14882 23235 279 17631 5459 13 6983 12050 7246 279 9506 13759 13 561 2235 6522 16384 264 23772 6321 13 561 13159 7246 279 11129 29262 13 357 28282 11354 264 23772 6321 13 6056 36600 25624 279 11129 29262 13 561 37714 7854 264 23772 6321 13 561 12433 7854 264 23772 6321 13 357 27786 27491 7246 264 23772 6321 13 357 2526 14882 25624 449 4147 70676 13 6983 12050 7246 279 17631 5459 13 561 12433 16384 279 11129 29262 13 357 27786 27491 23235 279 17631 5459 13 561 14367 11693 279 2981 9057 13 561 12433 7854 279 9506 13759 13 561 37714 23235 279 17631 5459 13 561 2235 6522 49992 2250 14527 6679 13 357 27786 27491 11354 279 17631 5459 13 561 14367 11354 264 23772 6321 13 561 12433 25624 264 23772 6321 13 561 37714 11693 279 9506 13759 13 357 27786 27491 16384 279 2981 9057 13 6983 12050 23235 449 4147 70676 13 561 2235 6522 7246 279 17631 5459 13 6983 12050 7246 449 4147 70676 13 357 28282 25624 279 2981 9057 13 561 12433 7854 279 11129 29262 13 561 14367 11354 264 23772 6321 13 357 27786 27491 49992 449 4147 70676 13 6983 12050 7246 279 17631 5459 13 561 14367 11354 279 17631 5459 13 561 13159 7246 2250 14527 6679 13 561 2235 6522 11354 264 11012 72103 13 561 14367 11693 279 2981 9057 13 561 13159 11693 279 9506 13759 13 357 27786 27491 7246 279 11129 29262 13 357 28282 16384 279 17631 5459 13 6056 36600 11354 279 9506 13759 13 561 13159 49992 264 11012 72103 13 6056 36600 7246 2250 14527 6679 13 357 28282 16384 2250 14527 6679 13 561 14367 25624 264 23772 6321 13 561 12433 11354 279 11129 29262 13 561 37714 7854 279 11129 29262 13 561 12433 11693 264 11012 72103 13 561 37714 11354 279 2981 9057 13 561 12433 11693 2250 14527 6679 13 561 2235 6522 23235 2250 14527 6679 13 561 13159 23235 2250 14527 6679 13 561 13159 49992 449 4147 70676 13 561 37714 11354 279 17631 5459 13 561 13159 11693 279 11129 29262 13 6983 12050 7854 264 11012 72103 13 357 27786 27491 7246 279 2981 9057 13 561 14367 11354 264 11012 72103 13 357 28282 7246 264 23772 6321 13 561 2235 6522 11354 279 17631 5459 13 561 14367 7246 279 17631 5459 13 357 28282 11354 264 11012 72103 13 357 27786 27491 23235 2250 14527 6679 13 561 37714 25624 279 9506 13759 13 357 28282 11693 2250 14527 6679 13 6983 12050 25624 279 17631 5459 13 561 14367 25624 279 11129 29262 13 6056 36600 25624 279 2981 9057 13 357 28282 11693 279 11129 29262 13 357 2526 14882 23235 279 9506 13759 13 561 12433 11354 264 23772 6321 13 561 12433 16384 279 17631 5459 13 357 2526 14882 23235 449 4147 70676 13 561 12433 11354 279 9506 13759 13 561 14367 7854 264 11012 72103 13 357 2526 14882 49992 279 17631 5459 13 561 37714 11693 264 11012 72103 13 357 27786 27491 16384 279 2981 9057 13 561 13159 11354 2250 14527 6679 13 561 12433 11354 279 17631 5459 13 357 2526 14882 49992 264 11012 72103 13 6056 36600 7246 449 4147 70676 13 357 27786 27491 23235 279 11129 29262 13 357 27786 27491 7246 279 11129 29262 13 6983 12050 11693 449 4147 70676 13 561 2235 6522 25624 264 11012 72103 13 6056 36600 25624 264 23772 6321 13 357 2526 14882 25624 279 9506 13759 13 561 13159 25624 279 9506 13759 13 561 14367 23235 2250 14527 6679 13 561 12433 16384 279 9506 13759 13 561 37714 7246 279 9506 13759 13 6983 12050 49992 279 2981 9057 13 561 37714 11354 264 23772 6321 13 357 27786 27491 23235 279 2981 9057 13 6056 36600 23235 279 2981 9057 13 6056 36600 49992 279 11129 29262 13 357 27786 27491 11693 279 2981 9057 13 357 2526 14882 49992 2250 14527 6679 13 561 37714 11693 279 11129 29262 13 561 12433 7246 279 2981 9057 13 6983 12050 23235 264 23772 6321 13 561 2235 6522 11693 264 23772 6321 13 6983 12050 16384 264 11012 72103 13 561 2235 6522 25624 2250 14527 6679 13 561 13159 7246 279 2981 9057 13 561 12433 16384 279 9506 13759 13 561 12433 11693 264 11012 72103 13 357 28282 16384 2250 14527 6679 13 561 13159 49992 279 17631 5459 13 561 14367 7854 279 9506 13759 13 6983 12050 16384 449 4147 70676 13 561 14367 7246 279 11129 29262 13 357 27786 27491 7854 279 17631 5459 13 6983 12050 7854 279 9506 13759 13 6983 12050 11693 279 2981 9057 13 357 28282 49992 279 9506 13759 13 357 2526 14882 16384 264 11012 72103 13 561 13159 11693 279 9506 13759 13 561 2235 6522 16384 279 9506 13759 13 6056 36600 49992 279 17631 5459 13 357 27786 27491 7854 279 2981 9057 13 357 2526 14882 11354 279 9506 13759 13 6056 36600 25624 279 17631 5459 13 561 12433 11693 279 2981 9057 13 6983 12050 23235 264 11012 72103 13 357 27786 27491 49992 2250 14527 6679 13 6056 36600 11354 264 23772 6321 13 561 37714 23235 279 9506 13759 13 6056 36600 11693 279 2981 9057 13 561 13159 25624 264 23772 6321 13 561 14367 16384 279 11129 29262 13 561 13159 7854 279 17631 5459 13 561 14367 25624 279 9506 13759 13 561 13159 23235 279 11129 29262 13 357 28282 11693 279 11129 29262 13 561 13159 11693 279 9506 13759 13 6056 36600 11693 279 2981 9057 13 561 2235 6522 25624 2250 14527 6679 13 6056 36600 11693 279 2981 9057 13 357 2526 14882 7854 449 4147 70676 13 561 12433 7246 449 4147 70676 13 357 2526 14882 11693 279 11129 29262 13 561 13159 16384 279 9506 13759 13 561 2235 6522 49992 279 17631 5459 13 561 12433 23235 2250 14527 6679 13 561 12433 23235 449 4147 70676 13 6056 36600 7854 264 11012 72103 13 357 2526 14882 7246 279 11129 29262 13 561 13159 11354 264 11012 72103 13 357 27786 27491 23235 279 2981 9057 13 561 37714 23235 279 17631 5459 13 561 14367 11693 264 11012 72103 13 561 12433 16384 264 11012 72103 13 357 27786 27491 7246 2250 14527 6679 13 561 2235 6522 49992 264 23772 6321 13 561 2235 6522 11693 279 9506 13759 13 561 37714 7246 264 11012 72103 13 561 37714 16384 2250 14527 6679 13 6056 36600 11693 264 11012 72103 13 6056 36600 25624 264 11012 72103 13 561 12433 7854 2250 14527 6679 13 561 2235 6522 49992 449 4147 70676 13 561 37714 11354 449 4147 70676 13 6056 36600 7246 449 4147 70676 13 6983 12050 49992 279 2981 9057 13 561 37714 11354 279 2981 9057 13 357 2526 14882 49992 449 4147 70676 13 561 12433 49992 264 23772 6321 13 561 13159 7854 264 11012 72103 13 561 2235 6522 23235 279 17631 5459 13 561 14367 11354 264 23772 6321 13 357 28282 49992 449 4147 70676 13 561 2235 6522 11354 2250 14527 6679 13 561 13159 7246 264 23772 6321 13 357 28282 23235 264 23772 6321 13 6056 36600 11693 279 11129 29262 13 561 13159 23235 279 9506 13759 13 561 12433 11354 279 11129 29262 13 561 12433 23235 449 4147 70676 13 561 13159 23235 279 11129 29262 13 561 37714 23235 2250 14527 6679 13 6056 36600 25624 264 23772 6321 13 6983 12050 23235 279 11129 29262 13 561 2235 6522 25624 279 17631 5459 13 561 13159 7854 279 17631 5459 13 561 13159 16384 264 11012 72103 13 561 14367 11354 2250 14527 6679 13 6056 36600 11354 279 9506 13759 13 357 27786 27491 7246 264 11012 72103 13 6983 12050 11354 449 4147 70676 13 561 2235 6522 25624 279 2981 9057 13 561 14367 7854 264 11012 72103 13 561 14367 23235 279 2981 9057 13 561 12433 16384 279 11129 29262 13 561 2235 6522 7854 279 17631 5459 13 357 2526 14882 11354 279 9506 13759 13 357 27786 27491 11354 449 4147 70676 13 357 27786 27491 11354 264 11012 72103 13 561 13159 7854 449 4147 70676 13 357 28282 11354 279 9506 13759 13 357 27786 27491 7246 449 4147 70676 13 561 13159 25624 264 11012 72103 13 6056 36600 11693 279 2981 9057 13 561 14367 7854 279 17631 5459 13 561 14367 25624 264 11012 72103 13 6983 12050 25624 279 2981 9057 13 6056 36600 11354 279 11129 29262 13 357 27786 27491 11693 449 4147 70676 13 561 2235 6522 11354 264 23772 6321 13 561 2235 6522 25624 279 11129 29262 13 561 37714 49992 449 4147 70676 13 561 12433 11354 279 17631 5459 13 561 14367 11354 279 17631 5459 13 357 27786 27491 25624 279 9506 13759 13 561 12433 16384 279 2981 9057 13 6056 36600 11354 264 23772 6321 13 357 2526 14882 49992 449 4147 70676 13 561 2235 6522 7246 264 11012 72103 13 357 2526 14882 7246 279 9506 13759 13 6056 36600 7854 449 4147 70676 13 561 12433 23235 279 11129 29262 13 561 12433 11354 264 23772 6321 13 357 27786 27491 11354 279 2981 9057 13 357 27786 27491 16384 279 9506 13759 13 6983 12050 7854 279 9506 13759 13 561 13159 11693 449 4147 70676 13 561 12433 11354 264 23772 6321 13 561 12433 16384 279 9506 13759 13 561 2235 6522 11354 279 11129 29262 13 561 2235 6522 7246 279 11129 29262 13 561 37714 49992 264 23772 6321 13 561 37714 25624 449 4147 70676 13 561 13159 11693 2250 14527 6679 13 561 12433 11354 279 9506 13759 13 6056 36600 11693 279 11129 29262 13 357 27786 27491 11354 279 9506 13759 13 6056 36600 25624 264 23772 6321 13 357 28282 11693 279 9506 13759 13 357 27786 27491 16384 264 23772 6321 13 6056 36600 11693 2250 14527 6679 13 6983 12050 11693 264 11012 72103 13 561 2235 6522 16384 264 23772 6321 13 357 27786 27491 23235 279 9506 13759 13 561 37714 7246 2250 14527 6679 13 561 14367 49992 264 23772 6321 13 357 28282 23235 449 4147 70676 13 357 28282 7246 264 23772 6321 13 357 27786 27491 11354 264 23772 6321 13 561 12433 11354 264 11012 72103 13 561 14367 11693 449 4147 70676 13 357 27786 27491 11693 279 11129 29262 13 561 12433 7854 264 11012 72103 13 6056 36600 7246 279 11129 29262 13 561 14367 23235 2250 14527 6679 13 561 2235 6522 7854 264 11012 72103 13 561 14367 11354 279 17631 5459 13 561 37714 23235 449 4147 70676 13 6056 36600 25624 279 9506 13759 13 357 28282 25624 279 11129 29262 13 357 2526 14882 11693 264 11012 72103 13 561 37714 7854 279 2981 9057 13 6056 36600 7246 264 23772 6321 13 6983 12050 11693 279 2981 9057 13 561 14367 16384 264 23772 6321 13 561 14367 11354 279 17631 5459 13 561 12433 49992 279 17631 5459 13 357 28282 7246 264 23772 6321 13 561 14367 11693 279 11129 29262 13 357 27786 27491 49992 264 11012 72103 13 6056 36600 23235 264 23772 6321 13 561 12433 7854 264 11012 72103 13 357 2526 14882 49992 279 9506 13759 13 561 2235 6522 49992 2250 14527 6679 13 561 2235 6522 11354 449 4147 70676 13 6983 12050 11354 279 2981 9057 13 6983 12050 25624 264 23772 6321 13 561 2235 6522 49992 264 11012 72103 13 561 13159 11354 264 11012 72103 13 6056 36600 23235 264 23772 6321 13 6983 12050 49992 264 11012 72103 13 357 2526 14882 7246 264 23772 6321 13 6983 12050 11354 279 2981 9057 13 6056 36600 7246 449 4147 70676 13 561 2235 6522 16384 279 9506 13759 13 561 13159 11693 279 2981 9057 13 561 14367 16384 279 11129 29262 13 357 2526 14882 7246 279 11129 29262 13 6056 36600 25624 264 23772 6321 13 6056 36600 49992 264 11012 72103 13 561 2235 6522 11354 2250 14527 6679 13 561 37714 49992 279 11129 29262 13 357 28282 16384 2250 14527 6679 13 357 2526 14882 7854 279 11129 29262 13 6983 12050 11693 264 11012 72103 13 561 13159 16384 279 9506 13759 13 561 2235 6522 11354 279 11129 29262 13 561 2235 6522 11354 449 4147 70676 13 561 37714 23235 279 2981 9057 13 6056 36600 11354 279 11129 29262 13 561 2235 6522 23235 279 9506 13759 13 561 14367 7854 2250 14527 6679 13 561 12433 7246 279 2981 9057 13 561 2235 6522 11693 279 2981 9057 13 6983 12050 25624 264 11012 72103 13 357 27786 27491 49992 279 11129 29262 13 561 2235 6522 11693 279 2981 9057 13 357 27786 27491 11693 279 11129 29262 13 6983 12050 11354 264 11012 72103 13 561 37714 7854 279 17631 5459 13 561 37714 23235 264 23772 6321 13 561 12433 49992 264 11012 72103 13 561 14367 7854 449 4147 70676 13 561 2235 6522 16384 2250 14527 6679 13 561 2235 6522 23235 279 17631 5459 13 561 2235 6522 23235 279 17631 5459 13 357 2526 14882 49992 264 11012 72103 13 357 28282 23235 2250 14527 6679 13 357 2526 14882 7854 279 17631 5459 13 561 12433 25624 449 4147 70676 13 6056 36600 11354 279 2981 9057 13 561 14367 11693 264 11012 72103 13 6983 12050 7246 279 2981 9057 13 357 28282 16384 279 11129 29262 13 561 37714 11354 279 17631 5459 13 357 28282 11693 279 11129 29262 13 561 14367 49992 2250 14527 6679 13 6056 36600 25624 264 23772 6321 13 357 28282 7246 279 17631 5459 13 561 12433 25624 449 4147 70676 13 6056 36600 16384 264 11012 72103 13 357 28282 25624 279 9506 13759 13 561 2235 6522 11693 2250 14527 6679 13 561 2235 6522 49992 279 9506 13759 13 561 2235 6522 11354 279 9506 13759 13 561 13159 11354 279 9506 13759 13 561 14367 23235 264 23772 6321 13 561 13159 11693 264 23772 6321 13 561 13159 23235 279 9506 13759 13 561 37714 11354 264 23772 6321 13 561 37714 7246 264 23772 6321 13 6983 12050 7854 279 17631 5459 13 357 2526 14882 25624 279 2981 9057 13 357 28282 23235 279 9506 13759 13 6983 12050 11354 2250 14527 6679 13 561 2235 6522 7854 279 9506 13759 13 6056 36600 11354 279 17631 5459 13 561 14367 16384 279 11129 29262 13 561 37714 11354 264 11012 72103 13 561 12433 25624 279 17631 5459 13 561 13159 11693 279 17631 5459 13 561 12433 25624 279 11129 29262 13 357 2526 14882 7246 264 11012 72103 13 561 14367 16384 264 11012 72103 13 6056 36600 7246 449 4147 70676 13 357 28282 7246 279 11129 29262 13 561 13159 16384 279 11129 29262 13 6983 12050 25624 279 11129 29262 13 6056 36600 11693 279 9506 13759 13 6983 12050 23235 449 4147 70676 13 561 37714 16384 449 4147 70676 13 6056 36600 16384 279 17631 5459 13 6983 12050 23235 2250 14527 6679 13 6983 12050 7854 279 9506 13759 13 561 14367 23235 279 2981 9057 13 6983 12050 23235 264 23772 6321 13 6056 36600 16384 279 11129 29262 13 6983 12050 16384 279 17631 5459 13 561 14367 7246 264 11012 72103 13 357 27786 27491 23235 449 4147 70676 13 561 14367 7854 449 4147 70676 13 357 2526 14882 25624 2250 14527 6679 13 561 2235 6522 7854 264 23772 6321 13 357 2526 14882 7246 2250 14527 6679 13 357 27786 27491 16384 264 11012 72103 13 6056 36600 16384 279 2981 9057 13 561 13159 25624 279 17631 5459 13 561 13159 25624 449 4147 70676 13 561 13159 7246 279 9506 13759 13 561 12433 25624 279 9506 13759 13 6056 36600 49992 279 11129 29262 13 357 2526 14882 16384 264 23772 6321 13 561 13159 7854 264 23772 6321 13 561 14367 49992 279 9506 13759 13 6056 36600 16384 279 2981 9057 13 561 37714 16384 279 2981 9057 13 561 13159 7854 2250 14527 6679 13 357 28282 23235 264 23772 6321 13 357 27786 27491 11693 264 23772 6321 13 6983 12050 7854 279 17631 5459 13 561 14367 11354 279 11129 29262 13 357 27786 27491 49992 279 11129 29262 13 561 37714 16384 279 9506 13759 13 561 37714 7854 279 9506 13759 13 6056 36600 23235 279 17631 5459 13 357 27786 27491 23235 449 4147 70676 13 561 14367 25624 2250 14527 6679 13 357 28282 7854 264 23772 6321 13 561 37714 7854 279 2981 9057 13 6983 12050 7854 449 4147 70676 13 561 13159 49992 264 23772 6321 13 561 37714 25624 279 2981 9057 13 357 2526 14882 23235 264 23772 6321 13 357 28282 16384 279 2981 9057 13 357 28282 16384 264 23772 6321 13 561 37714 7854 279 2981 9057 13 561 37714 16384 2250 14527 6679 13 561 37714 11693 279 9506 13759 13 561 2235 6522 11354 264 11012 72103 13 357 2526 14882 11354 279 9506 13759 13 561 14367 11354 279 11129 29262 13 561 37714 11354 279 11129 29262 13 561 13159 25624 279 17631 5459 13 561 14367 11693 279 2981 9057 13 6056 36600 16384 279 2981 9057 13 357 27786 27491 11693 279 9506 13759 13 357 27786 27491 25624 279 2981 9057 13 561 2235 6522 25624 279 17631 5459 13 357 28282 25624 279 2981 9057 13 561 37714 49992 449 4147 70676 13 357 27786 27491 7854 279 17631 5459 13 561 14367 23235 279 2981 9057 13 6983 12050 23235 279 11129 29262 13 561 2235 6522 11354 279 11129 29262 13 357 28282 25624 264 23772 6321 13 6983 12050 49992 279 9506 13759 13 561 14367 11354 2250 14527 6679 13 561 13159 11354 449 4147 70676 13 561 14367 11693 2250 14527 6679 13 6983 12050 11354 279 2981 9057 13 357 27786 27491 7246 264 23772 6321 13 561 14367 49992 279 11129 29262 13 561 13159 16384 449 4147 70676 13 357 28282 11693 279 9506 13759 13 357 27786 27491 11693 279 9506 13759 13 561 12433 7854 449 4147 70676 13 561 14367 11693 264 11012 72103 13 561 2235 6522 7246 264 23772 6321 13 561 13159 7246 279 17631 5459 13 561 12433 7854 264 23772 6321 13 357 28282 23235 279 9506 13759 13 357 2526 14882 7854 264 11012 72103 13 357 28282 7854 264 23772 6321 13 561 37714 11693 279 9506 13759 13 6983 12050 49992 279 11129 29262 13 357 2526 14882 11693 279 9506 13759 13 561 14367 16384 279 17631 5459 13 357 2526 14882 7246 2250 14527 6679 13 561 2235 6522 25624 2250 14527 6679 13 561 12433 7246 449 4147 70676 13 6056 36600 11693 279 2981 9057 13 357 2526 14882 23235 2250 14527 6679 13 561 13159 7854 2250 14527 6679 13 561 12433 49992 2250 14527 6679 13 6983 12050 49992 279 2981 9057 13 561 12433 49992 264 23772 6321 13 561 37714 11693 279 9506 13759 13 357 27786 27491 11693 279 2981 9057 13 357 28282 25624 279 11129 29262 13 561 13159 11354 279 2981 9057 13 561 12433 11354 279 9506 13759 13 357 28282 7246 2250 14527 6679 13 357 2526 14882 11693 264 11012 72103 13 357 28282 23235 279 11129 29262 13 6983 12050 25624 279 11129 29262 13 357 28282 11693 279 11129 29262 13 561 2235 6522 7854 279 11129 29262 13 357 2526 14882 7854 449 4147 70676 13 561 2235 6522 16384 279 2981 9057 13 561 14367 23235 264 23772 6321 13 561 13159 11354 449 4147 70676 13 6983 12050 7854 264 23772 6321 13 357 28282 7246 279 11129 29262 13 357 28282 16384 2250 14527 6679 13 561 14367 7854 279 17631 5459 13 357 27786 27491 7246 279 9506 13759 13 6983 12050 16384 279 2981 9057 13 561 13159 11354 279 11129 29262 13 561 2235 6522 11693 449 4147 70676 13 561 37714 16384 279 9506 13759 13 357 27786 27491 23235 279 17631 5459 13 357 28282 16384 279 17631 5459 13 357 27786 27491 11354 2250 14527 6679 13 357 28282 11354 264 23772 6321 13 6983 12050 23235 264 11012 72103 13 561 13159 7854 2250 14527 6679 13 561 12433 25624 264 23772 6321 13 561 13159 49992 264 23772 6321 13 561 37714 49992 279 17631 5459 13 6983 12050 7854 279 2981 9057 13 6056 36600 11693 279 17631 5459 13 561 37714 16384 279 2981 9057 13 561 37714 7246 2250 14527 6679 13 561 37714 16384 2250 14527 6679 13 561 14367 7246 264 23772 6321 13 357 2526 14882 7854 264 11012 72103 13 6983 12050 16384 279 2981 9057 13 561 2235 6522 49992 449 4147 70676 13 6983 12050 11693 279 17631 5459 13 561 37714 49992 279 2981 9057 13 357 2526 14882 16384 279 2981 9057 13 561 2235 6522 11693 264 23772 6321 13 357 28282 7854 279 2981 9057 13 561 2235 6522 49992 279 9506 13759 13 6983 12050 25624 279 11129 29262 13 561 14367 23235 449 4147 70676 13 6983 12050 11354 279 17631 5459 13 561 12433 16384 2250 14527 6679 13 357 28282 16384 449 4147 70676 13 357 28282 7246 264 23772 6321 13 6056 36600 49992 264 23772 6321 13 561 12433 7246 264 11012 72103 13 561 14367 11354 449 4147 70676 13 6056 36600 25624 264 23772 6321 13 357 27786 27491 16384 264 11012 72103 13 6056 36600 7854 449 4147 70676 13 6983 12050 23235 279 17631 5459 13 357 2526 14882 25624 279 11129 29262 13 357 27786 27491 16384 2250 14527 6679 13 357 28282 7246 279 17631 5459 13 561 14367 7854 279 2981 9057 13 561 12433 23235 279 2981 9057 13 561 37714 7246 264 11012 72103 13 561 12433 23235 279 9506 13759 13 561 2235 6522 23235 264 23772 6321 13 6983 12050 23235 279 2981 9057 13 561 37714 23235 279 11129 29262 13 6983 12050 11354 279 17631 5459 13 357 28282 7854 279 17631 5459 13 6983 12050 49992 279 9506 13759 13 6056 36600 7246 279 11129 29262 13 357 27786 27491 25624 279 2981 9057 13 6983 12050 7246 279 2981 9057 13 6056 36600 7854 264 11012 72103 13 561 14367 49992 449 4147 70676 13 6983 12050 11693 264 23772 6321 13 561 14367 11354 279 9506 13759 13 561 2235 6522 16384 264 11012 72103 13 561 14367 7854 264 23772 6321 13 357 28282 49992 279 17631 5459 13 561 2235 6522 7246 279 9506 13759 13 561 12433 11354 449 4147 70676 13 357 27786 27491 23235 2250 14527 6679 13 6056 36600 25624 264 23772 6321 13 561 37714 49992 279 9506 13759 13 561 37714 7246 279 9506 13759 13 357 27786 27491 25624 279 17631 5459 13 357 2526 14882 16384 279 9506 13759 13 357 2526 14882 49992 279 2981 9057 13 561 12433 23235 279 17631 5459 13 6983 12050 11693 449 4147 70676 13 357 28282 7246 264 23772 6321 13 561 37714 7854 264 23772 6321 13 561 37714 11693 449 4147 70676 13 561 13159 16384 264 11012 72103 13 6983 12050 7246 2250 14527 6679 13 561 37714 25624 2250 14527 6679 13 561 12433 25624 2250 14527 6679 13 561 37714 16384 449 4147 70676 13 6983 12050 49992 2250 14527 6679 13 561 37714 25624 264 11012 72103 13 561 13159 25624 449 4147 70676 13 561 2235 6522 25624 264 11012 72103 13 6056 36600 7854 279 2981 9057 13 6983 12050 49992 264 11012 72103 13 561 2235 6522 23235 279 17631 5459 13 561 13159 11693 279 17631 5459 13 357 2526 14882 11354 279 17631 5459 13 357 27786 27491 11693 449 4147 70676 13 561 12433 25624 279 2981 9057 13 561 13159 25624 2250 14527 6679 13 357 27786 27491 25624 264 23772 6321 13 561 2235 6522 23235 264 23772 6321 13 561 14367 16384 264 11012 72103 13 6983 12050 23235 264 23772 6321 13 6056 36600 11354 264 23772 6321 13 357 28282 23235 264 23772 6321 13 357 27786 27491 25624 279 17631 5459 13 6983 12050 16384 264 23772 6321 13 6983 12050 49992 279 17631 5459 13 357 27786 27491 49992 264 11012 72103 13 561 14367 49992 264 11012 72103 13 357 28282 16384 279 2981 9057 13 561 2235 6522 16384 279 9506 13759 13 561 2235 6522 16384 279 11129 29262 13 6056 36600 11354 279 17631 5459 13 357 2526 14882 7246 449 4147 70676 13 561 37714 49992 279 17631 5459 13 561 14367 25624 279 2981 9057 13 357 27786 27491 7854 449 4147 70676 13 561 2235 6522 49992 279 9506 13759 13 6983 12050 25624 264 23772 6321 13 357 2526 14882 11693 279 11129 29262 13 561 2235 6522 11354 2250 14527 6679 13 561 2235 6522 23235 449 4147 70676 13 357 2526 14882 49992 279 9506 13759 13 357 2526 14882 23235 279 17631 5459 13 357 2526 14882 49992 264 23772 6321 13 6983 12050 11354 2250 14527 6679 13 6056 36600 11354 279 2981 9057 13 561 2235 6522 16384 279 9506 13759 13 561 12433 25624 279 11129 29262 13 357 2526 14882 7246 279 17631 5459 13 561 37714 25624 2250 14527 6679 13 561 13159 25624 264 23772 6321 13 561 12433 11693 279 2981 9057 13 357 28282 16384 264 23772 6321 13 357 2526 14882 11693 264 23772 6321 13 561 37714 7854 264 23772 6321 13 561 14367 23235 264 23772 6321 13 6056 36600 23235 2250 14527 6679 13 6983 12050 23235 279 2981 9057 13 561 2235 6522 11693 279 17631 5459 13 6056 36600 7854 449 4147 70676 13 561 13159 16384 279 2981 9057 13 357 27786 27491 25624 279 2981 9057 13 561 12433 16384 279 11129 29262 13 357 27786 27491 23235 264 11012 72103 13 6983 12050 25624 279 2981 9057 13 561 12433 23235 449 4147 70676 13 357 2526 14882 7854 264 11012 72103 13 6056 36600 23235 279 2981 9057 13 561 12433 16384 279 17631 5459 13 561 2235 6522 16384 2250 14527 6679 13 561 14367 11693 279 17631 5459 13 561 13159 49992 2250 14527 6679 13 357 27786 27491 16384 264 11012 72103 13 6983 12050 11693 279 17631 5459 13 561 2235 6522 11354 264 11012 72103 13 357 28282 23235 279 2981 9057 13 561 14367 11693 279 11129 29262 13 561 37714 11354 264 23772 6321 13 561 14367 11693 264 23772 6321 13 357 2526 14882 11354 449 4147 70676 13 561 13159 23235 279 2981 9057 13 561 14367 7854 279 17631 5459 13 357 28282 23235 449 4147 70676 13 357 27786 27491 7854 279 11129 29262 13 6056 36600 11354 279 17631 5459 13 357 2526 14882 23235 279 17631 5459 13 561 13159 23235 279 2981 9057 13 357 28282 11354 279 2981 9057 13 6983 12050 7246 264 11012 72103 13 357 2526 14882 23235 279 9506 13759 13 357 2526 14882 7246 264 23772 6321 13 6983 12050 16384 449 4147 70676 13 561 14367 16384 449 4147 70676 13 561 37714 16384 264 23772 6321 13 561 37714 16384 279 2981 9057 13 561 12433 11354 449 4147 70676 13 357 28282 23235 279 2981 9057 13 6983 12050 7854 264 11012 72103 13 561 14367 7246 264 11012 72103 13 561 14367 11693 279 2981 9057 13 561 12433 23235 279 2981 9057 13 561 2235 6522 7246 279 17631 5459 13 357 2526 14882 11693 449 4147 70676 13 6056 36600 11693 264 23772 6321 13 561 13159 49992 2250 14527 6679 13 357 2526 14882 11354 264 11012 72103 13 561 14367 25624 279 9506 13759 13 357 2526 14882 11354 2250 14527 6679 13 357 27786 27491 7854 279 9506 13759 13 561 13159 11693 279 17631 5459 13 561 12433 11354 279 11129 29262 13 561 13159 11693 2250 14527 6679 13 357 2526 14882 11693 264 23772 6321 13 561 13159 16384 279 11129 29262 13 6056 36600 11693 279 2981 9057 13 6056 36600 16384 279 2981 9057 13 561 12433 16384 264 11012 72103 13 357 2526 14882 11354 449 4147 70676 13 6983 12050 7246 264 23772 6321 13 357 27786 27491 49992 2250 14527 6679 13 357 27786 27491 11354 2250 14527 6679 13 357 2526 14882 11354 449 4147 70676 13 561 2235 6522 7854 279 2981 9057 13 561 12433 11354 264 11012 72103 13 561 2235 6522 11354 279 2981 9057 13 561 12433 7246 264 23772 6321 13 357 28282 7246 449 4147 70676 13 561 13159 25624 279 9506 13759 13 357 2526 14882 7854 264 23772 6321 13 561 14367 11693 2250 14527 6679 13 561 14367 11354 279 2981 9057 13 561 37714 11693 279 9506 13759 13 357 28282 11354 279 17631 5459 13 357 2526 14882 25624 264 11012 72103 13 357 28282 49992 279 2981 9057 13 561 37714 7854 279 17631 5459 13 561 2235 6522 11693 279 2981 9057 13 561 37714 25624 264 23772 6321 13 6056 36600 25624 264 23772 6321 13 6983 12050 11693 264 11012 72103 13 561 12433 7246 279 17631 5459 13 561 12433 16384 264 11012 72103 13 561 14367 11693 279 17631 5459 13 561 13159 23235 279 11129 29262 13 561 14367 23235 279 17631 5459 13 6056 36600 16384 264 23772 6321 13 561 13159 16384 279 9506 13759 13 561 13159 23235 279 9506 13759 13 561 13159 7246 279 9506 13759 13 561 13159 7854 279 2981 9057 13 561 14367 11693 279 11129 29262 13 357 27786 27491 7854 2250 14527 6679 13 6983 12050 25624 264 11012 72103 13 357 27786 27491 11354 279 17631 5459 13 561 13159 23235 449 4147 70676 13 561 37714 23235 449 4147 70676 13 357 27786 27491 11354 449 4147 70676 13 6056 36600 23235 279 9506 13759 13 6983 12050 7854 264 23772 6321 13 357 28282 7854 279 11129 29262 13 357 27786 27491 23235 264 11012 72103 13 561 37714 11693 279 11129 29262 13 561 12433 49992 264 23772 6321 13 561 37714 49992 2250 14527 6679 13 561 2235 6522 25624 264 23772 6321 13 561 37714 11693 279 2981 9057 13 357 2526 14882 11693 279 2981 9057 13 561 2235 6522 49992 279 2981 9057 13 561 14367 23235 279 9506 13759 13 357 2526 14882 7854 264 11012 72103 13 561 13159 7246 279 11129 29262 13 561 13159 25624 264 23772 6321 13 357 2526 14882 16384 449 4147 70676 13 357 28282 16384 279 9506 13759 13 561 12433 49992 264 11012 72103 13 6056 36600 49992 279 2981 9057 13 561 37714 7246 279 17631 5459 13 561 2235 6522 23235 449 4147 70676 13 561 37714 11693 264 23772 6321 13 561 37714 23235 279 9506 13759 13 561 12433 11354 2250 14527 6679 13 561 14367 16384 279 17631 5459 13 357 27786 27491 7246 279 11129 29262 13 561 37714 16384 264 23772 6321 13 561 12433 11693 279 11129 29262 13 6056 36600 25624 449 4147 70676 13 357 28282 11693 279 2981 9057 13 561 13159 16384 264 23772 6321 13 561 14367 49992 279 9506 13759 13 357 2526 14882 11354 279 11129 29262 13 561 13159 7854 279 11129 29262 13 357 2526 14882 11693 279 9506 13759 13 357 27786 27491 7246 2250 14527 6679 13 357 27786 27491 23235 264 11012 72103 13 6983 12050 23235 264 11012 72103 13 357 28282 49992 279 9506 13759 13 561 13159 7854 449 4147 70676 13 561 14367 25624 449 4147 70676 13 6056 36600 7854 279 9506 13759 13 6056 36600 7246 264 11012 72103 13 6056 36600 7854 449 4147 70676 13 561 2235 6522 11354 2250 14527 6679 13 6983 12050 7854 279 17631 5459 13 561 12433 23235 279 9506 13759 13 6056 36600 25624 264 11012 72103 13 6983 12050 25624 279 17631 5459 13 357 28282 49992 264 11012 72103 13 6983 12050 49992 279 17631 5459 13 6983 12050 23235 449 4147 70676 13 561 14367 7854 279 2981 9057 13 561 13159 11354 279 2981 9057 13 357 2526 14882 23235 2250 14527 6679 13 561 37714 11354 279 2981 9057 13 561 37714 16384 279 11129 29262 13 357 28282 23235 279 9506 13759 13 561 12433 16384 279 9506 13759 13 561 37714 7854 279 17631 5459 13 561 12433 16384 2250 14527 6679 13 561 13159 7854 279 11129 29262 13 561 12433 11693 279 2981 9057 13 561 14367 11693 264 23772 6321 13 6056 36600 49992 279 2981 9057 13 357 2526 14882 23235 2250 14527 6679 13 6056 36600 11354 264 23772 6321 13 561 14367 25624 279 9506 13759 13 357 27786 27491 23235 279 17631 5459 13 561 12433 11693 449 4147 70676 13 561 12433 11693 2250 14527 6679 13 357 27786 27491 49992 279 9506 13759 13 6056 36600 11693 2250 14527 6679 13 561 14367 7246 279 9506 13759 13 357 28282 11354 279 2981 9057 13 357 28282 49992 279 2981 9057 13 561 14367 7246 449 4147 70676 13 6983 12050 16384 2250 14527 6679 13 561 37714 7246 279 2981 9057 13 6983 12050 25624 449 4147 70676 13 357 28282 11693 264 11012 72103 13 561 14367 7854 2250 14527 6679 13 561 12433 49992 279 9506 13759 13 561 2235 6522 11354 279 2981 9057 13 561 14367 7246 449 4147 70676 13 561 12433 11693 264 23772 6321 13 561 37714 7246 279 11129 29262 13 561 12433 23235 2250 14527 6679 13 561 2235 6522 11693 279 9506 13759 13 561 14367 23235 279 9506 13759 13 561 2235 6522 16384 2250 14527 6679 13 561 37714 25624 2250 14527 6679 13 6056 36600 7246 279 2981 9057 13 561 13159 23235 279 9506 13759 13 357 28282 11354 264 23772 6321 13 357 28282 11693 264 11012 72103 13 561 12433 49992 264 23772 6321 13 561 14367 49992 264 11012 72103 13 6983 12050 49992 279 11129 29262 13 561 12433 25624 2250 14527 6679 13 561 2235 6522 49992 279 11129 29262 13 6983 12050 16384 279 17631 5459 13 357 27786 27491 25624 279 17631 5459 13 357 2526 14882 11693 279 2981 9057 13 561 12433 11354 279 2981 9057 13 357 2526 14882 23235 449 4147 70676 13 6056 36600 11693 264 23772 6321 13 357 2526 14882 7246 264 11012 72103 13 561 12433 25624 449 4147 70676 13 357 28282 25624 279 2981 9057 13 357 27786 27491 7854 449 4147 70676 13 561 14367 11354 279 17631 5459 13 561 37714 25624 279 9506 13759 13 561 2235 6522 7854 264 23772 6321 13 357 28282 23235 279 2981 9057 13 357 2526 14882 7246 264 11012 72103 13 357 2526 14882 11354 449 4147 70676 13 561 12433 7246 279 11129 29262 13 357 28282 25624 2250 14527 6679 13 357 28282 7246 449 4147 70676 13 561 12433 25624 264 23772 6321 13 6056 36600 11693 279 2981 9057 13 357 27786 27491 11354 279 11129 29262 13 357 2526 14882 11693 279 11129 29262 13 561 13159 11693 279 2981 9057 13 6983 12050 11693 264 11012 72103 13 561 14367 25624 279 17631 5459 13 6056 36600 11693 2250 14527 6679 13 357 28282 7246 279 2981 9057 13 561 12433 11354 279 9506 13759 13 561 13159 25624 279 11129 29262 13 357 27786 27491 25624 264 11012 72103 13 357 27786 27491 11693 2250 14527 6679 13 6983 12050 11354 2250 14527 6679 13 357 28282 23235 264 11012 72103 13 561 14367 11693 279 2981 9057 13 561 12433 23235 264 11012 72103 13 6056 36600 7246 279 17631 5459 13 357 2526 14882 7854 279 9506 13759 13 561 14367 25624 2250 14527 6679 13 561 2235 6522 7246 279 2981 9057 13 357 2526 14882 7246 2250 14527 6679 13 6983 12050 11693 264 23772 6321 13 357 28282 11354 449 4147 70676 13 561 14367 49992 264 23772 6321 13 357 28282 25624 2250 14527 6679 13 561 14367 23235 279 9506 13759 13 357 28282 23235 279 2981 9057 13 6056 36600 49992 279 2981 9057 13 561 12433 16384 279 17631 5459 13 6056 36600 7246 279 9506 13759 13 561 13159 16384 264 11012 72103 13 357 28282 16384 2250 14527 6679 13 6983 12050 11693 449 4147 70676 13 561 37714 11693 449 4147 70676 13 357 27786 27491 11354 279 9506 13759 13 561 13159 23235 279 9506 13759 13 561 13159 25624 2250 14527 6679 13 357 2526 14882 7854 279 11129 29262 13 561 14367 16384 449 4147 70676 13 357 27786 27491 11354 264 11012 72103 13 6056 36600 7854 279 9506 13759 13 357 27786 27491 16384 449 4147 70676 13 561 2235 6522 23235 2250 14527 6679 13 357 28282 23235 279 9506 13759 13 6056 36600 11354 279 11129 29262 13 357 2526 14882 25624 279 11129 29262 13 561 2235 6522 49992 279 9506 13759 13 561 37714 11693 264 11012 72103 13 6983 12050 11354 279 9506 13759 13 561 2235 6522 7854 279 11129 29262 13 357 2526 14882 7246 264 23772 6321 13 561 2235 6522 11693 264 23772 6321 13 357 27786 27491 7854 279 11129 29262 13 6056 36600 23235 2250 14527 6679 13 561 2235 6522 7854 279 17631 5459 13 561 14367 7246 264 11012 72103 13 6983 12050 49992 279 11129 29262 13 357 2526 14882 25624 279 9506 13759 13 561 2235 6522 16384 279 9506 13759 13 357 28282 23235 449 4147 70676 13 561 12433 16384 264 23772 6321 13 561 12433 7854 279 17631 5459 13 6056 36600 49992 264 23772 6321 13 561 14367 11354 264 11012 72103 13 561 37714 7854 449 4147 70676 13 561 12433 7246 449 4147 70676 13 561 14367 23235 449 4147 70676 13 561 2235 6522 11354 279 11129 29262 13 561 2235 6522 11693 279 17631 5459 13 561 13159 7246 279 11129 29262 13 6983 12050 16384 279 17631 5459 13 561 13159 7854 264 11012 72103 13 561 13159 49992 264 23772 6321 13 561 12433 23235 279 2981 9057 13 357 27786 27491 49992 279 17631 5459 13 561 37714 23235 279 2981 9057 13 6983 12050 11354 279 2981 9057 13 561 12433 7246 279 11129 29262 13 561 14367 16384 279 9506 13759 13 357 2526 14882 7246 279 11129 29262 13 561 12433 49992 2250 14527 6679 13 357 27786 27491 23235 449 4147 70676 13 561 13159 25624 279 11129 29262 13 357 2526 14882 7854 264 23772 6321 13 561 13159 49992 279 11129 29262 13 357 28282 11693 449 4147 70676 13 561 37714 7854 279 2981 9057 13 357 2526 14882 11354 279 2981 9057 13 561 12433 49992 279 9506 13759 13 357 28282 16384 279 9506 13759 13 357 2526 14882 7854 279 11129 29262 13 357 28282 16384 449 4147 70676 13 561 14367 11354 279 11129 29262 13 357 2526 14882 23235 279 11129 29262 13 6983 12050 25624 264 11012 72103 13 357 27786 27491 7854 264 11012 72103 13 561 12433 7246 279 2981 9057 13 357 28282 7854 279 9506 13759 13 357 2526 14882 7854 279 9506 13759 13 6056 36600 23235 264 23772 6321 13 561 2235 6522 7246 279 9506 13759 13 561 12433 7246 2250 14527 6679 13 357 2526 14882 25624 279 9506 13759 13 357 28282 11354 2250 14527 6679 13 357 27786 27491 7854 279 9506 13759 13 6983 12050 16384 279 2981 9057 13 561 2235 6522 11693 2250 14527 6679 13 561 37714 25624 279 11129 29262 13 561 14367 7854 279 11129 29262 13 561 2235 6522 7854 279 11129 29262 13 357 28282 16384 2250 14527 6679 13 6983 12050 16384 264 11012 72103 13 357 2526 14882 25624 264 23772 6321 13 561 14367 25624 264 11012 72103 13 357 2526 14882 11693 279 17631 5459 13 6056 36600 7246 449 4147 70676 13 561 12433 11354 449 4147 70676 13 357 27786 27491 11354 279 17631 5459 13 561 37714 49992 264 11012 72103 13 6056 36600 11693 279 11129 29262 13 357 2526 14882 23235 2250 14527 6679 13 6983 12050 11693 279 11129 29262 13 357 27786 27491 11354 2250 14527 6679 13 561 2235 6522 11354 279 11129 29262 13 561 13159 23235 264 11012 72103 13 561 12433 25624 264 11012 72103 13 561 13159 7854 279 9506 13759 13 6983 12050 11354 264 23772 6321 13 561 37714 23235 279 11129 29262 13 357 28282 49992 279 2981 9057 13 561 13159 49992 449 4147 70676 13 6983 12050 23235 2250 14527 6679 13 357 28282 7854 279 2981 9057 13 561 12433 11693 264 11012 72103 13 561 37714 11354 449 4147 70676 13 6983 12050 11693 279 11129 29262 13 6983 12050 16384 279 17631 5459 13 357 27786 27491 11354 264 11012 72103 13 357 2526 14882 11693 279 9506 13759 13 561 14367 16384 264 23772 6321 13 561 2235 6522 23235 264 23772 6321 13 561 12433 25624 279 17631 5459 13 561 2235 6522 23235 279 9506 13759 13 561 14367 49992 264 11012 72103 13 357 2526 14882 25624 279 2981 9057 13 357 2526 14882 49992 449 4147 70676 13 357 28282 23235 264 23772 6321 13 6056 36600 7246 264 11012 72103 13 561 37714 16384 279 9506 13759 13 6983 12050 23235 279 11129 29262 13 561 14367 11693 279 11129 29262 13 561 37714 7854 279 9506 13759 13 561 2235 6522 7854 279 2981 9057 13 561 2235 6522 11354 264 11012 72103 13 6983 12050 7854 279 17631 5459 13 561 14367 25624 449 4147 70676 13 561 14367 11693 264 11012 72103 13 357 2526 14882 23235 449 4147 70676 13 6056 36600 11693 279 17631 5459 13 6983 12050 11693 264 23772 6321 13 561 13159 25624 264 11012 72103 13 357 27786 27491 7246 2250 14527 6679 13 6056 36600 49992 449 4147 70676 13 357 28282 11354 449 4147 70676 13 561 2235 6522 7854 2250 14527 6679 13 6056 36600 49992 279 2981 9057 13 357 28282 49992 279 9506 13759 13 357 28282 11693 2250 14527 6679 13 561 14367 7854 2250 14527 6679 13 561 14367 11693 264 11012 72103 13 6983 12050 11354 279 17631 5459 13 6056 36600 11354 279 9506 13759 13 6983 12050 11693 279 17631 5459 13 561 37714 7854 279 11129 29262 13 561 14367 7246 449 4147 70676 13 561 14367 49992 264 11012 72103 13 357 28282 7246 279 2981 9057 13 561 37714 7246 264 23772 6321 13 357 28282 7854 279 17631 5459 13 357 28282 11354 264 11012 72103 13 561 37714 25624 279 17631 5459 13 561 37714 16384 449 4147 70676 13 561 13159 11354 2250 14527 6679 13 561 14367 7246 449 4147 70676 13 6983 12050 25624 2250 14527 6679 13 561 13159 25624 264 11012 72103 13 561 37714 23235 264 11012 72103 13 357 28282 11693 264 11012 72103 13 357 28282 23235 279 11129 29262 13 561 12433 16384 279 11129 29262 13 561 2235 6522 49992 264 23772 6321 13 6983 12050 11354 264 11012 72103 13 357 28282 11354 264 11012 72103 13 357 27786 27491 11693 279 9506 13759 13 6056 36600 7854 2250 14527 6679 13 357 28282 11354 279 17631 5459 13 561 14367 7246 279 9506 13759 13 561 14367 7246 279 11129 29262 13 6056 36600 16384 279 2981 9057 13 561 12433 16384 264 23772 6321 13 561 14367 23235 279 9506 13759 13 357 28282 7246 449 4147 70676 13 561 2235 6522 49992 264 23772 6321 13 561 12433 11693 279 17631 5459 13 561 13159 11354 264 23772 6321 13 6983 12050 23235 264 23772 6321 13 561 14367 11693 264 23772 6321 13 357 28282 7246 264 11012 72103 13 561 14367 23235 279 9506 13759 13 357 2526 14882 23235 264 11012 72103 13 561 37714 25624 449 4147 70676 13 561 2235 6522 11693 279 17631 5459 13 561 37714 11693 279 9506 13759 13 561 37714 25624 2250 14527 6679 13 6983 12050 16384 279 17631 5459 13 561 12433 7854 264 11012 72103 13 561 2235 6522 49992 279 2981 9057 13 561 12433 7854 2250 14527 6679 13 357 2526 14882 16384 279 17631 5459 13 357 28282 11693 279 11129 29262 13 357 27786 27491 7246 264 11012 72103 13 357 27786 27491 25624 279 9506 13759 13 561 12433 25624 264 11012 72103 13 357 28282 11354 264 11012 72103 13 357 2526 14882 25624 279 2981 9057 13 561 37714 25624 449 4147 70676 13 561 37714 16384 449 4147 70676 13 561 2235 6522 25624 279 11129 29262 13 561 12433 7854 279 9506 13759 13 561 2235 6522 49992 264 11012 72103 13 6056 36600 23235 264 23772 6321 13 6983 12050 11354 279 9506 13759 13 6983 12050 25624 2250 14527 6679 13 357 2526 14882 23235 279 11129 29262 13 357 27786 27491 11354 2250 14527 6679 13 357 28282 25624 279 2981 9057 13 357 27786 27491 16384 279 11129 29262 13 561 2235 6522 11354 279 2981 9057 13 6056 36600 25624 279 17631 5459 13 561 13159 16384 264 11012 72103 13 357 27786 27491 11693 279 17631 5459 13 357 28282 16384 279 17631 5459 13 561 12433 7246 264 23772 6321 13 357 2526 14882 7246 279 2981 9057 13 357 2526 14882 16384 264 23772 6321 13 357 2526 14882 7246 264 11012 72103 13 6983 12050 7246 279 11129 29262 13 561 13159 11354 2250 14527 6679 13 6983 12050 11693 279 9506 13759 13 357 2526 14882 11693 449 4147 70676 13 561 12433 11354 279 17631 5459 13 357 28282 7854 264 23772 6321 13 6983 12050 16384 279 17631 5459 13 6056 36600 49992 449 4147 70676 13 357 28282 25624 449 4147 70676 13 561 37714 49992 264 11012 72103 13 561 13159 25624 449 4147 70676 13 6056 36600 7246 2250 14527 6679 13 561 13159 49992 279 17631 5459 13 357 28282 11693 264 11012 72103 13 561 12433 23235 449 4147 70676 13 6056 36600 11693 264 23772 6321 13 561 37714 11354 264 11012 72103 13 561 37714 11693 449 4147 70676 13 6983 12050 7854 264 11012 72103 13 561 14367 7854 279 17631 5459 13 6983 12050 7246 264 23772 6321 13 6983 12050 25624 264 11012 72103 13 6056 36600 16384 449 4147 70676 13 6056 36600 7246 264 11012 72103 13 6056 36600 23235 264 11012 72103 13 6983 12050 16384 264 23772 6321 13 357 28282 25624 449 4147 70676 13 6056 36600 16384 279 2981 9057 13 561 37714 11354 279 17631 5459 13 6056 36600 11354 2250 14527 6679 13 6056 36600 7246 264 23772 6321 13 561 2235 6522 7854 264 23772 6321 13 561 14367 23235 279 2981 9057 13 6983 12050 11354 449 4147 70676 13 357 28282 49992 2250 14527 6679 13 561 14367 16384 449 4147 70676 13 561 2235 6522 11693 279 11129 29262 13 357 2526 14882 11693 264 11012 72103 13 561 13159 11354 279 2981 9057 13 561 14367 23235 449 4147 70676 13 6983 12050 25624 449 4147 70676 13 357 2526 14882 49992 2250 14527 6679 13 357 27786 27491 11693 2250 14527 6679 13 6056 36600 11693 279 11129 29262 13 6056 36600 16384 2250 14527 6679 13 357 2526 14882 11354 279 9506 13759 13 561 2235 6522 23235 279 9506 13759 13 561 14367 23235 279 2981 9057 13 6983 12050 11354 279 2981 9057 13 357 27786 27491 16384 449 4147 70676 13 6056 36600 7854 279 2981 9057 13 561 12433 11693 264 11012 72103 13 561 12433 7854 279 2981 9057 13 561 2235 6522 7246 264 23772 6321 13 561 14367 7246 2250 14527 6679 13 561 13159 7246 264 11012 72103 13 357 27786 27491 49992 279 9506 13759 13 561 12433 11693 279 2981 9057 13 561 12433 7854 264 11012 72103 13 561 14367 7854 264 11012 72103 13 561 14367 16384 264 11012 72103 13 561 12433 7246 279 2981 9057 13 561 13159 25624 279 9506 13759 13 561 12433 25624 449 4147 70676 13 6983 12050 49992 264 23772 6321 13 561 37714 11693 279 9506 13759 13 357 28282 16384 279 9506 13759 13 561 2235 6522 16384 2250 14527 6679 13 561 13159 23235 279 11129 29262 13 357 28282 11354 449 4147 70676 13 6983 12050 23235 279 17631 5459 13 6056 36600 49992 264 23772 6321 13 561 2235 6522 49992 264 23772 6321 13 6983 12050 7854 264 11012 72103 13 6983 12050 7854 279 9506 13759 13 561 2235 6522 11693 264 23772 6321 13 357 2526 14882 7854 449 4147 70676 13 357 2526 14882 7246 2250 14527 6679 13 6983 12050 16384 264 11012 72103 13 561 14367 7246 279 9506 13759 13 357 27786 27491 7854 264 11012 72103 13 6056 36600 49992 264 23772 6321 13 357 27786 27491 23235 264 23772 6321 13 561 13159 23235 279 2981 9057 13 6056 36600 11354 279 2981 9057 13 561 13159 23235 264 11012 72103 13 561 12433 11693 2250 14527 6679 13 357 27786 27491 11693 264 23772 6321 13 561 12433 16384 279 2981 9057 13 357 28282 49992 279 17631 5459 13 6983 12050 11354 279 9506 13759 13 561 37714 16384 279 17631 5459 13 357 28282 11354 279 2981 9057 13 357 28282 11693 279 17631 5459 13 561 2235 6522 11693 279 2981 9057 13 561 12433 11693 279 17631 5459 13 561 14367 25624 264 11012 72103 13 357 28282 11693 279 2981 9057 13 6056 36600 23235 264 11012 72103 13 561 37714 23235 264 23772 6321 13 561 12433 7854 449 4147 70676 13 561 12433 23235 279 17631 5459 13 357 28282 16384 279 2981 9057 13 561 12433 25624 264 11012 72103 13 357 27786 27491 11354 279 11129 29262 13 561 2235 6522 23235 264 23772 6321 13 561 37714 49992 279 2981 9057 13 6983 12050 11354 279 2981 9057 13 561 13159 7854 279 11129 29262 13 561 14367 11693 279 11129 29262 13 357 28282 49992 264 11012 72103 13 357 28282 7246 2250 14527 6679 13 6056 36600 49992 2250 14527 6679 13 357 27786 27491 25624 449 4147 70676 13 357 27786 27491 7854 279 2981 9057 13 561 14367 11693 2250 14527 6679 13 357 28282 49992 2250 14527 6679 13 561 12433 7854 264 23772 6321 13 561 14367 11354 2250 14527 6679 13 561 14367 11693 279 11129 29262 13 6983 12050 49992 2250 14527 6679 13 561 2235 6522 11693 279 11129 29262 13 561 12433 7246 279 2981 9057 13 561 14367 11693 449 4147 70676 13 357 2526 14882 16384 279 9506 13759 13 357 2526 14882 16384 279 17631 5459 13 357 27786 27491 23235 264 11012 72103 13 561 12433 11354 264 23772 6321 13 561 37714 11693 279 2981 9057 13 561 2235 6522 11693 449 4147 70676 13 561 14367 11693 264 23772 6321 13 357 28282 23235 449 4147 70676 13 561 37714 16384 264 11012 72103 13 357 28282 25624 279 9506 13759 13 561 13159 49992 264 11012 72103 13 561 12433 11693 449 4147 70676 13 357 2526 14882 49992 279 9506 13759 13 357 2526 14882 49992 264 23772 6321 13 357 27786 27491 11354 264 11012 72103 13 6056 36600 25624 279 11129 29262 13 561 2235 6522 11354 279 2981 9057 13 357 28282 49992 279 17631 5459 13 561 12433 25624 264 23772 6321 13 561 13159 25624 279 2981 9057 13 561 13159 25624 279 17631 5459 13 561 14367 16384 279 2981 9057 13 561 37714 25624 264 11012 72103 13 357 2526 14882 7246 279 9506 13759 13 561 2235 6522 11693 279 2981 9057 13 561 13159 7854 264 23772 6321 13 357 2526 14882 25624 2250 14527 6679 13 6056 36600 25624 264 11012 72103 13 561 12433 7854 449 4147 70676 13 6983 12050 7246 279 11129 29262 13 6056 36600 7854 2250 14527 6679 13 561 2235 6522 11693 449 4147 70676 13 357 28282 23235 2250 14527 6679 13 561 14367 16384 449 4147 70676 13 561 2235 6522 23235 264 23772 6321 13 561 2235 6522 23235 2250 14527 6679 13 561 13159 11354 279 17631 5459 13 6983 12050 23235 279 17631 5459 13 561 12433 11354 279 17631 5459 13 357 2526 14882 11693 264 23772 6321 13 561 12433 23235 279 11129 29262 13 357 2526 14882 23235 279 9506 13759 13 561 13159 16384 264 11012 72103 13 6983 12050 11354 279 9506 13759 13 357 27786 27491 11693 279 17631 5459 13 561 2235 6522 7246 279 11129 29262 13 561 12433 23235 279 9506 13759 13 561 13159 16384 279 2981 9057 13 6983 12050 23235 279 17631 5459 13 357 2526 14882 7246 264 23772 6321 13 561 2235 6522 11354 449 4147 70676 13 357 2526 14882 49992 449 4147 70676 13 6983 12050 23235 264 23772 6321 13 6983 12050 25624 264 11012 72103 13 357 28282 23235 279 17631 5459 13 561 14367 11693 264 23772 6321 13 357 28282 25624 449 4147 70676 13 561 14367 11693 449 4147 70676 13 561 13159 16384 449 4147 70676 13 561 13159 16384 449 4147 70676 13 357 2526 14882 23235 279 11129 29262 13 357 2526 14882 25624 264 11012 72103 13 6056 36600 49992 279 9506 13759 13 561 14367 11693 2250 14527 6679 13 6983 12050 23235 264 23772 6321 13 357 28282 11354 449 4147 70676 13 357 27786 27491 7854 279 17631 5459 13 561 2235 6522 7854 264 11012 72103 13 561 2235 6522 16384 264 23772 6321 13 357 28282 11693 279 17631 5459 13 6983 12050 23235 279 9506 13759 13 561 2235 6522 7854 264 11012 72103 13 561 13159 11693 264 23772 6321 13 561 12433 23235 279 2981 9057 13 6056 36600 11354 279 2981 9057 13 357 27786 27491 7854 279 2981 9057 13 561 2235 6522 11354 264 11012 72103 13 357 27786 27491 23235 279 17631 5459 13 561 14367 11693 279 17631 5459 13 561 37714 11693 449 4147 70676 13 561 2235 6522 11693 279 2981 9057 13 561 2235 6522 49992 279 17631 5459 13 561 13159 7246 279 11129 29262 13 357 27786 27491 16384 2250 14527 6679 13 561 13159 11693 449 4147 70676 13 561 14367 25624 279 17631 5459 13 357 2526 14882 7246 2250 14527 6679 13 561 37714 16384 2250 14527 6679 13 561 37714 7246 2250 14527 6679 13 357 27786 27491 7246 2250 14527 6679 13 357 27786 27491 25624 449 4147 70676 13 357 27786 27491 11693 279 11129 29262 13 561 13159 11354 449 4147 70676 13 561 14367 49992 264 11012 72103 13 357 28282 7854 279 2981 9057 13 357 2526 14882 49992 279 2981 9057 13 6983 12050 23235 279 9506 13759 13 6983 12050 11693 2250 14527 6679 13 561 2235 6522 7854 264 23772 6321 13 357 27786 27491 7854 279 11129 29262 13 561 12433 7246 2250 14527 6679 13 6056 36600 25624 279 2981 9057 13 6983 12050 23235 264 11012 72103 13 561 37714 16384 279 2981 9057 13 561 13159 49992 449 4147 70676 13 357 27786 27491 49992 449 4147 70676 13 561 12433 49992 2250 14527 6679 13 6056 36600 7246 279 2981 9057 13 6983 12050 25624 264 23772 6321 13 561 13159 25624 279 9506 13759 13 357 28282 23235 279 9506 13759 13 357 2526 14882 23235 279 9506 13759 13 561 2235 6522 49992 279 17631 5459 13 561 14367 49992 264 23772 6321 13 561 37714 7854 279 9506 13759 13 357 27786 27491 16384 279 2981 9057 13 561 37714 11354 279 2981 9057 13 357 2526 14882 7854 264 23772 6321 13 357 27786 27491 11693 264 23772 6321 13 561 2235 6522 7854 279 2981 9057 13 561 12433 25624 279 2981 9057 13 561 14367 23235 449 4147 70676 13 6056 36600 49992 279 11129 29262 13 357 2526 14882 11354 264 23772 6321 13 561 37714 23235 449 4147 70676 13 357 28282 23235 279 11129 29262 13 561 13159 16384 279 17631 5459 13 357 2526 14882 7854 264 11012 72103 13 357 2526 14882 11354 279 11129 29262 13 357 2526 14882 16384 449 4147 70676 13 561 2235 6522 7854 279 17631 5459 13 357 28282 11693 2250 14527 6679 13 561 14367 7246 279 2981 9057 13 561 12433 11693 2250 14527 6679 13 561 14367 7854 279 11129 29262 13 357 28282 25624 279 2981 9057 13 561 37714 25624 279 2981 9057 13 561 13159 11693 279 17631 5459 13 6056 36600 7854 279 9506 13759 13 357 28282 7246 279 2981 9057 13 561 12433 11354 264 11012 72103 13 561 14367 7246 264 11012 72103 13 561 14367 11354 264 23772 6321 13 561 2235 6522 25624 449 4147 70676 13 561 2235 6522 25624 279 2981 9057 13 6983 12050 23235 2250 14527 6679 13 357 2526 14882 25624 279 9506 13759 13 357 2526 14882 7854 279 9506 13759 13 561 12433 49992 2250 14527 6679 13 6056 36600 11354 279 2981 9057 13 561 2235 6522 7246 279 2981 9057 13 357 2526 14882 11354 449 4147 70676 13 561 37714 11354 449 4147 70676 13 561 37714 11354 449 4147 70676 13 6056 36600 11354 264 23772 6321 13 561 13159 7246 279 17631 5459 13 561 37714 7246 449 4147 70676 13 561 2235 6522 7854 279 2981 9057 13 561 14367 11354 264 23772 6321 13 561 13159 11693 279 9506 13759 13 561 13159 23235 449 4147 70676 13 357 27786 27491 7246 264 23772 6321 13 561 13159 11693 279 11129 29262 13 6983 12050 11354 264 23772 6321 13 357 2526 14882 16384 264 23772 6321 13 561 2235 6522 49992 279 11129 29262 13 357 28282 49992 279 17631 5459 13 561 2235 6522 7854 264 11012 72103 13 357 27786 27491 7854 279 11129 29262 13 357 27786 27491 7854 279 17631 5459 13 357 28282 7246 264 11012 72103 13 561 13159 16384 264 11012 72103 13 357 27786 27491 7854 449 4147 70676 13 561 12433 25624 449 4147 70676 13 357 2526 14882 25624 279 17631 5459 13 6056 36600 16384 2250 14527 6679 13 357 28282 16384 279 11129 29262 13 357 2526 14882 11693 279 9506 13759 13 357 27786 27491 16384 449 4147 70676 13 357 2526 14882 7854 449 4147 70676 13 357 28282 11354 279 2981 9057 13 561 12433 11354 279 2981 9057 13 357 2526 14882 7854 2250 14527 6679 13 561 12433 11354 449 4147 70676 13 6056 36600 11354 264 11012 72103 13 357 28282 11354 2250 14527 6679 13 6056 36600 49992 264 11012 72103 13 561 12433 23235 279 2981 9057 13 561 2235 6522 25624 279 2981 9057 13 561 37714 16384 264 23772 6321 13 561 2235 6522 7246 2250 14527 6679 13 6056 36600 11693 279 11129 29262 13 561 12433 11354 2250 14527 6679 13 561 2235 6522 16384 264 11012 72103 13 561 13159 49992 2250 14527 6679 13 357 28282 7854 449 4147 70676 13 357 2526 14882 11354 279 9506 13759 13 6983 12050 49992 449 4147 70676 13 561 37714 11693 279 11129 29262 13 561 2235 6522 25624 264 23772 6321 13 561 13159 7246 279 2981 9057 13 6056 36600 49992 449 4147 70676 13 561 12433 23235 264 11012 72103 13 561 37714 49992 264 23772 6321 13 561 2235 6522 23235 264 11012 72103 13 357 2526 14882 7854 264 11012 72103 13 561 2235 6522 49992 279 11129 29262 13 357 2526 14882 7854 279 2981 9057 13 357 2526 14882 11354 264 23772 6321 13 6983 12050 49992 264 11012 72103 13 561 12433 49992 264 23772 6321 13 357 27786 27491 23235 449 4147 70676 13 6983 12050 7246 264 23772 6321 13 6983 12050 11693 279 11129 29262 13 561 12433 11693 264 11012 72103 13 561 13159 11354 2250 14527 6679 13 561 37714 25624 2250 14527 6679 13 561 37714 25624 2250 14527 6679 13 357 28282 16384 264 11012 72103 13 6983 12050 11354 279 11129 29262 13 561 14367 7854 264 11012 72103 13 561 12433 23235 279 17631 5459 13 561 37714 7854 264 23772 6321 13 357 27786 27491 7246 279 17631 5459 13 357 27786 27491 11693 279 2981 9057 13 6983 12050 25624 2250 14527 6679 13 357 28282 16384 264 23772 6321 13 561 13159 7854 279 17631 5459 13 357 28282 7854 264 11012 72103 13 561 12433 7246 279 9506 13759 13 357 2526 14882 11354 279 17631 5459 13 561 14367 7854 279 9506 13759 13 561 2235 6522 23235 264 23772 6321 13 561 37714 7246 264 23772 6321 13 357 2526 14882 16384 279 2981 9057 13 561 2235 6522 7246 279 2981 9057 13 561 2235 6522 25624 264 11012 72103 13 561 2235 6522 16384 264 11012 72103 13 561 37714 49992 279 9506 13759 13 6056 36600 11354 279 17631 5459 13 6983 12050 7854 279 2981 9057 13 6983 12050 11354 2250 14527 6679 13 357 2526 14882 11693 264 11012 72103 13 6056 36600 7854 279 9506 13759 13 357 2526 14882 49992 279 17631 5459 13 6983 12050 11354 449 4147 70676 13 561 37714 11693 279 17631 5459 13 357 27786 27491 7246 2250 14527 6679 13 357 28282 16384 264 11012 72103 13 357 2526 14882 25624 264 23772 6321 13 357 28282 7854 279 11129 29262 13 357 28282 49992 2250 14527 6679 13 561 2235 6522 7246 279 11129 29262 13 561 13159 23235 264 11012 72103 13 561 37714 7854 279 2981 9057 13 357 27786 27491 11354 449 4147 70676 13 357 28282 7246 279 17631 5459 13 561 12433 11354 264 23772 6321 13 561 14367 25624 2250 14527 6679 13 561 37714 7854 279 2981 9057 13 6983 12050 11693 279 9506 13759 13 561 12433 49992 264 11012 72103 13 6983 12050 49992 279 17631 5459 13 6983 12050 7854 264 11012 72103 13 6983 12050 7854 264 11012 72103 13 561 37714 16384 264 23772 6321 13 357 2526 14882 11693 279 11129 29262 13 357 2526 14882 11693 279 17631 5459 13 561 13159 7854 279 9506 13759 13 357 28282 7246 264 11012 72103 13 357 28282 11354 2250 14527 6679 13 561 12433 25624 279 9506 13759 13 561 37714 49992 279 11129 29262 13 6983 12050 25624 449 4147 70676 13 357 27786 27491 49992 279 11129 29262 13 357 28282 49992 279 2981 9057 13 561 2235 6522 25624 449 4147 70676 13 561 13159 7246 279 17631 5459 13 561 2235 6522 11354 264 11012 72103 13 357 28282 23235 2250 14527 6679 13 561 14367 11693 279 11129 29262 13 357 2526 14882 7246 264 23772 6321 13 561 13159 16384 279 2981 9057 13 6056 36600 49992 279 2981 9057 13 561 14367 7246 264 11012 72103 13 561 37714 7854 2250 14527 6679 13 561 2235 6522 16384 264 11012 72103 13 357 28282 7854 264 11012 72103 13 6983 12050 11354 279 2981 9057 13 561 14367 23235 264 11012 72103 13 561 12433 23235 449 4147 70676 13 357 27786 27491 11693 279 11129 29262 13 561 37714 11693 449 4147 70676 13 357 2526 14882 7246 264 23772 6321 13 357 2526 14882 11693 279 11129 29262 13 561 37714 7246 279 17631 5459 13 561 13159 7854 279 2981 9057 13 561 14367 16384 279 11129 29262 13 357 28282 49992 264 23772 6321 13 561 37714 49992 2250 14527 6679 13 561 37714 7854 279 11129 29262 13 561 12433 7854 279 17631 5459 13 561 12433 49992 264 23772 6321 13 6983 12050 49992 264 23772 6321 13 561 12433 49992 264 23772 6321 13 357 28282 23235 2250 14527 6679 13 6983 12050 7854 279 11129 29262 13 357 2526 14882 11354 279 11129 29262 13 561 37714 11354 264 23772 6321 13 357 2526 14882 7854 279 17631 5459 13 561 13159 16384 2250 14527 6679 13 357 2526 14882 23235 449 4147 70676 13 357 28282 7246 449 4147 70676 13 357 28282 23235 2250 14527 6679 13 561 12433 49992 279 17631 5459 13 561 2235 6522 23235 279 9506 13759 13 6056 36600 16384 279 9506 13759 13 561 2235 6522 23235 279 2981 9057 13 561 2235 6522 7246 264 23772 6321 13 561 12433 11354 2250 14527 6679 13 357 2526 14882 11354 279 2981 9057 13 561 14367 7854 279 9506 13759 13 6983 12050 7246 264 23772 6321 13 561 37714 25624 264 11012 72103 13 561 12433 49992 279 9506 13759 13 357 27786 27491 16384 279 17631 5459 13 561 13159 7854 279 2981 9057 13 561 13159 11354 264 23772 6321 13 357 28282 23235 264 23772 6321 13 561 2235 6522 11354 2250 14527 6679 13 6983 12050 11354 2250 14527 6679 13 561 12433 25624 2250 14527 6679 13 6983 12050 11693 449 4147 70676 13 357 27786 27491 23235 264 11012 72103 13 561 14367 23235 264 11012 72103 13 561 37714 49992 264 11012 72103 13 6983 12050 11693 449 4147 70676 13 561 12433 7854 264 23772 6321 13 561 14367 11693 264 11012 72103 13 357 2526 14882 7854 2250 14527 6679 13 561 13159 11693 264 23772 6321 13 357 27786 27491 11693 279 9506 13759 13 561 14367 16384 279 11129 29262 13 6056 36600 49992 449 4147 70676 13 561 14367 11354 279 9506 13759 13 6056 36600 11693 279 2981 9057 13 357 27786 27491 49992 279 9506 13759 13 561 2235 6522 25624 279 11129 29262 13 6056 36600 25624 279 11129 29262 13 6056 36600 11693 279 17631 5459 13 357 28282 25624 264 11012 72103 13 561 2235 6522 23235 279 17631 5459 13 561 13159 7854 449 4147 70676 13 561 12433 23235 264 23772 6321 13 561 2235 6522 25624 449 4147 70676 13 357 28282 23235 279 11129 29262 13 561 37714 11693 2250 14527 6679 13 561 13159 23235 264 23772 6321 13 357 27786 27491 16384 279 11129 29262 13 357 28282 23235 264 11012 72103 13 357 2526 14882 23235 279 2981 9057 13 357 2526 14882 25624 264 23772 6321 13 561 2235 6522 7854 279 17631 5459 13 357 2526 14882 11693 279 9506 13759 13 561 14367 7246 2250 14527 6679 13 561 37714 49992 264 23772 6321 13 561 13159 16384 2250 14527 6679 13 561 2235 6522 49992 279 2981 9057 13 357 2526 14882 11354 279 17631 5459 13 561 13159 11693 264 23772 6321 13 561 13159 11354 449 4147 70676 13 561 37714 49992 2250 14527 6679 13 561 37714 7246 264 11012 72103 13 561 2235 6522 7246 279 11129 29262 13 561 37714 7246 279 2981 9057 13 561 37714 23235 279 11129 29262 13 561 37714 7246 449 4147 70676 13 357 27786 27491 25624 279 2981 9057 13 561 12433 16384 279 11129 29262 13 6983 12050 11693 449 4147 70676 13 357 2526 14882 7246 264 23772 6321 13 6056 36600 49992 279 2981 9057 13 561 14367 25624 264 11012 72103 13 357 27786 27491 11354 279 2981 9057 13 561 12433 25624 279 2981 9057 13 561 37714 11354 279 17631 5459 13 357 27786 27491 11693 449 4147 70676 13 357 28282 49992 2250 14527 6679 13 561 2235 6522 11693 264 23772 6321 13 357 2526 14882 11354 279 2981 9057 13 357 2526 14882 23235 264 11012 72103 13 357 28282 11354 264 11012 72103 13 561 14367 7246 279 11129 29262 13 561 12433 16384 264 11012 72103 13 6983 12050 49992 279 11129 29262 13 561 37714 11354 279 17631 5459 13 561 12433 11693 279 11129 29262 13 357 28282 49992 279 2981 9057 13 561 13159 49992 279 9506 13759 13 6056 36600 11693 2250 14527 6679 13 561 12433 16384 2250 14527 6679 13 561 2235 6522 16384 279 9506 13759 13 561 14367 11693 264 11012 72103 13 6983 12050 49992 264 23772 6321 13 6056 36600 23235 449 4147 70676 13 561 14367 23235 279 9506 13759 13 6983 12050 7246 264 23772 6321 13 6056 36600 7854 279 2981 9057 13 561 37714 7246 279 9506 13759 13 561 2235 6522 49992 2250 14527 6679 13 6983 12050 11693 264 23772 6321 13 357 27786 27491 25624 279 11129 29262 13 561 12433 23235 264 11012 72103 13 6056 36600 16384 279 9506 13759 13 357 27786 27491 11693 264 23772 6321 13 561 13159 11354 279 11129 29262 13 561 12433 7246 279 2981 9057 13 561 2235 6522 16384 264 11012 72103 13 561 13159 49992 279 9506 13759 13 561 13159 11693 264 11012 72103 13 561 2235 6522 7854 279 2981 9057 13 561 37714 7246 264 23772 6321 13 6983 12050 7854 279 9506 13759 13 561 12433 7246 264 11012 72103 13 561 2235 6522 11693 279 2981 9057 13 6056 36600 11693 449 4147 70676 13 561 37714 49992 264 11012 72103 13 561 14367 11693 449 4147 70676 13 561 14367 25624 279 9506 13759 13 6983 12050 16384 2250 14527 6679 13 357 27786 27491 7246 264 23772 6321 13 357 2526 14882 25624 449 4147 70676 13 357 28282 7246 279 11129 29262 13 561 2235 6522 16384 264 11012 72103 13 561 14367 11354 2250 14527 6679 13 6983 12050 11693 264 11012 72103 13 561 12433 16384 264 11012 72103 13 561 12433 49992 279 2981 9057 13 561 12433 11354 279 11129 29262 13 6056 36600 11693 264 23772 6321 13 6983 12050 7854 264 11012 72103 13 6983 12050 11354 264 11012 72103 13 357 2526 14882 25624 449 4147 70676 13 6056 36600 11354 2250 14527 6679 13 6983 12050 23235 279 17631 5459 13 357 2526 14882 7854 279 9506 13759 13 561 37714 7854 2250 14527 6679 13 561 12433 7854 264 11012 72103 13 357 27786 27491 49992 279 9506 13759 13 357 27786 27491 49992 279 11129 29262 13 561 2235 6522 7854 279 9506 13759 13 6983 12050 11354 2250 14527 6679 13 6056 36600 11693 264 11012 72103 13 357 28282 23235 279 9506 13759 13 561 14367 11354 279 11129 29262 13 6056 36600 7246 2250 14527 6679 13 6056 36600 7246 279 11129 29262 13 561 13159 11693 279 2981 9057 13 561 13159 11354 279 11129 29262 13 561 14367 7854 449 4147 70676 13 357 2526 14882 11693 264 23772 6321 13 357 28282 7246 279 17631 5459 13 357 28282 16384 279 17631 5459 13 561 12433 16384 279 2981 9057 13 357 28282 25624 264 11012 72103 13 561 12433 11354 264 23772 6321 13 561 2235 6522 7854 279 9506 13759 13 357 28282 25624 449 4147 70676 13 561 12433 49992 449 4147 70676 13 561 13159 25624 279 9506 13759 13 6983 12050 7854 2250 14527 6679 13 357 2526 14882 49992 279 9506 13759 13 561 13159 16384 264 11012 72103 13 357 27786 27491 11354 449 4147 70676 13 561 12433 11693 279 2981 9057 13 6056 36600 7854 279 11129 29262 13 357 2526 14882 7246 279 2981 9057 13 561 13159 7246 279 11129 29262 13 6983 12050 25624 279 17631 5459 13 561 13159 25624 279 17631 5459 13 357 27786 27491 49992 279 11129 29262 13 357 27786 27491 49992 264 11012 72103 13 357 28282 25624 279 9506 13759 13 561 12433 11354 279 9506 13759 13 357 2526 14882 7246 449 4147 70676 13 357 28282 11354 279 17631 5459 13 561 2235 6522 11693 264 11012 72103 13 357 28282 11693 264 11012 72103 13 561 2235 6522 16384 279 9506 13759 13 6056 36600 16384 2250 14527 6679 13 357 2526 14882 11354 264 11012 72103 13 561 37714 7854 279 11129 29262 13 357 27786 27491 11354 264 11012 72103 13 357 28282 7854 264 11012 72103 13 357 27786 27491 11693 279 11129 29262 13 6056 36600 16384 279 2981 9057 13 357 27786 27491 7854 279 17631 5459 13 561 12433 49992 264 23772 6321 13 561 12433 16384 264 11012 72103 13 357 28282 49992 264 23772 6321 13 6983 12050 23235 264 11012 72103 13 357 2526 14882 16384 279 11129 29262 13 357 2526 14882 11693 279 9506 13759 13 561 37714 16384 2250 14527 6679 13 561 13159 49992 279 11129 29262 13 357 27786 27491 11693 279 2981 9057 13 561 37714 7246 279 17631 5459 13 357 28282 16384 279 2981 9057 13 357 2526 14882 16384 2250 14527 6679 13 561 13159 49992 279 2981 9057 13 357 28282 16384 264 11012 72103 13 561 2235 6522 49992 279 9506 13759 13 561 14367 11693 279 9506 13759 13 561 13159 7854 2250 14527 6679 13 357 2526 14882 16384 279 9506 13759 13 357 27786 27491 7854 279 9506 13759 13 6983 12050 7854 279 2981 9057 13 561 37714 23235 449 4147 70676 13 561 14367 25624 2250 14527 6679 13 357 28282 7246 264 23772 6321 13 561 12433 49992 449 4147 70676 13 357 2526 14882 16384 264 23772 6321 13 561 2235 6522 7246 279 2981 9057 13 357 28282 7246 2250 14527 6679 13 6056 36600 23235 264 11012 72103 13 561 37714 7246 279 2981 9057 13 561 37714 11693 264 23772 6321 13 561 12433 16384 264 11012 72103 13 561 12433 11693 279 9506 13759 13 561 14367 7854 2250 14527 6679 13 561 13159 49992 279 17631 5459 13 6056 36600 7854 279 17631 5459 13 357 28282 11693 279 9506 13759 13 561 12433 11693 279 17631 5459 13 357 27786 27491 25624 449 4147 70676 13 561 13159 25624 2250 14527 6679 13 6056 36600 16384 2250 14527 6679 13 561 14367 23235 279 17631 5459 13 357 28282 11354 449 4147 70676 13 561 37714 7246 279 9506 13759 13 561 2235 6522 49992 279 11129 29262 13 357 2526 14882 7854 279 2981 9057 13 6983 12050 25624 264 23772 6321 13 357 27786 27491 7854 2250 14527 6679 13 561 12433 23235 279 17631 5459 13 561 37714 23235 264 11012 72103 13 561 14367 23235 279 11129 29262 13 561 12433 16384 279 9506 13759 13 561 37714 49992 449 4147 70676 13 6056 36600 49992 264 23772 6321 13 357 28282 7246 264 11012 72103 13 6983 12050 7246 2250 14527 6679 13 561 2235 6522 11693 449 4147 70676 13 357 2526 14882 11693 264 23772 6321 13 6056 36600 49992 279 17631 5459 13 561 2235 6522 11354 279 2981 9057 13 6056 36600 25624 264 11012 72103 13 6056 36600 11354 279 17631 5459 13 6056 36600 7854 264 11012 72103 13 561 13159 11693 279 2981 9057 13 561 14367 7854 2250 14527 6679 13 357 2526 14882 16384 449 4147 70676 13 561 13159 7854 279 17631 5459 13 561 37714 11354 264 23772 6321 13 561 14367 7854 2250 14527 6679 13 6983 12050 23235 279 17631 5459 13 561 14367 25624 279 17631 5459 13 561 13159 49992 449 4147 70676 13 357 2526 14882 25624 279 9506 13759 13 357 27786 27491 23235 279 17631 5459 13 561 13159 16384 279 9506 13759 13 357 27786 27491 25624 449 4147 70676 13 561 37714 7854 264 11012 72103 13 6056 36600 25624 279 9506 13759 13 357 28282 49992 279 9506 13759 13 561 37714 11354 264 11012 72103 13 357 27786 27491 49992 279 11129 29262 13 561 14367 7854 279 11129 29262 13 561 14367 49992 2250 14527 6679 13 357 2526 14882 49992 279 9506 13759 13 357 28282 16384 279 17631 5459 13 357 2526 14882 16384 2250 14527 6679 13 357 27786 27491 7854 279 17631 5459 13 561 13159 49992 279 2981 9057 13 357 27786 27491 49992 279 11129 29262 13 561 37714 11354 279 11129 29262 13 561 14367 7246 264 23772 6321 13 561 14367 11693 279 17631 5459 13 561 2235 6522 16384 2250 14527 6679 13 561 13159 11693 264 23772 6321 13 357 27786 27491 7246 264 11012 72103 13 6983 12050 49992 279 9506 13759 13 357 2526 14882 7246 449 4147 70676 13 561 2235 6522 16384 264 23772 6321 13 561 14367 16384 449 4147 70676 13 561 14367 25624 279 2981 9057 13 561 14367 7854 264 11012 72103 13 357 2526 14882 23235 264 11012 72103 13 561 2235 6522 7854 279 2981 9057 13 561 12433 11354 264 11012 72103 13 6056 36600 7246 449 4147 70676 13 357 28282 11693 279 2981 9057 13 561 12433 11693 279 17631 5459 13 561 14367 16384 264 11012 72103 13 561 2235 6522 49992 264 23772 6321 13 561 2235 6522 7246 264 23772 6321 13 561 13159 7246 449 4147 70676 13 561 12433 16384 279 2981 9057 13 561 2235 6522 23235 279 2981 9057 13 6983 12050 11354 264 11012 72103 13 6983 12050 16384 279 17631 5459 13 561 12433 23235 264 11012 72103 13 561 12433 49992 279 2981 9057 13 6056 36600 25624 264 11012 72103 13 357 2526 14882 7854 279 2981 9057 13 561 2235 6522 11693 264 11012 72103 13 561 14367 25624 279 9506 13759 13 357 28282 7246 2250 14527 6679 13 6056 36600 11354 279 9506 13759 13 6056 36600 25624 279 17631 5459 13 561 13159 23235 2250 14527 6679 13 6983 12050 7854 264 23772 6321 13 6056 36600 23235 279 2981 9057 13 561 13159 25624 279 11129 29262 13 561 13159 16384 279 11129 29262 13 357 28282 11693 279 9506 13759 13 357 2526 14882 49992 279 11129 29262 13 6983 12050 49992 279 11129 29262 13 561 13159 25624 264 11012 72103 13 6056 36600 25624 449 4147 70676 13 561 13159 16384 449 4147 70676 13 561 12433 7854 264 11012 72103 13 6983 12050 7246 279 9506 13759 13 6983 12050 11354 449 4147 70676 13 561 13159 23235 279 9506 13759 13 357 28282 25624 279 9506 13759 13 561 2235 6522 16384 279 9506 13759 13 561 37714 7246 279 11129 29262 13 357 2526 14882 49992 449 4147 70676 13 561 12433 49992 279 2981 9057 13 561 2235 6522 16384 279 17631 5459 13 561 13159 11354 279 11129 29262 13 561 37714 49992 264 23772 6321 13 6983 12050 7854 279 17631 5459 13 6056 36600 7854 2250 14527 6679 13 357 28282 25624 2250 14527 6679 13 561 12433 7854 2250 14527 6679 13 561 13159 23235 449 4147 70676 13 561 13159 23235 279 9506 13759 13 357 28282 11693 264 11012 72103 13 561 12433 25624 449 4147 70676 13 561 13159 23235 279 9506 13759 13 561 2235 6522 11693 279 9506 13759 13 357 2526 14882 16384 279 9506 13759 13 357 2526 14882 49992 449 4147 70676 13 561 14367 49992 2250 14527 6679 13 561 14367 7246 279 17631 5459 13 357 2526 14882 16384 264 11012 72103 13 6983 12050 11693 449 4147 70676 13 561 12433 49992 279 9506 13759 13 561 37714 25624 279 17631 5459 13 357 28282 7246 2250 14527 6679 13 357 28282 7854 279 2981 9057 13 561 37714 16384 264 23772 6321 13 357 28282 7246 264 23772 6321 13 561 13159 11693 264 11012 72103 13 561 14367 25624 449 4147 70676 13 357 2526 14882 11354 279 9506 13759 13 561 12433 23235 449 4147 70676 13 6983 12050 16384 279 2981 9057 13 6056 36600 7246 279 2981 9057 13 6056 36600 23235 279 2981 9057 13 357 27786 27491 7854 264 11012 72103 13 6983 12050 16384 264 23772 6321 13 561 12433 11693 264 11012 72103 13 561 37714 23235 279 9506 13759 13 6983 12050 23235 279 17631 5459 13 561 14367 49992 279 9506 13759 13 357 2526 14882 16384 449 4147 70676 13 6983 12050 11693 279 11129 29262 13 6983 12050 23235 449 4147 70676 13 357 27786 27491 23235 279 9506 13759 13 357 28282 11354 279 17631 5459 13 357 27786 27491 7854 264 23772 6321 13 6056 36600 11693 279 9506 13759 13 561 37714 11693 449 4147 70676 13 561 14367 49992 2250 14527 6679 13 357 2526 14882 49992 279 17631 5459 13 561 12433 16384 279 2981 9057 13 6056 36600 11693 279 11129 29262 13 561 37714 49992 279 2981 9057 13 6983 12050 16384 279 9506 13759 13 357 2526 14882 11354 264 11012 72103 13 561 12433 23235 2250 14527 6679 13 357 27786 27491 7246 279 2981 9057 13 561 13159 16384 264 11012 72103 13 357 2526 14882 7246 264 11012 72103 13 561 12433 16384 279 9506 13759 13 561 12433 49992 279 11129 29262 13 561 37714 23235 279 11129 29262 13 561 14367 11693 264 23772 6321 13 6983 12050 23235 2250 14527 6679 13 561 13159 16384 264 23772 6321 13 561 14367 16384 279 11129 29262 13 561 14367 16384 279 2981 9057 13 6983 12050 23235 264 11012 72103 13 357 2526 14882 23235 264 11012 72103 13 561 37714 7246 279 9506 13759 13 561 12433 25624 449 4147 70676 13 6056 36600 16384 264 23772 6321 13 561 37714 11354 264 23772 6321 13 561 13159 16384 279 2981 9057 13 6056 36600 49992 264 23772 6321 13 561 2235 6522 11693 279 11129 29262 13 357 27786 27491 25624 2250 14527 6679 13 6983 12050 11693 279 17631 5459 13 6983 12050 11693 279 2981 9057 13 561 37714 49992 264 23772 6321 13 6056 36600 23235 279 17631 5459 13 6983 12050 11693 279 9506 13759 13 561 37714 49992 2250 14527 6679 13 561 14367 23235 279 17631 5459 13 357 28282 16384 264 23772 6321 13 357 28282 49992 279 2981 9057 13 561 37714 7246 264 11012 72103 13 561 37714 7246 279 9506 13759 13 561 2235 6522 16384 2250 14527 6679 13 357 27786 27491 23235 449 4147 70676 13 357 28282 49992 264 23772 6321 13 561 13159 11693 264 23772 6321 13 561 14367 49992 449 4147 70676 13 6983 12050 11693 264 11012 72103 13 6056 36600 11693 264 11012 72103 13 357 2526 14882 7246 264 11012 72103 13 6983 12050 23235 264 23772 6321 13 357 28282 7854 264 11012 72103 13 561 37714 11354 279 11129 29262 13 561 13159 49992 449 4147 70676 13 561 12433 23235 279 11129 29262 13 561 37714 11354 2250 14527 6679 13 6056 36600 7246 264 11012 72103 13 6983 12050 23235 279 9506 13759 13 6983 12050 25624 264 11012 72103 13 561 37714 11354 279 2981 9057 13 561 14367 49992 449 4147 70676 13 357 27786 27491 16384 279 11129 29262 13 561 14367 7854 279 11129 29262 13 561 37714 11354 279 11129 29262 13 561 2235 6522 49992 2250 14527 6679 13 6983 12050 11693 279 2981 9057 13 561 14367 16384 279 2981 9057 13 6056 36600 7854 264 23772 6321 13 561 14367 7854 279 9506 13759 13 561 14367 25624 449 4147 70676 13 357 27786 27491 11354 279 9506 13759 13 561 2235 6522 49992 449 4147 70676 13 561 2235 6522 7246 279 9506 13759 13 561 2235 6522 7854 279 11129 29262 13 561 12433 25624 2250 14527 6679 13 357 28282 49992 264 23772 6321 13 357 27786 27491 25624 279 2981 9057 13 561 37714 11693 279 2981 9057 13 561 14367 25624 264 23772 6321 13 6983 12050 23235 2250 14527 6679 13 357 28282 11354 279 9506 13759 13 561 2235 6522 11354 264 11012 72103 13 6056 36600 49992 2250 14527 6679 13 561 13159 16384 2250 14527 6679 13 561 2235 6522 49992 449 4147 70676 13 561 2235 6522 11354 264 23772 6321 13 561 37714 11693 264 23772 6321 13 357 28282 11693 449 4147 70676 13 357 28282 25624 264 23772 6321 13 561 37714 7246 279 17631 5459 13 561 12433 11354 449 4147 70676 13 357 27786 27491 7854 279 17631 5459 13 561 2235 6522 23235 279 9506 13759 13 561 13159 25624 279 9506 13759 13 6983 12050 23235 279 9506 13759 13 561 2235 6522 7854 279 11129 29262 13 357 2526 14882 16384 264 11012 72103 13 6056 36600 11354 264 23772 6321 13 357 28282 7854 449 4147 70676 13 6056 36600 7246 264 11012 72103 13 357 2526 14882 11354 2250 14527 6679 13 357 27786 27491 11354 279 2981 9057 13 561 14367 16384 449 4147 70676 13 357 2526 14882 11354 2250 14527 6679 13 6983 12050 49992 279 11129 29262 13 6056 36600 49992 279 9506 13759 13 357 28282 11693 279 2981 9057 13 357 2526 14882 25624 264 23772 6321 13 357 27786 27491 49992 279 2981 9057 13 561 14367 7854 2250 14527 6679 13 357 28282 49992 449 4147 70676 13 357 27786 27491 7246 264 11012 72103 13 357 27786 27491 11354 279 9506 13759 13 561 13159 11693 264 11012 72103 13 357 27786 27491 11693 449 4147 70676 13 357 2526 14882 11693 264 23772 6321 13 357 28282 49992 279 2981 9057 13 561 37714 23235 264 11012 72103 13 357 2526 14882 11354 264 11012 72103 13 561 12433 7854 279 2981 9057 13 561 37714 23235 279 17631 5459 13 6056 36600 25624 264 23772 6321 13 561 37714 11693 279 2981 9057 13 561 12433 7246 279 11129 29262 13 561 12433 16384 449 4147 70676 13 561 2235 6522 16384 279 11129 29262 13 6056 36600 11693 279 2981 9057 13 357 27786 27491 11693 449 4147 70676 13 561 2235 6522 11693 264 23772 6321 13 561 2235 6522 7854 279 11129 29262 13 561 13159 49992 279 9506 13759 13 561 2235 6522 23235 279 17631 5459 13 561 13159 16384 279 2981 9057 13 561 37714 23235 2250 14527 6679 13 561 13159 16384 279 2981 9057 13 561 2235 6522 23235 449 4147 70676 13 561 37714 11693 279 2981 9057 13 561 2235 6522 23235 279 11129 29262 13 561 14367 7854 279 2981 9057 13 357 28282 16384 264 11012 72103 13 6983 12050 25624 279 11129 29262 13 561 37714 49992 264 23772 6321 13 357 27786 27491 11693 279 11129 29262 13 561 12433 23235 279 17631 5459 13 357 27786 27491 25624 279 17631 5459 13 561 14367 7246 279 11129 29262 13 561 37714 25624 279 9506 13759 13 6983 12050 11693 449 4147 70676 13 561 37714 23235 449 4147 70676 13 561 14367 16384 279 11129 29262 13 357 28282 7854 264 23772 6321 13 561 37714 16384 264 11012 72103 13 6983 12050 23235 279 11129 29262 13 561 12433 16384 264 11012 72103 13 6983 12050 11354 264 11012 72103 13 357 27786 27491 7854 264 23772 6321 13 357 27786 27491 7246 279 9506 13759 13 357 2526 14882 16384 2250 14527 6679 13 561 2235 6522 16384 279 2981 9057 13 357 27786 27491 25624 279 2981 9057 13 561 14367 11693 264 23772 6321 13 561 37714 49992 279 2981 9057 13 561 37714 7854 449 4147 70676 13 561 2235 6522 11354 264 23772 6321 13 357 28282 11354 264 23772 6321 13 561 2235 6522 11354 279 17631 5459 13 561 2235 6522 7246 279 11129 29262 13 561 12433 25624 279 2981 9057 13 561 13159 7246 279 11129 29262 13 357 2526 14882 7246 279 2981 9057 13 6056 36600 7246 449 4147 70676 13 561 13159 7246 279 2981 9057 13 561 12433 7854 279 2981 9057 13 561 37714 23235 2250 14527 6679 13 561 13159 23235 264 11012 72103 13 561 37714 23235 449 4147 70676 13 357 28282 25624 279 11129 29262 13 357 27786 27491 25624 279 2981 9057 13 357 2526 14882 23235 279 9506 13759 13 561 14367 25624 264 11012 72103 13 561 2235 6522 7854 279 11129 29262 13 357 2526 14882 11354 279 2981 9057 13 561 12433 25624 264 23772 6321 13 357 2526 14882 23235 279 2981 9057 13 6056 36600 49992 279 17631 5459 13 357 2526 14882 16384 264 23772 6321 13 561 37714 25624 264 23772 6321 13 561 14367 23235 279 9506 13759 13 357 2526 14882 23235 449 4147 70676 13 561 12433 7246 264 11012 72103 13 561 12433 25624 2250 14527 6679 13 561 13159 11354 279 17631 5459 13 561 37714 16384 279 2981 9057 13 561 13159 25624 279 2981 9057 13 6983 12050 25624 279 2981 9057 13 6056 36600 11354 2250 14527 6679 13 561 14367 11693 279 17631 5459 13 6983 12050 7246 279 9506 13759 13 561 37714 7246 279 2981 9057 13 561 37714 7854 449 4147 70676 13 561 12433 11354 2250 14527 6679 13 357 2526 14882 16384 449 4147 70676 13 561 14367 23235 279 9506 13759 13 561 2235 6522 49992 279 2981 9057 13 357 27786 27491 23235 279 17631 5459 13 6056 36600 7246 279 17631 5459 13 357 2526 14882 49992 279 9506 13759 13 357 2526 14882 11354 449 4147 70676 13 561 14367 25624 449 4147 70676 13 357 28282 25624 279 9506 13759 13 357 2526 14882 11693 279 11129 29262 13 6056 36600 25624 449 4147 70676 13 561 37714 49992 279 11129 29262 13 561 37714 23235 449 4147 70676 13 6983 12050 7854 264 11012 72103 13 561 13159 25624 264 23772 6321 13 561 2235 6522 7854 2250 14527 6679 13 6983 12050 11693 2250 14527 6679 13 6983 12050 23235 279 17631 5459 13 561 13159 16384 279 11129 29262 13 561 14367 11354 279 9506 13759 13 561 12433 7854 279 11129 29262 13 357 27786 27491 7246 449 4147 70676 13 6056 36600 49992 279 11129 29262 13 561 13159 11354 264 11012 72103 13 6056 36600 23235 279 2981 9057 13 561 37714 11354 449 4147 70676 13 561 2235 6522 11693 279 11129 29262 13 357 2526 14882 25624 264 23772 6321 13 561 14367 23235 264 23772 6321 13 561 13159 25624 264 23772 6321 13 357 2526 14882 23235 279 11129 29262 13 561 2235 6522 7246 279 17631 5459 13 357 27786 27491 25624 449 4147 70676 13 561 37714 23235 2250 14527 6679 13 561 37714 25624 279 17631 5459 13 357 2526 14882 11693 279 9506 13759 13 561 37714 16384 264 23772 6321 13 561 12433 11354 264 11012 72103 13 561 37714 16384 264 23772 6321 13 357 28282 7854 279 11129 29262 13 561 14367 23235 279 9506 13759 13 561 14367 16384 279 11129 29262 13 561 14367 23235 279 17631 5459 13 357 27786 27491 11354 2250 14527 6679 13 561 37714 49992 264 11012 72103 13 357 27786 27491 23235 264 11012 72103 13 561 37714 16384 264 23772 6321 13 357 28282 7246 264 11012 72103 13 6056 36600 49992 2250 14527 6679 13 561 2235 6522 16384 264 23772 6321 13 6056 36600 16384 279 9506 13759 13 357 27786 27491 11693 264 11012 72103 13 561 14367 11354 279 2981 9057 13 6056 36600 23235 279 2981 9057 13 561 13159 7854 279 11129 29262 13 561 13159 11693 279 17631 5459 13 357 28282 7246 279 2981 9057 13 561 12433 49992 279 2981 9057 13 561 14367 11354 264 23772 6321 13 357 2526 14882 11354 279 17631 5459 13 561 13159 16384 2250 14527 6679 13 6983 12050 25624 449 4147 70676 13 6983 12050 25624 2250 14527 6679 13 357 28282 11693 2250 14527 6679 13 357 28282 49992 264 11012 72103 13 357 2526 14882 7854 264 23772 6321 13 6056 36600 7246 279 9506 13759 13 6056 36600 7246 264 23772 6321 13 561 13159 49992 279 2981 9057 13 561 37714 25624 264 11012 72103 13 6056 36600 49992 264 11012 72103 13 357 28282 11693 264 23772 6321 13 561 2235 6522 25624 279 9506 13759 13 6056 36600 49992 279 9506 13759 13 561 2235 6522 7854 449 4147 70676 13 561 2235 6522 49992 279 11129 29262 13 561 37714 25624 279 2981 9057 13 357 2526 14882 23235 2250 14527 6679 13 357 27786 27491 11693 2250 14527 6679 13 6056 36600 7854 449 4147 70676 13 561 13159 7246 2250 14527 6679 13 6983 12050 23235 264 23772 6321 13 357 28282 25624 279 11129 29262 13 357 28282 49992 279 2981 9057 13 6056 36600 49992 279 17631 5459 13 561 13159 25624 279 17631 5459 13 561 37714 7854 2250 14527 6679 13 561 14367 7246 2250 14527 6679 13 357 2526 14882 7854 264 23772 6321 13 6983 12050 23235 2250 14527 6679 13 561 37714 16384 2250 14527 6679 13 561 14367 11693 264 23772 6321 13 561 37714 11354 279 17631 5459 13 561 12433 11354 264 11012 72103 13 561 14367 7854 279 9506 13759 13 6056 36600 23235 279 17631 5459 13 357 27786 27491 49992 279 2981 9057 13 357 27786 27491 11354 279 2981 9057 13 6056 36600 23235 279 11129 29262 13 561 37714 49992 279 17631 5459 13 561 12433 23235 264 23772 6321 13 561 14367 25624 264 11012 72103 13 6056 36600 11354 279 9506 13759 13 357 28282 49992 264 11012 72103 13 357 28282 16384 279 17631 5459 13 561 13159 25624 2250 14527 6679 13 561 13159 11693 264 11012 72103 13 357 2526 14882 11354 279 9506 13759 13 357 27786 27491 7246 279 17631 5459 13 357 28282 7246 2250 14527 6679 13 6983 12050 7246 264 23772 6321 13 357 2526 14882 7854 279 17631 5459 13 357 2526 14882 7854 279 2981 9057 13 561 37714 49992 2250 14527 6679 13 561 12433 11354 2250 14527 6679 13 357 2526 14882 7854 2250 14527 6679 13 6056 36600 11693 279 11129 29262 13 561 14367 23235 279 9506 13759 13 357 27786 27491 11693 279 9506 13759 13 357 27786 27491 7854 264 11012 72103 13 357 28282 25624 264 11012 72103 13 561 12433 25624 449 4147 70676 13 561 14367 25624 279 17631 5459 13 6983 12050 11354 279 2981 9057 13 357 27786 27491 11693 279 9506 13759 13 561 13159 11693 279 11129 29262 13 357 2526 14882 7246 264 23772 6321 13 6056 36600 7246 449 4147 70676 13 561 12433 49992 279 17631 5459 13 561 12433 11693 2250 14527 6679 13 6056 36600 16384 264 23772 6321 13 561 14367 7246 264 11012 72103 13 357 28282 11693 279 2981 9057 13 561 14367 7246 449 4147 70676 13 561 2235 6522 11354 279 11129 29262 13 357 2526 14882 7854 2250 14527 6679 13 6056 36600 11354 279 11129 29262 13 6983 12050 23235 279 2981 9057 13 561 13159 16384 264 23772 6321 13 357 2526 14882 23235 279 2981 9057 13 561 14367 16384 449 4147 70676 13 561 14367 11693 264 11012 72103 13 6056 36600 49992 2250 14527 6679 13 6056 36600 7246 264 11012 72103 13 561 37714 49992 264 11012 72103 13 561 14367 23235 279 2981 9057 13 357 27786 27491 11693 279 9506 13759 13 561 37714 25624 279 17631 5459 13 6983 12050 16384 264 11012 72103 13 357 28282 7246 449 4147 70676 13 357 2526 14882 25624 2250 14527 6679 13 357 27786 27491 7854 279 11129 29262 13 6983 12050 16384 279 9506 13759 13 357 27786 27491 25624 279 9506 13759 13 6983 12050 16384 279 9506 13759 13 561 13159 25624 279 9506 13759 13 561 37714 7246 279 2981 9057 13 561 2235 6522 16384 279 2981 9057 13 561 2235 6522 11693 449 4147 70676 13 561 37714 7246 2250 14527 6679 13 6983 12050 7246 279 2981 9057 13 561 13159 25624 449 4147 70676 13 357 2526 14882 23235 264 11012 72103 13 6983 12050 25624 279 17631 5459 13 561 14367 25624 264 11012 72103 13 357 28282 23235 2250 14527 6679 13 357 27786 27491 7854 264 23772 6321 13 357 2526 14882 7854 279 9506 13759 13 561 37714 7246 279 17631 5459 13 561 12433 11693 2250 14527 6679 13 561 2235 6522 7854 449 4147 70676 13 6983 12050 7854 449 4147 70676 13 6983 12050 25624 449 4147 70676 13 561 13159 7854 279 11129 29262 13 561 12433 7854 279 11129 29262 13 6056 36600 11354 449 4147 70676 13 6056 36600 23235 279 17631 5459 13 6056 36600 7246 279 11129 29262 13 561 12433 25624 449 4147 70676 13 6056 36600 25624 264 11012 72103 13 561 2235 6522 49992 449 4147 70676 13 357 2526 14882 49992 279 11129 29262 13 561 37714 23235 279 9506 13759 13 357 27786 27491 7246 449 4147 70676 13 561 14367 25624 264 23772 6321 13 561 12433 7246 264 23772 6321 13 357 2526 14882 23235 279 9506 13759 13 6056 36600 11354 279 2981 9057 13 561 2235 6522 11693 264 23772 6321 13 6983 12050 7854 264 23772 6321 13 561 13159 7246 449 4147 70676 13 357 27786 27491 11354 2250 14527 6679 13 357 2526 14882 11354 279 2981 9057 13 561 37714 25624 279 11129 29262 13 357 2526 14882 7854 449 4147 70676 13 561 12433 7854 264 23772 6321 13 6983 12050 16384 2250 14527 6679 13 6983 12050 49992 279 11129 29262 13 561 2235 6522 49992 264 11012 72103 13 6983 12050 49992 264 11012 72103 13 561 13159 16384 264 11012 72103 13 357 28282 25624 264 23772 6321 13 6056 36600 11693 449 4147 70676 13 357 28282 49992 264 23772 6321 13 561 12433 7246 449 4147 70676 13 561 2235 6522 11354 279 2981 9057 13 6983 12050 49992 279 2981 9057 13 6983 12050 49992 279 11129 29262 13 6056 36600 11354 264 11012 72103 13 561 13159 16384 2250 14527 6679 13 561 37714 16384 264 11012 72103 13 561 12433 11354 279 11129 29262 13 561 2235 6522 11693 279 2981 9057 13 357 27786 27491 49992 279 2981 9057 13 6056 36600 11354 279 2981 9057 13 6983 12050 23235 279 11129 29262 13 561 12433 11354 264 23772 6321 13 6056 36600 25624 2250 14527 6679 13 561 13159 16384 449 4147 70676 13 561 2235 6522 16384 264 11012 72103 13 561 2235 6522 11693 2250 14527 6679 13 6056 36600 7246 264 11012 72103 13 357 2526 14882 49992 264 23772 6321 13 561 37714 7854 279 2981 9057 13 561 2235 6522 7246 279 11129 29262 13 561 13159 11354 449 4147 70676 13 357 28282 25624 264 11012 72103 13 561 13159 7246 2250 14527 6679 13 357 28282 11693 2250 14527 6679 13 561 14367 23235 264 11012 72103 13 357 28282 7854 264 23772 6321 13 357 28282 11354 279 2981 9057 13 561 37714 25624 449 4147 70676 13 357 27786 27491 49992 264 23772 6321 13 357 28282 23235 264 11012 72103 13 357 28282 7854 264 11012 72103 13 357 2526 14882 11354 2250 14527 6679 13 561 12433 11354 264 23772 6321 13 357 2526 14882 25624 449 4147 70676 13 6983 12050 49992 264 11012 72103 13 6983 12050 11693 279 2981 9057 13 561 14367 7246 279 17631 5459 13 561 14367 25624 279 2981 9057 13 561 12433 16384 2250 14527 6679 13 357 28282 25624 264 23772 6321 13 6983 12050 11354 279 2981 9057 13 357 27786 27491 11693 279 9506 13759 13 561 37714 11354 264 11012 72103 13 357 28282 11693 279 2981 9057 13 561 14367 25624 264 11012 72103 13 561 12433 16384 279 9506 13759 13 561 37714 7854 264 23772 6321 13 6056 36600 11354 2250 14527 6679 13 357 28282 49992 279 17631 5459 13 357 2526 14882 7854 449 4147 70676 13 357 27786 27491 7854 279 9506 13759 13 561 2235 6522 11354 264 23772 6321 13 357 27786 27491 49992 279 17631 5459 13 561 2235 6522 11354 279 11129 29262 13 357 2526 14882 49992 449 4147 70676 13 357 28282 16384 264 11012 72103 13 561 12433 7246 279 17631 5459 13 561 37714 11693 279 9506 13759 13 6056 36600 11693 264 23772 6321 13 357 2526 14882 16384 279 2981 9057 13 561 12433 23235 2250 14527 6679 13 561 12433 25624 279 17631 5459 13 561 14367 16384 264 23772 6321 13 357 27786 27491 49992 279 11129 29262 13 561 12433 7246 279 9506 13759 13 357 2526 14882 11693 264 11012 72103 13 6056 36600 25624 264 11012 72103 13 6983 12050 16384 279 17631 5459 13 561 12433 49992 449 4147 70676 13 561 37714 7854 449 4147 70676 13 561 14367 23235 279 11129 29262 13 561 14367 49992 279 17631 5459 13 6056 36600 7854 279 17631 5459 13 357 2526 14882 23235 2250 14527 6679 13 357 28282 11354 449 4147 70676 13 357 2526 14882 11693 279 2981 9057 13 357 28282 7854 279 17631 5459 13 357 2526 14882 7854 264 11012 72103 13 357 27786 27491 11354 279 17631 5459 13 561 13159 49992 279 17631 5459 13 357 27786 27491 7246 279 17631 5459 13 357 2526 14882 25624 264 11012 72103 13 561 37714 7246 2250 14527 6679 13 357 28282 16384 449 4147 70676 13 561 13159 23235 279 2981 9057 13 561 2235 6522 23235 279 17631 5459 13 357 28282 25624 449 4147 70676 13 357 28282 23235 279 2981 9057 13 357 2526 14882 7246 449 4147 70676 13 561 14367 11693 279 2981 9057 13 357 28282 25624 279 9506 13759 13 357 2526 14882 49992 264 11012 72103 13 357 2526 14882 7246 279 2981 9057 13 6056 36600 23235 279 11129 29262 13 561 12433 11693 449 4147 70676 13 357 27786 27491 16384 279 9506 13759 13 561 12433 11693 279 2981 9057 13 561 2235 6522 16384 449 4147 70676 13 357 2526 14882 7854 264 11012 72103 13 561 12433 49992 279 17631 5459 13 561 12433 16384 264 11012 72103 13 357 28282 25624 449 4147 70676 13 561 2235 6522 23235 279 17631 5459 13 357 27786 27491 7854 449 4147 70676 13 6983 12050 7246 264 11012 72103 13 6056 36600 7246 279 11129 29262 13 561 12433 25624 449 4147 70676 13 6056 36600 7246 279 9506 13759 13 561 37714 11354 264 23772 6321 13 561 13159 11354 279 11129 29262 13 561 37714 25624 264 23772 6321 13 561 2235 6522 49992 2250 14527 6679 13 561 12433 49992 264 11012 72103 13 561 2235 6522 16384 279 11129 29262 13 561 37714 11693 279 11129 29262 13 561 14367 7854 264 23772 6321 13 357 2526 14882 25624 279 11129 29262 13 6056 36600 7854 449 4147 70676 13 357 28282 11354 264 23772 6321 13 357 28282 7246 279 17631 5459 13 6056 36600 16384 2250 14527 6679 13 561 14367 23235 279 17631 5459 13 357 27786 27491 23235 279 11129 29262 13 357 27786 27491 11693 264 11012 72103 13 357 28282 23235 279 11129 29262 13 357 28282 25624 449 4147 70676 13 6983 12050 23235 279 11129 29262 13 561 14367 11693 264 11012 72103 13 6983 12050 7854 279 9506 13759 13 561 12433 23235 264 23772 6321 13 561 37714 23235 2250 14527 6679 13 561 14367 25624 449 4147 70676 13 357 28282 11693 264 23772 6321 13 561 37714 49992 279 17631 5459 13 6983 12050 11693 279 17631 5459 13 357 2526 14882 7246 279 2981 9057 13 357 2526 14882 7246 264 23772 6321 13 6983 12050 49992 279 2981 9057 13 357 2526 14882 25624 264 23772 6321 13 6056 36600 11693 279 11129 29262 13 6056 36600 11354 279 17631 5459 13 561 14367 49992 264 23772 6321 13 357 28282 7246 264 23772 6321 13 561 13159 23235 264 11012 72103 13 561 37714 11693 449 4147 70676 13 561 37714 49992 279 11129 29262 13 561 37714 49992 279 2981 9057 13 6983 12050 7246 264 11012 72103 13 561 13159 7854 279 17631 5459 13 561 14367 7854 279 2981 9057 13 561 14367 7246 279 11129 29262 13 561 37714 7854 264 11012 72103 13 6056 36600 7854 279 9506 13759 13 357 2526 14882 7854 279 11129 29262 13 561 14367 11693 279 2981 9057 13 561 37714 23235 2250 14527 6679 13 357 2526 14882 11354 264 23772 6321 13 357 2526 14882 7246 279 11129 29262 13 561 13159 11693 264 23772 6321 13 561 37714 25624 279 11129 29262 13 6056 36600 7854 264 23772 6321 13 561 12433 11693 449 4147 70676 13 357 27786 27491 23235 279 9506 13759 13 561 13159 25624 279 11129 29262 13 357 28282 49992 279 2981 9057 13 357 2526 14882 7246 279 2981 9057 13 357 2526 14882 11693 2250 14527 6679 13 6983 12050 7246 449 4147 70676 13 561 2235 6522 16384 264 11012 72103 13 357 28282 49992 279 9506 13759 13 357 27786 27491 49992 264 11012 72103 13 357 2526 14882 49992 264 23772 6321 13 357 28282 25624 264 11012 72103 13 561 13159 25624 264 23772 6321 13 561 12433 23235 279 11129 29262 13 561 14367 11693 279 2981 9057 13 357 28282 11693 264 23772 6321 13 6056 36600 7246 279 9506 13759 13 561 14367 7246 2250 14527 6679 13 357 2526 14882 16384 279 11129 29262 13 357 27786 27491 23235 279 9506 13759 13 561 2235 6522 7854 279 2981 9057 13 561 37714 49992 279 11129 29262 13 6983 12050 25624 279 11129 29262 13 561 13159 16384 279 11129 29262 13 561 14367 25624 2250 14527 6679 13 561 2235 6522 23235 279 17631 5459 13 357 28282 7246 449 4147 70676 13 561 37714 11693 279 9506 13759 13 561 2235 6522 16384 2250 14527 6679 13 561 14367 11693 2250 14527 6679 13 561 2235 6522 11354 264 11012 72103 13 561 37714 49992 264 23772 6321 13 357 28282 49992 264 23772 6321 13 561 13159 11354 279 9506 13759 13 561 37714 11354 279 9506 13759 13 357 27786 27491 23235 279 17631 5459 13 561 12433 7246 279 9506 13759 13 357 27786 27491 11354 2250 14527 6679 13 561 37714 11354 279 2981 9057 13 561 2235 6522 11354 279 9506 13759 13 561 14367 7246 2250 14527 6679 13 357 27786 27491 25624 279 9506 13759 13 561 37714 7246 279 17631 5459 13 561 13159 49992 279 17631 5459 13 6983 12050 49992 264 11012 72103 13 6983 12050 25624 279 9506 13759 13 357 28282 49992 2250 14527 6679 13 561 14367 49992 279 2981 9057 13 561 13159 49992 264 11012 72103 13 561 13159 16384 449 4147 70676 13 561 14367 7854 264 23772 6321 13 561 37714 11693 279 11129 29262 13 6056 36600 11354 264 11012 72103 13 561 2235 6522 23235 279 17631 5459 13 6056 36600 49992 279 9506 13759 13 561 12433 7854 2250 14527 6679 13 561 14367 11354 2250 14527 6679 13 6056 36600 25624 279 2981 9057 13 357 28282 11354 2250 14527 6679 13 357 28282 7246 264 23772 6321 13 561 13159 11354 264 23772 6321 13 561 37714 25624 279 9506 13759 13 6056 36600 7246 279 9506 13759 13 561 2235 6522 25624 449 4147 70676 13 357 28282 49992 264 23772 6321 13 357 2526 14882 25624 264 11012 72103 13 561 37714 7246 264 23772 6321 13 6056 36600 11693 449 4147 70676 13 561 2235 6522 49992 279 2981 9057 13 6983 12050 23235 2250 14527 6679 13 6056 36600 7854 279 11129 29262 13 6056 36600 7854 279 17631 5459 13 561 13159 7854 2250 14527 6679 13 6056 36600 7854 449 4147 70676 13 357 2526 14882 49992 279 17631 5459 13 6983 12050 23235 279 11129 29262 13 561 37714 16384 279 2981 9057 13 6983 12050 25624 264 11012 72103 13 6983 12050 23235 279 2981 9057 13 357 28282 7246 279 17631 5459 13 561 12433 23235 279 2981 9057 13 561 12433 11693 449 4147 70676 13 561 37714 11693 264 11012 72103 13 357 28282 11354 264 11012 72103 13 561 37714 49992 279 11129 29262 13 561 37714 7246 279 2981 9057 13 561 13159 7246 264 11012 72103 13 561 2235 6522 25624 279 9506 13759 13 561 14367 16384 449 4147 70676 13 561 37714 11354 279 11129 29262 13 357 28282 7854 279 11129 29262 13 6056 36600 25624 279 2981 9057 13 561 2235 6522 49992 279 2981 9057 13 561 14367 23235 264 23772 6321 13 561 37714 11354 279 2981 9057 13 6983 12050 25624 279 17631 5459 13 561 14367 7246 2250 14527 6679 13 561 12433 11354 264 11012 72103 13 6983 12050 23235 264 23772 6321 13 357 28282 49992 279 2981 9057 13 357 2526 14882 49992 264 11012 72103 13 6056 36600 25624 279 2981 9057 13 6056 36600 25624 2250 14527 6679 13 357 27786 27491 7246 279 2981 9057 13 6983 12050 23235 264 11012 72103 13 6983 12050 11693 264 23772 6321 13 357 27786 27491 11354 264 23772 6321 13 357 28282 23235 264 23772 6321 13 357 28282 23235 279 11129 29262 13 561 37714 23235 2250 14527 6679 13 561 13159 16384 279 2981 9057 13 6983 12050 16384 279 17631 5459 13 561 2235 6522 16384 264 11012 72103 13 357 2526 14882 11354 449 4147 70676 13 561 37714 49992 264 11012 72103 13 561 37714 7246 279 11129 29262 13 357 27786 27491 16384 449 4147 70676 13 6983 12050 7246 2250 14527 6679 13 6056 36600 23235 279 17631 5459 13 561 12433 16384 279 17631 5459 13 357 28282 49992 449 4147 70676 13 561 12433 49992 264 11012 72103 13 561 2235 6522 49992 279 2981 9057 13 561 12433 16384 264 11012 72103 13 561 13159 11354 264 11012 72103 13 561 12433 11693 279 17631 5459 13 561 37714 11693 449 4147 70676 13 561 13159 23235 279 2981 9057 13 561 37714 7854 449 4147 70676 13 561 37714 11693 279 11129 29262 13 6056 36600 7246 264 23772 6321 13 561 12433 25624 279 2981 9057 13 561 37714 11354 449 4147 70676 13 561 12433 7854 2250 14527 6679 13 357 2526 14882 49992 279 17631 5459 13 357 28282 16384 279 11129 29262 13 6056 36600 7246 279 17631 5459 13 561 12433 7854 279 2981 9057 13 561 12433 7854 264 23772 6321 13 561 37714 49992 264 23772 6321 13 561 14367 25624 264 11012 72103 13 561 14367 16384 279 9506 13759 13 357 28282 25624 2250 14527 6679 13 561 37714 11693 264 23772 6321 13 561 37714 25624 279 17631 5459 13 357 28282 11693 264 23772 6321 13 6983 12050 7246 264 23772 6321 13 6056 36600 7246 279 2981 9057 13 357 28282 11693 449 4147 70676 13 357 28282 11354 279 17631 5459 13 357 28282 49992 279 2981 9057 13 561 12433 7246 264 23772 6321 13 357 2526 14882 11354 279 9506 13759 13 561 37714 16384 279 11129 29262 13 561 12433 7854 264 23772 6321 13 357 28282 7246 264 11012 72103 13 561 12433 23235 264 23772 6321 13 357 28282 25624 449 4147 70676 13 561 12433 7854 264 23772 6321 13 6056 36600 7246 449 4147 70676 13 561 12433 16384 279 11129 29262 13 561 2235 6522 25624 279 17631 5459 13 6983 12050 7246 264 23772 6321 13 561 14367 23235 279 11129 29262 13 561 12433 49992 264 11012 72103 13 6983 12050 11693 279 17631 5459 13 357 27786 27491 16384 449 4147 70676 13 357 27786 27491 7246 264 11012 72103 13 561 37714 23235 264 11012 72103 13 561 2235 6522 25624 264 11012 72103 13 357 27786 27491 11354 449 4147 70676 13 6983 12050 16384 264 11012 72103 13 561 13159 25624 449 4147 70676 13 561 14367 25624 264 23772 6321 13 6983 12050 7246 279 17631 5459 13 357 27786 27491 25624 279 9506 13759 13 561 2235 6522 16384 449 4147 70676 13 6983 12050 7854 449 4147 70676 13 6983 12050 7854 279 2981 9057 13 561 14367 23235 2250 14527 6679 13 357 27786 27491 49992 279 11129 29262 13 561 12433 11693 2250 14527 6679 13 6056 36600 11354 279 9506 13759 13 561 37714 7246 2250 14527 6679 13 561 37714 11354 449 4147 70676 13 561 37714 49992 279 17631 5459 13 561 37714 11354 279 17631 5459 13 561 13159 25624 279 11129 29262 13 561 13159 23235 279 11129 29262 13 357 2526 14882 11693 449 4147 70676 13 561 12433 49992 2250 14527 6679 13 561 12433 23235 264 23772 6321 13 561 2235 6522 16384 279 9506 13759 13 561 37714 25624 264 23772 6321 13 561 2235 6522 49992 279 9506 13759 13 6056 36600 23235 264 23772 6321 13 6056 36600 7854 279 9506 13759 13 561 37714 23235 279 2981 9057 13 357 2526 14882 7246 279 17631 5459 13 561 14367 11693 264 23772 6321 13 357 2526 14882 7246 449 4147 70676 13 6056 36600 7246 279 9506 13759 13 6983 12050 11693 264 23772 6321 13 561 14367 23235 279 11129 29262 13 561 14367 11693 279 11129 29262 13 561 12433 11693 279 9506 13759 13 561 2235 6522 11354 279 17631 5459 13 561 37714 11693 279 17631 5459 13 357 28282 16384 279 9506 13759 13 561 2235 6522 25624 2250 14527 6679 13 561 2235 6522 7246 2250 14527 6679 13 6983 12050 25624 279 17631 5459 13 561 37714 25624 2250 14527 6679 13 6983 12050 7246 279 17631 5459 13 357 28282 16384 279 2981 9057 13 357 28282 7246 279 2981 9057 13 357 28282 7854 279 11129 29262 13 357 28282 11354 279 11129 29262 13 357 2526 14882 11354 279 17631 5459 13 357 28282 7246 2250 14527 6679 13 561 13159 16384 2250 14527 6679 13 357 28282 7246 279 2981 9057 13 561 14367 49992 279 11129 29262 13 561 2235 6522 11354 2250 14527 6679 13 561 12433 11354 449 4147 70676 13 357 2526 14882 49992 279 17631 5459 13 561 2235 6522 23235 279 2981 9057 13 561 13159 49992 449 4147 70676 13 561 14367 11693 449 4147 70676 13 561 13159 11693 264 23772 6321 13 561 13159 11354 2250 14527 6679 13 561 12433 11693 449 4147 70676 13 6983 12050 7246 264 11012 72103 13 561 37714 11693 264 11012 72103 13 561 13159 49992 279 2981 9057 13 357 27786 27491 49992 264 11012 72103 13 357 2526 14882 25624 279 17631 5459 13 357 27786 27491 7246 279 9506 13759 13 561 12433 7246 279 2981 9057 13 561 2235 6522 7246 2250 14527 6679 13 357 28282 16384 279 11129 29262 13 6056 36600 16384 279 9506 13759 13 357 28282 16384 279 17631 5459 13 561 14367 23235 264 11012 72103 13 561 12433 7854 264 11012 72103 13 357 28282 25624 264 23772 6321 13 561 37714 11693 279 2981 9057 13 561 2235 6522 11693 279 9506 13759 13 561 2235 6522 23235 279 2981 9057 13 561 13159 7854 279 17631 5459 13 357 28282 7854 279 17631 5459 13 561 14367 25624 279 2981 9057 13 561 2235 6522 25624 279 11129 29262 13 357 27786 27491 23235 2250 14527 6679 13 561 14367 25624 2250 14527 6679 13 6983 12050 7854 279 17631 5459 13 357 28282 49992 264 23772 6321 13 561 14367 7246 264 11012 72103 13 357 28282 11354 279 9506 13759 13 357 28282 11693 264 23772 6321 13 561 12433 11354 449 4147 70676 13 561 12433 7854 279 11129 29262 13 561 37714 7854 279 17631 5459 13 357 27786 27491 7854 264 11012 72103 13 561 13159 7246 264 11012 72103 13 561 13159 16384 279 9506 13759 13 561 14367 7854 279 17631 5459 13 6983 12050 11693 2250 14527 6679 13 561 14367 11693 279 2981 9057 13 561 12433 23235 264 11012 72103 13 561 14367 25624 264 11012 72103 13 357 2526 14882 25624 449 4147 70676 13 561 14367 11354 2250 14527 6679 13 357 2526 14882 23235 279 2981 9057 13 561 14367 25624 279 17631 5459 13 561 37714 7854 279 9506 13759 13 561 2235 6522 23235 2250 14527 6679 13 561 12433 7246 264 23772 6321 13 6056 36600 7854 449 4147 70676 13 357 27786 27491 25624 2250 14527 6679 13 357 28282 16384 279 2981 9057 13 6056 36600 23235 449 4147 70676 13 357 27786 27491 49992 449 4147 70676 13 6983 12050 11354 279 11129 29262 13 6983 12050 11354 279 9506 13759 13 357 2526 14882 16384 279 9506 13759 13 561 37714 7246 264 23772 6321 13 561 13159 7246 264 23772 6321 13 6983 12050 49992 264 23772 6321 13 561 13159 23235 279 17631 5459 13 561 37714 11693 279 2981 9057 13 357 27786 27491 49992 279 17631 5459 13 357 28282 7246 279 9506 13759 13 561 2235 6522 7854 264 23772 6321 13 561 14367 16384 2250 14527 6679 13 357 27786 27491 11693 2250 14527 6679 13 357 2526 14882 11354 264 11012 72103 13 6056 36600 7854 264 23772 6321 13 561 14367 23235 279 9506 13759 13 561 37714 49992 264 23772 6321 13 6983 12050 23235 279 2981 9057 13 6983 12050 23235 449 4147 70676 13 357 2526 14882 49992 264 11012 72103 13 561 13159 11693 279 17631 5459 13 6056 36600 25624 449 4147 70676 13 357 27786 27491 7854 449 4147 70676 13 357 28282 25624 264 23772 6321 13 561 37714 7246 279 17631 5459 13 561 13159 11693 279 11129 29262 13 6056 36600 23235 279 2981 9057 13 561 2235 6522 16384 264 23772 6321 13 357 2526 14882 23235 279 17631 5459 13 6983 12050 25624 279 11129 29262 13 357 2526 14882 25624 2250 14527 6679 13 357 27786 27491 11693 279 17631 5459 13 6056 36600 7854 2250 14527 6679 13 561 2235 6522 25624 449 4147 70676 13 6983 12050 7854 279 2981 9057 13 357 28282 16384 279 2981 9057 13 357 28282 49992 279 17631 5459 13 561 2235 6522 49992 2250 14527 6679 13 561 12433 11693 279 11129 29262 13 6056 36600 11693 279 17631 5459 13 357 2526 14882 11354 279 17631 5459 13 6056 36600 25624 279 2981 9057 13 357 27786 27491 7246 279 9506 13759 13 561 14367 11354 279 11129 29262 13 6983 12050 49992 264 23772 6321 13 357 2526 14882 25624 279 11129 29262 13 357 2526 14882 25624 279 17631 5459 13 561 37714 11693 279 17631 5459 13 357 27786 27491 23235 2250 14527 6679 13 561 2235 6522 25624 279 11129 29262 13 6056 36600 49992 264 11012 72103 13 561 14367 25624 279 11129 29262 13 6056 36600 16384 264 23772 6321 13 357 2526 14882 7854 279 11129 29262 13 6056 36600 7854 2250 14527 6679 13 357 2526 14882 23235 279 17631 5459 13 561 13159 16384 2250 14527 6679 13 6983 12050 11354 279 2981 9057 13 561 12433 7246 264 23772 6321 13 6056 36600 25624 264 23772 6321 13 561 2235 6522 49992 279 2981 9057 13 561 13159 16384 279 9506 13759 13 561 37714 7246 279 11129 29262 13 357 28282 11354 264 11012 72103 13 561 13159 49992 279 17631 5459 13 561 2235 6522 7246 279 17631 5459 13 6983 12050 16384 279 2981 9057 13 6983 12050 49992 279 17631 5459 13 6056 36600 11354 449 4147 70676 13 357 27786 27491 25624 279 9506 13759 13 561 37714 23235 2250 14527 6679 13 561 2235 6522 7854 264 11012 72103 13 561 2235 6522 25624 264 23772 6321 13 561 12433 7854 279 9506 13759 13 561 14367 11693 279 17631 5459 13 357 2526 14882 11354 264 23772 6321 13 357 27786 27491 23235 279 9506 13759 13 561 12433 11354 264 23772 6321 13 561 2235 6522 49992 279 9506 13759 13 561 12433 16384 279 9506 13759 13 561 13159 49992 279 2981 9057 13 357 2526 14882 11693 264 11012 72103 13 561 2235 6522 7854 279 17631 5459 13 561 12433 7854 264 11012 72103 13 561 12433 11693 449 4147 70676 13 357 2526 14882 11354 264 11012 72103 13 6983 12050 23235 279 2981 9057 13 561 2235 6522 11693 449 4147 70676 13 561 2235 6522 16384 264 23772 6321 13 357 2526 14882 7246 279 11129 29262 13 357 27786 27491 25624 279 9506 13759 13 6056 36600 16384 279 9506 13759 13 357 2526 14882 11354 2250 14527 6679 13 6056 36600 11354 449 4147 70676 13 561 2235 6522 49992 449 4147 70676 13 6056 36600 23235 264 11012 72103 13 6983 12050 49992 2250 14527 6679 13 357 2526 14882 11354 279 11129 29262 13 561 12433 7854 279 11129 29262 13 6056 36600 16384 264 11012 72103 13 357 27786 27491 11354 264 23772 6321 13 357 27786 27491 7246 279 9506 13759 13 561 2235 6522 23235 2250 14527 6679 13 561 13159 7246 449 4147 70676 13 561 12433 25624 279 17631 5459 13 561 14367 25624 279 9506 13759 13 561 12433 49992 279 2981 9057 13 561 2235 6522 7854 2250 14527 6679 13 357 2526 14882 49992 264 11012 72103 13 561 13159 7246 449 4147 70676 13 357 27786 27491 7246 279 17631 5459 13 561 12433 7246 279 2981 9057 13 561 2235 6522 11354 264 11012 72103 13 357 27786 27491 16384 279 17631 5459 13 357 28282 16384 264 23772 6321 13 357 2526 14882 11354 279 11129 29262 13 357 28282 16384 264 23772 6321 13 357 27786 27491 23235 2250 14527 6679 13 561 13159 23235 2250 14527 6679 13 6983 12050 7854 449 4147 70676 13 6056 36600 16384 279 2981 9057 13 6056 36600 11693 264 11012 72103 13 561 13159 16384 279 9506 13759 13 357 2526 14882 23235 279 2981 9057 13 561 37714 7854 279 2981 9057 13 561 14367 23235 279 11129 29262 13 357 2526 14882 11354 279 2981 9057 13 561 14367 16384 449 4147 70676 13 561 12433 11354 264 23772 6321 13 561 14367 23235 449 4147 70676 13 357 28282 7246 449 4147 70676 13 561 37714 7246 279 9506 13759 13 6056 36600 23235 449 4147 70676 13 357 27786 27491 49992 449 4147 70676 13 357 2526 14882 11693 279 9506 13759 13 561 13159 11354 264 11012 72103 13 561 13159 23235 279 9506 13759 13 357 27786 27491 11354 279 11129 29262 13 561 37714 25624 2250 14527 6679 13 357 2526 14882 7854 279 17631 5459 13 6056 36600 7854 264 11012 72103 13 6983 12050 7246 2250 14527 6679 13 357 27786 27491 49992 449 4147 70676 13 561 37714 23235 449 4147 70676 13 6056 36600 7854 449 4147 70676 13 6983 12050 7246 2250 14527 6679 13 561 14367 7854 264 23772 6321 13 561 12433 11693 264 23772 6321 13 6056 36600 25624 279 11129 29262 13 6983 12050 11354 279 11129 29262 13 561 14367 25624 2250 14527 6679 13 561 13159 49992 279 9506 13759 13 561 13159 49992 2250 14527 6679 13 357 2526 14882 7854 279 11129 29262 13 357 2526 14882 23235 279 2981 9057 13 561 13159 11693 279 17631 5459 13 561 2235 6522 25624 279 11129 29262 13 561 2235 6522 7854 449 4147 70676 13 6983 12050 16384 264 11012 72103 13 561 37714 49992 279 2981 9057 13 561 14367 23235 279 11129 29262 13 561 2235 6522 11354 279 17631 5459 13 357 2526 14882 16384 264 23772 6321 13 6983 12050 7854 2250 14527 6679 13 561 14367 25624 279 9506 13759 13 561 37714 7854 279 17631 5459 13 561 37714 7854 279 9506 13759 13 357 2526 14882 11693 279 9506 13759 13 357 27786 27491 7246 279 17631 5459 13 357 27786 27491 7246 279 9506 13759 13 357 27786 27491 7246 449 4147 70676 13 6983 12050 16384 2250 14527 6679 13 561 12433 25624 279 17631 5459 13 357 28282 16384 279 11129 29262 13 357 2526 14882 7246 449 4147 70676 13 561 12433 25624 264 23772 6321 13 357 28282 23235 264 23772 6321 13 561 37714 7246 279 11129 29262 13 561 14367 7854 449 4147 70676 13 357 28282 7246 279 17631 5459 13 357 2526 14882 23235 264 11012 72103 13 561 12433 7246 264 11012 72103 13 561 2235 6522 7854 279 9506 13759 13 561 14367 25624 264 23772 6321 13 561 14367 49992 264 23772 6321 13 561 37714 49992 279 9506 13759 13 561 12433 7854 264 23772 6321 13 357 2526 14882 23235 279 9506 13759 13 561 13159 11693 264 11012 72103 13 357 2526 14882 11693 449 4147 70676 13 6983 12050 16384 264 11012 72103 13 357 27786 27491 11693 264 11012 72103 13 357 27786 27491 49992 2250 14527 6679 13 6983 12050 11693 449 4147 70676 13 6983 12050 16384 264 23772 6321 13 561 12433 7854 449 4147 70676 13 6983 12050 49992 449 4147 70676 13 357 28282 7854 2250 14527 6679 13 561 12433 49992 279 17631 5459 13 6983 12050 7854 449 4147 70676 13 561 12433 49992 279 11129 29262 13 561 12433 11354 2250 14527 6679 13 6056 36600 23235 264 11012 72103 13 561 37714 25624 264 11012 72103 13 357 27786 27491 25624 449 4147 70676 13 6056 36600 7854 264 11012 72103 13 357 27786 27491 23235 2250 14527 6679 13 561 37714 25624 449 4147 70676 13 357 28282 16384 449 4147 70676 13 561 37714 11354 279 17631 5459 13 6983 12050 11693 449 4147 70676 13 561 2235 6522 25624 264 11012 72103 13 561 37714 25624 2250 14527 6679 13 357 27786 27491 11354 264 11012 72103 13 357 2526 14882 7246 279 9506 13759 13 6983 12050 11354 264 11012 72103 13 561 2235 6522 7246 264 23772 6321 13 6056 36600 23235 449 4147 70676 13 561 37714 11354 279 11129 29262 13 357 2526 14882 25624 279 17631 5459 13 561 14367 7246 279 9506 13759 13 561 2235 6522 49992 279 2981 9057 13 357 28282 23235 264 11012 72103 13 357 28282 7246 449 4147 70676 13 561 2235 6522 25624 264 23772 6321 13 561 13159 11354 449 4147 70676 13 561 2235 6522 7854 279 17631 5459 13 561 12433 25624 279 17631 5459 13 561 12433 11693 279 2981 9057 13 561 2235 6522 16384 2250 14527 6679 13 357 2526 14882 11693 264 11012 72103 13 561 13159 25624 264 23772 6321 13 561 12433 16384 279 2981 9057 13 561 13159 16384 279 17631 5459 13 561 12433 25624 279 2981 9057 13 357 27786 27491 11354 279 11129 29262 13 357 2526 14882 7854 264 11012 72103 13 357 2526 14882 16384 264 11012 72103 13 561 13159 25624 449 4147 70676 13 561 14367 7854 279 2981 9057 13 6983 12050 25624 279 9506 13759 13 357 28282 16384 264 11012 72103 13 357 2526 14882 7854 279 9506 13759 13 6983 12050 7854 279 17631 5459 13 561 2235 6522 7854 264 23772 6321 13 357 27786 27491 23235 279 17631 5459 13 561 14367 16384 279 17631 5459 13 561 2235 6522 16384 279 2981 9057 13 561 37714 25624 264 23772 6321 13 561 2235 6522 25624 279 11129 29262 13 357 27786 27491 16384 279 9506 13759 13 6056 36600 49992 279 17631 5459 13 561 12433 49992 279 11129 29262 13 6983 12050 11354 2250 14527 6679 13 561 14367 7854 264 11012 72103 13 561 2235 6522 23235 279 2981 9057 13 561 13159 11354 279 9506 13759 13 357 28282 49992 264 11012 72103 13 357 27786 27491 25624 279 17631 5459 13 357 28282 23235 2250 14527 6679 13 6056 36600 25624 279 2981 9057 13 561 2235 6522 16384 449 4147 70676 13 561 37714 7854 264 11012 72103 13 561 37714 23235 279 9506 13759 13 561 2235 6522 23235 264 11012 72103 13 561 2235 6522 49992 279 2981 9057 13 561 37714 49992 264 11012 72103 13 357 2526 14882 11354 2250 14527 6679 13 561 13159 25624 279 2981 9057 13 561 37714 11693 2250 14527 6679 13 561 37714 7854 279 2981 9057 13 357 27786 27491 49992 279 9506 13759 13 357 27786 27491 11693 264 23772 6321 13 561 13159 11354 449 4147 70676 13 561 37714 7854 279 17631 5459 13 357 28282 49992 279 11129 29262 13 561 13159 49992 449 4147 70676 13 561 14367 7854 264 11012 72103 13 561 13159 23235 2250 14527 6679 13 357 2526 14882 7246 264 11012 72103 13 561 12433 23235 264 23772 6321 13 561 37714 11693 264 23772 6321 13 357 27786 27491 11354 279 2981 9057 13 6056 36600 7246 279 9506 13759 13 561 14367 11354 279 11129 29262 13 561 13159 7246 279 11129 29262 13 357 28282 11354 264 23772 6321 13 357 28282 23235 279 9506 13759 13 357 2526 14882 23235 264 11012 72103 13 561 2235 6522 49992 279 11129 29262 13 561 2235 6522 7246 264 23772 6321 13 357 27786 27491 11354 264 23772 6321 13 357 27786 27491 49992 264 11012 72103 13 561 37714 25624 279 9506 13759 13 357 2526 14882 7854 449 4147 70676 13 561 13159 7246 279 2981 9057 13 357 27786 27491 11354 2250 14527 6679 13 561 2235 6522 16384 264 23772 6321 13 357 27786 27491 25624 264 23772 6321 13 561 12433 49992 264 23772 6321 13 357 27786 27491 16384 279 9506 13759 13 561 2235 6522 7246 2250 14527 6679 13 561 13159 7246 279 2981 9057 13 561 2235 6522 16384 279 17631 5459 13 561 14367 49992 279 9506 13759 13 561 37714 25624 449 4147 70676 13 357 2526 14882 11354 279 2981 9057 13 561 37714 23235 279 2981 9057 13 357 28282 7246 279 9506 13759 13 357 2526 14882 49992 264 11012 72103 13 357 27786 27491 11693 279 9506 13759 13 357 2526 14882 49992 279 9506 13759 13 561 12433 23235 279 11129 29262 13 357 28282 16384 264 11012 72103 13 357 27786 27491 11354 279 9506 13759 13 561 13159 7854 449 4147 70676 13 6056 36600 25624 264 11012 72103 13 561 14367 23235 279 11129 29262 13 6983 12050 7246 264 11012 72103 13 561 13159 25624 2250 14527 6679 13 561 14367 11693 279 9506 13759 13 6983 12050 11354 279 2981 9057 13 561 14367 16384 2250 14527 6679 13 561 12433 49992 279 9506 13759 13 561 2235 6522 7854 279 2981 9057 13 561 12433 23235 449 4147 70676 13 561 37714 11693 279 9506 13759 13 561 12433 7246 279 17631 5459 13 561 2235 6522 23235 279 17631 5459 13 6983 12050 7854 449 4147 70676 13 561 37714 11354 264 23772 6321 13 357 28282 7246 279 2981 9057 13 357 28282 16384 2250 14527 6679 13 357 28282 11693 279 9506 13759 13 6983 12050 23235 279 17631 5459 13 357 2526 14882 11693 264 11012 72103 13 357 27786 27491 23235 279 9506 13759 13 6056 36600 23235 2250 14527 6679 13 561 12433 7246 279 9506 13759 13 357 2526 14882 49992 449 4147 70676 13 357 28282 23235 449 4147 70676 13 357 28282 16384 449 4147 70676 13 561 2235 6522 7854 279 11129 29262 13 561 37714 7854 449 4147 70676 13 561 13159 7854 264 11012 72103 13 357 2526 14882 7246 279 11129 29262 13 6056 36600 49992 449 4147 70676 13 6056 36600 11354 2250 14527 6679 13 561 14367 7854 449 4147 70676 13 561 12433 11354 279 11129 29262 13 561 13159 49992 279 17631 5459 13 561 14367 7246 279 2981 9057 13 357 28282 16384 279 9506 13759 13 6056 36600 16384 449 4147 70676 13 561 2235 6522 49992 264 11012 72103 13 561 14367 7854 264 11012 72103 13 6983 12050 11354 279 11129 29262 13 561 14367 23235 449 4147 70676 13 357 2526 14882 25624 264 11012 72103 13 357 27786 27491 25624 279 11129 29262 13 561 37714 23235 264 11012 72103 13 6056 36600 7854 264 11012 72103 13 6056 36600 16384 264 11012 72103 13 6983 12050 23235 2250 14527 6679 13 561 12433 7854 279 9506 13759 13 357 28282 11354 279 2981 9057 13 357 28282 11693 279 9506 13759 13 357 2526 14882 16384 279 17631 5459 13 561 37714 23235 264 23772 6321 13 561 37714 7854 279 9506 13759 13 357 2526 14882 23235 2250 14527 6679 13 357 27786 27491 49992 264 23772 6321 13 561 2235 6522 49992 264 23772 6321 13 561 37714 23235 279 2981 9057 13 561 13159 49992 279 11129 29262 13 357 2526 14882 7246 279 9506 13759 13 357 2526 14882 11693 264 11012 72103 13 6983 12050 11693 279 9506 13759 13 357 27786 27491 7246 279 2981 9057 13 357 28282 11354 279 11129 29262 13 561 13159 11693 264 23772 6321 13 357 2526 14882 25624 279 17631 5459 13 561 13159 23235 279 17631 5459 13 561 13159 7854 279 11129 29262 13 561 14367 23235 2250 14527 6679 13 357 2526 14882 49992 279 9506 13759 13 561 2235 6522 11354 449 4147 70676 13 561 13159 16384 279 9506 13759 13 357 27786 27491 23235 279 11129 29262 13 357 27786 27491 7854 279 9506 13759 13 561 14367 25624 279 2981 9057 13 561 14367 49992 449 4147 70676 13 6056 36600 49992 279 11129 29262 13 561 14367 25624 279 17631 5459 13 6056 36600 11354 449 4147 70676 13 357 2526 14882 49992 279 17631 5459 13 357 27786 27491 11693 279 11129 29262 13 6983 12050 7854 264 11012 72103 13 561 12433 25624 279 9506 13759 13 561 12433 11693 2250 14527 6679 13 561 14367 16384 279 11129 29262 13 6056 36600 7246 279 17631 5459 13 357 27786 27491 11354 449 4147 70676 13 357 27786 27491 7854 264 11012 72103 13 357 28282 25624 264 23772 6321 13 357 2526 14882 49992 449 4147 70676 13 357 27786 27491 7246 264 11012 72103 13 6056 36600 11354 279 17631 5459 13 561 2235 6522 7854 279 9506 13759 13 6056 36600 7246 449 4147 70676 13 561 37714 7854 264 23772 6321 13 561 2235 6522 11354 279 2981 9057 13 561 2235 6522 11354 279 11129 29262 13 357 28282 11354 264 23772 6321 13 561 2235 6522 7854 279 2981 9057 13 357 28282 11693 279 9506 13759 13 6056 36600 25624 449 4147 70676 13 357 28282 7246 264 23772 6321 13 357 2526 14882 11693 279 2981 9057 13 561 12433 25624 449 4147 70676 13 6983 12050 11693 449 4147 70676 13 357 28282 11693 264 11012 72103 13 561 2235 6522 11693 279 17631 5459 13 357 28282 25624 279 2981 9057 13 561 12433 7854 279 17631 5459 13 561 13159 11693 279 11129 29262 13 357 27786 27491 11354 449 4147 70676 13 561 37714 25624 449 4147 70676 13 357 2526 14882 7854 279 17631 5459 13 561 2235 6522 16384 279 9506 13759 13 561 37714 7246 449 4147 70676 13 561 2235 6522 49992 279 9506 13759 13 561 12433 16384 279 9506 13759 13 6983 12050 11693 279 11129 29262 13 561 13159 11693 279 11129 29262 13 561 12433 7854 264 23772 6321 13 6056 36600 11693 264 23772 6321 13 357 2526 14882 16384 279 2981 9057 13 6056 36600 11354 449 4147 70676 13 561 37714 11693 279 11129 29262 13 561 37714 7854 2250 14527 6679 13 357 28282 7854 279 9506 13759 13 357 2526 14882 23235 279 2981 9057 13 561 37714 49992 264 11012 72103 13 357 27786 27491 7854 279 11129 29262 13 6983 12050 7246 279 9506 13759 13 561 37714 49992 279 2981 9057 13 561 12433 49992 264 11012 72103 13 561 12433 11354 264 23772 6321 13 561 2235 6522 23235 279 9506 13759 13 357 2526 14882 7854 279 9506 13759 13 6983 12050 7246 264 23772 6321 13 357 2526 14882 49992 264 23772 6321 13 561 14367 49992 449 4147 70676 13 561 37714 49992 2250 14527 6679 13 561 14367 25624 279 2981 9057 13 357 27786 27491 11354 449 4147 70676 13 561 37714 7854 264 23772 6321 13 6983 12050 7854 279 9506 13759 13 357 2526 14882 7854 264 23772 6321 13 6983 12050 49992 279 17631 5459 13 357 2526 14882 23235 449 4147 70676 13 357 27786 27491 11693 279 9506 13759 13 6056 36600 25624 2250 14527 6679 13 6983 12050 16384 279 11129 29262 13 561 12433 11354 279 17631 5459 13 6983 12050 11693 279 11129 29262 13 561 12433 7246 279 2981 9057 13 561 13159 25624 279 2981 9057 13 6983 12050 23235 279 9506 13759 13 357 28282 16384 264 23772 6321 13 357 27786 27491 7246 279 2981 9057 13 561 13159 11693 279 11129 29262 13 6983 12050 11693 279 2981 9057 13 561 14367 7246 449 4147 70676 13 6983 12050 11693 2250 14527 6679 13 357 27786 27491 7854 264 11012 72103 13 561 37714 11693 264 23772 6321 13 561 13159 25624 2250 14527 6679 13 561 37714 23235 449 4147 70676 13 6983 12050 11693 279 2981 9057 13 6056 36600 49992 279 2981 9057 13 561 12433 11693 279 17631 5459 13 271 14162 25 1092 369 279 6038 1970 364 279 33439 30 21134 440 279 1970 1132 13 248046 198 248045 74455 198 248068 271 248069 271
output  : 1679 193844 1058 12 19 16 22 17 248046 198 248044 248045 846 198 248046 198 248045 74455 198 248068 271 248069 271 1679
decode                   24 tokens in 761.6 ms  ->  31.51 tok/s
prefill                  26292 tokens in 28001.8 ms  ->  938.94 tok/s  (time to first token 28105.0 ms)
