strata generate: PCIe probe: 42.4 GB/s host->device -> pcie_frac 0.55 (default 0.55)
strata generate: this CPU has no AVX-512: the expert kernels run on AVX-2 (multi-token for the i-quant gate/up rows)
strata generate: native pack: <data>/packs/coder-iq1_m experts (largest blob 2.66 MB), token embedding type 23 in mapped host memory (322 MiB)
strata generate: 1406 MiB of weights loaded from <data>/packs/coder-iq1_m (302 canonical tensors skipped: served natively)
strata generate: 300 native projection matrices, 2018.88 MiB of weights
strata generate: PLE on, table 320001536 rows of <data>/models/Qwen3.8-Flash-Next-GSQ-RCO-IQ1_M-00002-of-00002.gguf
strata mtp: draft layer loaded, 839 MiB of VRAM (experts 675, dense 111), files read in 0.44 s (1799 MiB/s)
strata generate: expert arena: one mapping registered for device copies; transparent huge pages requested (madvise); no mlock
strata generate: loaded 23.42 GiB at 4.18 GiB/s
strata generate: profile <repo>/data/expert-profile-coder.bin: 12288 ranked pairs, built for 12288 slots
strata generate: experimental native Q5_K head, 521472000 bytes
strata generate: expert cache auto: 25.70 GiB free, 700 MiB reserved -> 10090 slots
strata generate: expert cache 12288 slots, 23.42 GiB of VRAM; policy is
strata generate: the GPU computes the experts in the cache; it rounds differently from the CPU,
                 so a reply can differ slightly from a run without the cache (same quality:
                 bench/results/2026-09-27-cache-parity).
                 PROFILE, ranked by routing frequency, no eviction.
strata generate: pre-filled 12288 of 12288 slots from the profile; slot 0 verified
strata generate: R4 hit path ON - resident experts are computed on the GPU
strata generate: 19 expert-pool workers + the host thread
strata generate: session is up (engine 0.1.0)
strata generate: sampling greedy
strata generate: token graph hit path: 12288 resident experts, decided on the device
strata generate: prompt chunk auto: 8192 tokens
strata generate: prompt path borrows 2276 cache slots (4.37 GiB)
strata mtp: draft head over 40525 tokens (81.2 MiB)
strata generate: 2276 lent slots refilled in 121.4 ms
strata generate: prefill 26292 tokens in 4 chunks, 21170.6 ms (1241.9 tok/s); experts streamed 8535 (8535 by DMA, host 834.8 ms), resident 29099; PLE 62.7 ms
strata verify: window up to 6 tokens, 74.1 MiB of device buffers
strata verify: captured the 1-token window (sync ok)
strata verify: captured the 4-token window (sync ok)
strata verify: captured the 3-token window (sync ok)
speculation              10 rounds of 6, drafts accepted 14 of 26 (0.538), 2.40 tokens per round
suffix drafts            2 windows, drafts accepted 5 of 5
accepted per round       0:3 1:2 2:3 3:2 4:0 5:0
verify window            wait for rings 59.533  pool 0.589  host 1.768  commit 1.294 ms/round; CPU experts 0.00 distinct / 0.00 routed per layer
host memory              63 major page faults while decoding; 0 MiB of this process in swap
pool multi               gate/up 0.000  quantize 0.000  down 0.000 ms/round; 0.0 GB/s over the rows phases; CPU pool call 0.586 ms/round
dispatch                 plan 0.060  activation quantize 0.309  jobs 0.212  run 0.001 ms/round
pcie experts             0.00 distinct experts per layer read over PCIe (share 141/256 of the misses)
mtp                      7.198 ms/round drafting (9 rounds), MTP prompt 2123.6 ms, 920 MiB of VRAM
prompt  : 248045 846 198 50525 25 279 6038 1970 364 279 33439 369 199891 1271 1058 12 19 16 22 17 13 357 2526 14882 7246 279 9506 13759 13 561 14367 25624 264 11012 72103 13 357 2526 14882 11354 2250 14527 6679 13 561 14367 25624 279 9506 13759 13 561 13159 25624 2250 14527 6679 13 357 28282 7854 279 17631 5459 13 357 27786 27491 25624 2250 14527 6679 13 357 27786 27491 11354 279 9506 13759 13 561 14367 11693 279 17631 5459 13 561 37714 7246 279 11129 29262 13 561 13159 7246 264 11012 72103 13 357 27786 27491 16384 279 2981 9057 13 357 28282 11693 264 23772 6321 13 357 28282 25624 279 17631 5459 13 357 27786 27491 11693 449 4147 70676 13 561 37714 7854 264 23772 6321 13 6056 36600 49992 264 23772 6321 13 561 12433 11693 279 2981 9057 13 6983 12050 25624 279 11129 29262 13 561 37714 49992 264 23772 6321 13 6056 36600 16384 264 11012 72103 13 357 28282 7854 279 2981 9057 13 357 2526 14882 7246 449 4147 70676 13 561 13159 11354 264 11012 72103 13 561 37714 23235 264 23772 6321 13 357 2526 14882 49992 449 4147 70676 13 357 28282 25624 279 11129 29262 13 6056 36600 25624 279 17631 5459 13 561 12433 49992 279 11129 29262 13 561 13159 23235 279 17631 5459 13 6056 36600 23235 279 2981 9057 13 357 27786 27491 25624 449 4147 70676 13 561 14367 11693 279 11129 29262 13 561 2235 6522 11693 279 9506 13759 13 561 13159 49992 264 11012 72103 13 561 2235 6522 49992 279 9506 13759 13 561 37714 16384 279 2981 9057 13 561 13159 16384 279 9506 13759 13 357 2526 14882 7854 2250 14527 6679 13 561 2235 6522 25624 279 2981 9057 13 561 2235 6522 11693 2250 14527 6679 13 561 14367 49992 279 2981 9057 13 561 12433 16384 279 17631 5459 13 561 2235 6522 7854 264 23772 6321 13 357 27786 27491 23235 279 2981 9057 13 561 37714 11354 449 4147 70676 13 561 37714 7854 279 9506 13759 13 561 13159 7854 264 11012 72103 13 6056 36600 7854 279 17631 5459 13 6983 12050 25624 2250 14527 6679 13 6056 36600 7246 264 11012 72103 13 357 2526 14882 11354 264 11012 72103 13 561 14367 7246 264 11012 72103 13 357 2526 14882 11354 264 11012 72103 13 6983 12050 7854 279 2981 9057 13 561 12433 23235 264 23772 6321 13 6056 36600 25624 264 11012 72103 13 6056 36600 49992 449 4147 70676 13 6056 36600 16384 264 11012 72103 13 561 2235 6522 25624 264 23772 6321 13 561 12433 49992 279 2981 9057 13 561 37714 11354 2250 14527 6679 13 561 37714 23235 279 2981 9057 13 561 37714 11354 279 11129 29262 13 357 28282 16384 264 23772 6321 13 561 2235 6522 23235 2250 14527 6679 13 561 37714 23235 2250 14527 6679 13 357 27786 27491 11693 2250 14527 6679 13 561 13159 11693 2250 14527 6679 13 561 37714 49992 264 23772 6321 13 561 14367 11354 279 11129 29262 13 6056 36600 16384 2250 14527 6679 13 357 27786 27491 23235 449 4147 70676 13 357 2526 14882 23235 264 11012 72103 13 6983 12050 25624 2250 14527 6679 13 6056 36600 11693 264 23772 6321 13 6983 12050 49992 279 17631 5459 13 6056 36600 23235 264 11012 72103 13 357 28282 7854 2250 14527 6679 13 6056 36600 7246 279 9506 13759 13 357 2526 14882 25624 279 9506 13759 13 6056 36600 7854 264 11012 72103 13 561 2235 6522 7246 279 2981 9057 13 561 14367 7246 449 4147 70676 13 561 2235 6522 49992 264 23772 6321 13 561 2235 6522 7246 279 17631 5459 13 561 14367 25624 279 2981 9057 13 561 13159 11693 2250 14527 6679 13 561 14367 16384 2250 14527 6679 13 561 12433 11693 264 23772 6321 13 561 12433 7854 279 2981 9057 13 561 14367 23235 449 4147 70676 13 357 27786 27491 7854 279 2981 9057 13 561 37714 7246 279 17631 5459 13 6056 36600 7246 279 17631 5459 13 561 2235 6522 7246 279 2981 9057 13 6056 36600 25624 279 17631 5459 13 357 2526 14882 49992 264 11012 72103 13 561 37714 11354 2250 14527 6679 13 6983 12050 16384 279 17631 5459 13 357 28282 49992 279 17631 5459 13 357 28282 49992 264 23772 6321 13 357 27786 27491 11693 279 11129 29262 13 6056 36600 49992 2250 14527 6679 13 561 37714 16384 2250 14527 6679 13 6056 36600 7246 279 9506 13759 13 357 28282 7854 449 4147 70676 13 357 2526 14882 25624 2250 14527 6679 13 561 13159 25624 2250 14527 6679 13 561 12433 25624 279 2981 9057 13 357 2526 14882 7246 279 11129 29262 13 561 2235 6522 49992 2250 14527 6679 13 357 28282 7854 449 4147 70676 13 561 2235 6522 11693 279 2981 9057 13 561 13159 7854 264 23772 6321 13 561 13159 11693 264 23772 6321 13 357 2526 14882 25624 264 23772 6321 13 561 14367 23235 449 4147 70676 13 6056 36600 11354 279 9506 13759 13 357 2526 14882 16384 264 11012 72103 13 357 28282 11693 264 11012 72103 13 357 28282 16384 279 11129 29262 13 561 14367 7246 279 11129 29262 13 561 2235 6522 7854 279 11129 29262 13 561 13159 7246 449 4147 70676 13 357 2526 14882 25624 279 11129 29262 13 561 14367 7246 279 9506 13759 13 357 28282 16384 279 17631 5459 13 357 28282 16384 264 11012 72103 13 357 27786 27491 11693 264 11012 72103 13 561 12433 25624 449 4147 70676 13 561 14367 23235 279 9506 13759 13 561 12433 7246 279 17631 5459 13 561 37714 11693 264 11012 72103 13 561 2235 6522 16384 279 17631 5459 13 561 2235 6522 11693 279 11129 29262 13 561 12433 11693 279 11129 29262 13 6056 36600 7246 279 11129 29262 13 357 2526 14882 11354 279 11129 29262 13 561 14367 11354 279 17631 5459 13 561 37714 11693 449 4147 70676 13 6983 12050 49992 264 11012 72103 13 561 13159 49992 279 9506 13759 13 561 37714 16384 2250 14527 6679 13 6983 12050 23235 2250 14527 6679 13 561 2235 6522 7854 264 23772 6321 13 561 14367 7246 279 17631 5459 13 357 28282 16384 279 9506 13759 13 561 2235 6522 11354 264 11012 72103 13 561 13159 16384 2250 14527 6679 13 561 12433 11354 449 4147 70676 13 561 2235 6522 7246 279 11129 29262 13 6056 36600 11354 279 11129 29262 13 357 2526 14882 23235 264 23772 6321 13 6983 12050 11354 279 11129 29262 13 6983 12050 23235 279 2981 9057 13 561 14367 23235 279 9506 13759 13 357 28282 49992 279 11129 29262 13 561 37714 11693 2250 14527 6679 13 561 37714 11354 264 11012 72103 13 561 12433 25624 279 2981 9057 13 561 13159 11354 279 9506 13759 13 561 14367 16384 279 11129 29262 13 6983 12050 25624 279 2981 9057 13 357 27786 27491 7854 264 23772 6321 13 6056 36600 7246 279 11129 29262 13 357 27786 27491 7246 279 17631 5459 13 561 37714 7854 279 2981 9057 13 561 37714 11354 2250 14527 6679 13 357 28282 11354 279 17631 5459 13 561 2235 6522 23235 264 11012 72103 13 561 13159 49992 279 17631 5459 13 561 14367 11693 449 4147 70676 13 561 12433 11354 449 4147 70676 13 357 28282 25624 264 11012 72103 13 6056 36600 16384 264 11012 72103 13 561 12433 11693 2250 14527 6679 13 6983 12050 49992 449 4147 70676 13 561 13159 25624 449 4147 70676 13 561 12433 11354 2250 14527 6679 13 357 28282 7246 264 23772 6321 13 561 12433 16384 279 2981 9057 13 561 14367 49992 279 17631 5459 13 6056 36600 16384 264 11012 72103 13 6983 12050 49992 279 11129 29262 13 561 37714 16384 449 4147 70676 13 6056 36600 49992 264 11012 72103 13 561 37714 11693 279 11129 29262 13 357 28282 49992 279 17631 5459 13 561 12433 49992 264 11012 72103 13 561 37714 49992 279 11129 29262 13 561 13159 11693 2250 14527 6679 13 357 28282 25624 279 2981 9057 13 561 37714 16384 264 23772 6321 13 561 2235 6522 16384 264 11012 72103 13 357 2526 14882 11693 449 4147 70676 13 6056 36600 7854 279 17631 5459 13 561 2235 6522 11354 449 4147 70676 13 6056 36600 7854 279 11129 29262 13 561 2235 6522 7854 264 23772 6321 13 561 13159 23235 264 11012 72103 13 357 2526 14882 11354 264 23772 6321 13 357 2526 14882 7854 264 11012 72103 13 6983 12050 11354 279 11129 29262 13 561 12433 23235 264 11012 72103 13 561 13159 7854 264 11012 72103 13 357 2526 14882 7854 279 11129 29262 13 561 14367 16384 264 11012 72103 13 561 14367 16384 279 2981 9057 13 6983 12050 16384 279 9506 13759 13 561 37714 23235 2250 14527 6679 13 357 2526 14882 7854 279 17631 5459 13 561 13159 11693 264 11012 72103 13 561 14367 7854 449 4147 70676 13 357 27786 27491 7246 279 11129 29262 13 6056 36600 11354 279 2981 9057 13 561 2235 6522 49992 279 9506 13759 13 357 2526 14882 16384 279 11129 29262 13 561 12433 16384 279 9506 13759 13 6983 12050 16384 449 4147 70676 13 561 37714 7854 264 11012 72103 13 561 2235 6522 7246 264 11012 72103 13 6983 12050 49992 2250 14527 6679 13 6056 36600 23235 449 4147 70676 13 561 13159 7246 2250 14527 6679 13 6983 12050 25624 279 2981 9057 13 357 2526 14882 25624 264 23772 6321 13 6983 12050 23235 279 11129 29262 13 357 27786 27491 11693 279 17631 5459 13 561 13159 7854 279 9506 13759 13 561 37714 11693 279 9506 13759 13 561 12433 23235 279 17631 5459 13 6056 36600 16384 264 23772 6321 13 561 2235 6522 11693 264 11012 72103 13 561 12433 11693 279 9506 13759 13 561 13159 49992 279 9506 13759 13 561 12433 11354 279 2981 9057 13 561 14367 7854 449 4147 70676 13 357 27786 27491 49992 279 17631 5459 13 357 28282 7854 449 4147 70676 13 6056 36600 11693 264 11012 72103 13 6983 12050 7246 279 2981 9057 13 561 37714 25624 449 4147 70676 13 357 28282 11354 279 17631 5459 13 561 2235 6522 11693 279 17631 5459 13 561 12433 7246 279 11129 29262 13 561 37714 7854 264 11012 72103 13 357 28282 25624 279 11129 29262 13 561 37714 11693 279 9506 13759 13 561 12433 11693 279 17631 5459 13 561 14367 16384 449 4147 70676 13 561 12433 23235 2250 14527 6679 13 6056 36600 11693 2250 14527 6679 13 561 14367 7854 279 11129 29262 13 561 14367 11354 2250 14527 6679 13 6056 36600 7854 264 11012 72103 13 561 12433 11693 279 9506 13759 13 357 2526 14882 11693 449 4147 70676 13 561 14367 23235 279 9506 13759 13 357 2526 14882 7854 2250 14527 6679 13 561 14367 16384 264 11012 72103 13 6983 12050 49992 2250 14527 6679 13 561 12433 11693 2250 14527 6679 13 6056 36600 11693 279 11129 29262 13 561 12433 25624 449 4147 70676 13 357 27786 27491 7246 2250 14527 6679 13 6056 36600 7854 279 17631 5459 13 357 27786 27491 7246 279 9506 13759 13 561 14367 11693 279 17631 5459 13 357 27786 27491 7246 279 9506 13759 13 561 14367 11354 279 2981 9057 13 561 13159 49992 264 23772 6321 13 357 28282 25624 279 2981 9057 13 357 2526 14882 11693 279 2981 9057 13 561 37714 49992 279 17631 5459 13 561 12433 7854 264 23772 6321 13 357 2526 14882 49992 279 2981 9057 13 357 28282 11354 264 11012 72103 13 561 12433 25624 264 23772 6321 13 561 13159 25624 2250 14527 6679 13 561 13159 23235 279 11129 29262 13 561 13159 25624 279 17631 5459 13 6056 36600 11693 264 23772 6321 13 561 37714 49992 2250 14527 6679 13 357 2526 14882 23235 449 4147 70676 13 561 14367 7854 2250 14527 6679 13 561 13159 11354 279 9506 13759 13 561 14367 49992 264 11012 72103 13 561 14367 16384 2250 14527 6679 13 357 28282 23235 264 23772 6321 13 561 12433 23235 279 17631 5459 13 561 12433 23235 279 11129 29262 13 561 12433 11354 264 11012 72103 13 561 14367 11693 264 11012 72103 13 6056 36600 49992 279 9506 13759 13 561 12433 7854 449 4147 70676 13 561 2235 6522 49992 279 2981 9057 13 561 14367 16384 279 2981 9057 13 357 27786 27491 11693 264 23772 6321 13 357 2526 14882 49992 264 23772 6321 13 357 27786 27491 25624 2250 14527 6679 13 561 13159 7246 2250 14527 6679 13 561 13159 25624 279 17631 5459 13 6056 36600 23235 279 2981 9057 13 561 13159 25624 264 11012 72103 13 561 12433 25624 2250 14527 6679 13 357 28282 7854 449 4147 70676 13 6056 36600 7246 2250 14527 6679 13 561 2235 6522 7854 449 4147 70676 13 357 27786 27491 11693 264 11012 72103 13 561 12433 16384 279 11129 29262 13 357 27786 27491 16384 264 23772 6321 13 561 12433 16384 2250 14527 6679 13 6056 36600 11693 279 2981 9057 13 6983 12050 11693 279 2981 9057 13 561 12433 11693 264 23772 6321 13 357 28282 7854 279 11129 29262 13 6983 12050 11693 264 11012 72103 13 6056 36600 11354 264 11012 72103 13 561 14367 49992 2250 14527 6679 13 6056 36600 23235 279 17631 5459 13 561 12433 11693 264 11012 72103 13 561 14367 11693 2250 14527 6679 13 357 28282 23235 279 2981 9057 13 6056 36600 16384 279 17631 5459 13 357 28282 23235 2250 14527 6679 13 561 14367 23235 264 23772 6321 13 561 2235 6522 11354 2250 14527 6679 13 561 12433 11354 2250 14527 6679 13 561 14367 23235 279 9506 13759 13 357 2526 14882 7246 279 11129 29262 13 357 28282 11693 279 17631 5459 13 6056 36600 49992 264 11012 72103 13 561 13159 25624 279 9506 13759 13 561 37714 7246 264 11012 72103 13 561 2235 6522 7854 279 11129 29262 13 561 13159 16384 279 11129 29262 13 561 13159 11354 279 11129 29262 13 357 27786 27491 23235 279 9506 13759 13 561 13159 11354 264 23772 6321 13 6983 12050 7854 279 9506 13759 13 6983 12050 11354 279 9506 13759 13 561 2235 6522 7854 264 11012 72103 13 357 28282 7854 264 23772 6321 13 6056 36600 7246 279 2981 9057 13 561 14367 11354 279 2981 9057 13 561 13159 25624 264 23772 6321 13 561 37714 7246 279 2981 9057 13 357 2526 14882 16384 279 2981 9057 13 561 37714 7246 264 11012 72103 13 357 28282 7854 449 4147 70676 13 6983 12050 16384 279 2981 9057 13 561 14367 49992 264 23772 6321 13 561 14367 7854 264 11012 72103 13 357 27786 27491 7246 2250 14527 6679 13 357 27786 27491 7854 2250 14527 6679 13 6056 36600 7246 2250 14527 6679 13 561 14367 7854 279 2981 9057 13 561 13159 23235 264 11012 72103 13 561 2235 6522 11693 2250 14527 6679 13 561 14367 11354 264 23772 6321 13 357 28282 7854 449 4147 70676 13 561 37714 16384 279 9506 13759 13 561 12433 11693 279 9506 13759 13 561 13159 23235 449 4147 70676 13 561 37714 49992 279 2981 9057 13 561 14367 11354 449 4147 70676 13 6056 36600 11693 449 4147 70676 13 357 27786 27491 49992 279 2981 9057 13 6056 36600 7854 264 11012 72103 13 357 28282 7246 264 23772 6321 13 561 13159 23235 264 11012 72103 13 6056 36600 11354 279 17631 5459 13 561 2235 6522 25624 264 23772 6321 13 561 37714 25624 279 17631 5459 13 561 37714 7854 279 2981 9057 13 561 14367 25624 264 11012 72103 13 6983 12050 7246 449 4147 70676 13 561 12433 7246 2250 14527 6679 13 357 28282 23235 279 11129 29262 13 561 2235 6522 23235 279 11129 29262 13 6056 36600 7246 279 11129 29262 13 561 37714 49992 2250 14527 6679 13 357 27786 27491 16384 2250 14527 6679 13 357 2526 14882 23235 279 17631 5459 13 6983 12050 7246 279 9506 13759 13 561 2235 6522 16384 264 23772 6321 13 561 13159 7246 279 11129 29262 13 357 28282 11354 264 23772 6321 13 6056 36600 25624 279 11129 29262 13 561 37714 7854 264 23772 6321 13 561 12433 7854 264 23772 6321 13 357 27786 27491 7246 264 23772 6321 13 357 2526 14882 25624 449 4147 70676 13 6983 12050 7246 279 17631 5459 13 561 12433 16384 279 11129 29262 13 357 27786 27491 23235 279 17631 5459 13 561 14367 11693 279 2981 9057 13 561 12433 7854 279 9506 13759 13 561 37714 23235 279 17631 5459 13 561 2235 6522 49992 2250 14527 6679 13 357 27786 27491 11354 279 17631 5459 13 561 14367 11354 264 23772 6321 13 561 12433 25624 264 23772 6321 13 561 37714 11693 279 9506 13759 13 357 27786 27491 16384 279 2981 9057 13 6983 12050 23235 449 4147 70676 13 561 2235 6522 7246 279 17631 5459 13 6983 12050 7246 449 4147 70676 13 357 28282 25624 279 2981 9057 13 561 12433 7854 279 11129 29262 13 561 14367 11354 264 23772 6321 13 357 27786 27491 49992 449 4147 70676 13 6983 12050 7246 279 17631 5459 13 561 14367 11354 279 17631 5459 13 561 13159 7246 2250 14527 6679 13 561 2235 6522 11354 264 11012 72103 13 561 14367 11693 279 2981 9057 13 561 13159 11693 279 9506 13759 13 357 27786 27491 7246 279 11129 29262 13 357 28282 16384 279 17631 5459 13 6056 36600 11354 279 9506 13759 13 561 13159 49992 264 11012 72103 13 6056 36600 7246 2250 14527 6679 13 357 28282 16384 2250 14527 6679 13 561 14367 25624 264 23772 6321 13 561 12433 11354 279 11129 29262 13 561 37714 7854 279 11129 29262 13 561 12433 11693 264 11012 72103 13 561 37714 11354 279 2981 9057 13 561 12433 11693 2250 14527 6679 13 561 2235 6522 23235 2250 14527 6679 13 561 13159 23235 2250 14527 6679 13 561 13159 49992 449 4147 70676 13 561 37714 11354 279 17631 5459 13 561 13159 11693 279 11129 29262 13 6983 12050 7854 264 11012 72103 13 357 27786 27491 7246 279 2981 9057 13 561 14367 11354 264 11012 72103 13 357 28282 7246 264 23772 6321 13 561 2235 6522 11354 279 17631 5459 13 561 14367 7246 279 17631 5459 13 357 28282 11354 264 11012 72103 13 357 27786 27491 23235 2250 14527 6679 13 561 37714 25624 279 9506 13759 13 357 28282 11693 2250 14527 6679 13 6983 12050 25624 279 17631 5459 13 561 14367 25624 279 11129 29262 13 6056 36600 25624 279 2981 9057 13 357 28282 11693 279 11129 29262 13 357 2526 14882 23235 279 9506 13759 13 561 12433 11354 264 23772 6321 13 561 12433 16384 279 17631 5459 13 357 2526 14882 23235 449 4147 70676 13 561 12433 11354 279 9506 13759 13 561 14367 7854 264 11012 72103 13 357 2526 14882 49992 279 17631 5459 13 561 37714 11693 264 11012 72103 13 357 27786 27491 16384 279 2981 9057 13 561 13159 11354 2250 14527 6679 13 561 12433 11354 279 17631 5459 13 357 2526 14882 49992 264 11012 72103 13 6056 36600 7246 449 4147 70676 13 357 27786 27491 23235 279 11129 29262 13 357 27786 27491 7246 279 11129 29262 13 6983 12050 11693 449 4147 70676 13 561 2235 6522 25624 264 11012 72103 13 6056 36600 25624 264 23772 6321 13 357 2526 14882 25624 279 9506 13759 13 561 13159 25624 279 9506 13759 13 561 14367 23235 2250 14527 6679 13 561 12433 16384 279 9506 13759 13 561 37714 7246 279 9506 13759 13 6983 12050 49992 279 2981 9057 13 561 37714 11354 264 23772 6321 13 357 27786 27491 23235 279 2981 9057 13 6056 36600 23235 279 2981 9057 13 6056 36600 49992 279 11129 29262 13 357 27786 27491 11693 279 2981 9057 13 357 2526 14882 49992 2250 14527 6679 13 561 37714 11693 279 11129 29262 13 561 12433 7246 279 2981 9057 13 6983 12050 23235 264 23772 6321 13 561 2235 6522 11693 264 23772 6321 13 6983 12050 16384 264 11012 72103 13 561 2235 6522 25624 2250 14527 6679 13 561 13159 7246 279 2981 9057 13 561 12433 16384 279 9506 13759 13 561 12433 11693 264 11012 72103 13 357 28282 16384 2250 14527 6679 13 561 13159 49992 279 17631 5459 13 561 14367 7854 279 9506 13759 13 6983 12050 16384 449 4147 70676 13 561 14367 7246 279 11129 29262 13 357 27786 27491 7854 279 17631 5459 13 6983 12050 7854 279 9506 13759 13 6983 12050 11693 279 2981 9057 13 357 28282 49992 279 9506 13759 13 357 2526 14882 16384 264 11012 72103 13 561 13159 11693 279 9506 13759 13 561 2235 6522 16384 279 9506 13759 13 6056 36600 49992 279 17631 5459 13 357 27786 27491 7854 279 2981 9057 13 357 2526 14882 11354 279 9506 13759 13 6056 36600 25624 279 17631 5459 13 561 12433 11693 279 2981 9057 13 6983 12050 23235 264 11012 72103 13 357 27786 27491 49992 2250 14527 6679 13 6056 36600 11354 264 23772 6321 13 561 37714 23235 279 9506 13759 13 6056 36600 11693 279 2981 9057 13 561 13159 25624 264 23772 6321 13 561 14367 16384 279 11129 29262 13 561 13159 7854 279 17631 5459 13 561 14367 25624 279 9506 13759 13 561 13159 23235 279 11129 29262 13 357 28282 11693 279 11129 29262 13 561 13159 11693 279 9506 13759 13 6056 36600 11693 279 2981 9057 13 561 2235 6522 25624 2250 14527 6679 13 6056 36600 11693 279 2981 9057 13 357 2526 14882 7854 449 4147 70676 13 561 12433 7246 449 4147 70676 13 357 2526 14882 11693 279 11129 29262 13 561 13159 16384 279 9506 13759 13 561 2235 6522 49992 279 17631 5459 13 561 12433 23235 2250 14527 6679 13 561 12433 23235 449 4147 70676 13 6056 36600 7854 264 11012 72103 13 357 2526 14882 7246 279 11129 29262 13 561 13159 11354 264 11012 72103 13 357 27786 27491 23235 279 2981 9057 13 561 37714 23235 279 17631 5459 13 561 14367 11693 264 11012 72103 13 561 12433 16384 264 11012 72103 13 357 27786 27491 7246 2250 14527 6679 13 561 2235 6522 49992 264 23772 6321 13 561 2235 6522 11693 279 9506 13759 13 561 37714 7246 264 11012 72103 13 561 37714 16384 2250 14527 6679 13 6056 36600 11693 264 11012 72103 13 6056 36600 25624 264 11012 72103 13 561 12433 7854 2250 14527 6679 13 561 2235 6522 49992 449 4147 70676 13 561 37714 11354 449 4147 70676 13 6056 36600 7246 449 4147 70676 13 6983 12050 49992 279 2981 9057 13 561 37714 11354 279 2981 9057 13 357 2526 14882 49992 449 4147 70676 13 561 12433 49992 264 23772 6321 13 561 13159 7854 264 11012 72103 13 561 2235 6522 23235 279 17631 5459 13 561 14367 11354 264 23772 6321 13 357 28282 49992 449 4147 70676 13 561 2235 6522 11354 2250 14527 6679 13 561 13159 7246 264 23772 6321 13 357 28282 23235 264 23772 6321 13 6056 36600 11693 279 11129 29262 13 561 13159 23235 279 9506 13759 13 561 12433 11354 279 11129 29262 13 561 12433 23235 449 4147 70676 13 561 13159 23235 279 11129 29262 13 561 37714 23235 2250 14527 6679 13 6056 36600 25624 264 23772 6321 13 6983 12050 23235 279 11129 29262 13 561 2235 6522 25624 279 17631 5459 13 561 13159 7854 279 17631 5459 13 561 13159 16384 264 11012 72103 13 561 14367 11354 2250 14527 6679 13 6056 36600 11354 279 9506 13759 13 357 27786 27491 7246 264 11012 72103 13 6983 12050 11354 449 4147 70676 13 561 2235 6522 25624 279 2981 9057 13 561 14367 7854 264 11012 72103 13 561 14367 23235 279 2981 9057 13 561 12433 16384 279 11129 29262 13 561 2235 6522 7854 279 17631 5459 13 357 2526 14882 11354 279 9506 13759 13 357 27786 27491 11354 449 4147 70676 13 357 27786 27491 11354 264 11012 72103 13 561 13159 7854 449 4147 70676 13 357 28282 11354 279 9506 13759 13 357 27786 27491 7246 449 4147 70676 13 561 13159 25624 264 11012 72103 13 6056 36600 11693 279 2981 9057 13 561 14367 7854 279 17631 5459 13 561 14367 25624 264 11012 72103 13 6983 12050 25624 279 2981 9057 13 6056 36600 11354 279 11129 29262 13 357 27786 27491 11693 449 4147 70676 13 561 2235 6522 11354 264 23772 6321 13 561 2235 6522 25624 279 11129 29262 13 561 37714 49992 449 4147 70676 13 561 12433 11354 279 17631 5459 13 561 14367 11354 279 17631 5459 13 357 27786 27491 25624 279 9506 13759 13 561 12433 16384 279 2981 9057 13 6056 36600 11354 264 23772 6321 13 357 2526 14882 49992 449 4147 70676 13 561 2235 6522 7246 264 11012 72103 13 357 2526 14882 7246 279 9506 13759 13 6056 36600 7854 449 4147 70676 13 561 12433 23235 279 11129 29262 13 561 12433 11354 264 23772 6321 13 357 27786 27491 11354 279 2981 9057 13 357 27786 27491 16384 279 9506 13759 13 6983 12050 7854 279 9506 13759 13 561 13159 11693 449 4147 70676 13 561 12433 11354 264 23772 6321 13 561 12433 16384 279 9506 13759 13 561 2235 6522 11354 279 11129 29262 13 561 2235 6522 7246 279 11129 29262 13 561 37714 49992 264 23772 6321 13 561 37714 25624 449 4147 70676 13 561 13159 11693 2250 14527 6679 13 561 12433 11354 279 9506 13759 13 6056 36600 11693 279 11129 29262 13 357 27786 27491 11354 279 9506 13759 13 6056 36600 25624 264 23772 6321 13 357 28282 11693 279 9506 13759 13 357 27786 27491 16384 264 23772 6321 13 6056 36600 11693 2250 14527 6679 13 6983 12050 11693 264 11012 72103 13 561 2235 6522 16384 264 23772 6321 13 357 27786 27491 23235 279 9506 13759 13 561 37714 7246 2250 14527 6679 13 561 14367 49992 264 23772 6321 13 357 28282 23235 449 4147 70676 13 357 28282 7246 264 23772 6321 13 357 27786 27491 11354 264 23772 6321 13 561 12433 11354 264 11012 72103 13 561 14367 11693 449 4147 70676 13 357 27786 27491 11693 279 11129 29262 13 561 12433 7854 264 11012 72103 13 6056 36600 7246 279 11129 29262 13 561 14367 23235 2250 14527 6679 13 561 2235 6522 7854 264 11012 72103 13 561 14367 11354 279 17631 5459 13 561 37714 23235 449 4147 70676 13 6056 36600 25624 279 9506 13759 13 357 28282 25624 279 11129 29262 13 357 2526 14882 11693 264 11012 72103 13 561 37714 7854 279 2981 9057 13 6056 36600 7246 264 23772 6321 13 6983 12050 11693 279 2981 9057 13 561 14367 16384 264 23772 6321 13 561 14367 11354 279 17631 5459 13 561 12433 49992 279 17631 5459 13 357 28282 7246 264 23772 6321 13 561 14367 11693 279 11129 29262 13 357 27786 27491 49992 264 11012 72103 13 6056 36600 23235 264 23772 6321 13 561 12433 7854 264 11012 72103 13 357 2526 14882 49992 279 9506 13759 13 561 2235 6522 49992 2250 14527 6679 13 561 2235 6522 11354 449 4147 70676 13 6983 12050 11354 279 2981 9057 13 6983 12050 25624 264 23772 6321 13 561 2235 6522 49992 264 11012 72103 13 561 13159 11354 264 11012 72103 13 6056 36600 23235 264 23772 6321 13 6983 12050 49992 264 11012 72103 13 357 2526 14882 7246 264 23772 6321 13 6983 12050 11354 279 2981 9057 13 6056 36600 7246 449 4147 70676 13 561 2235 6522 16384 279 9506 13759 13 561 13159 11693 279 2981 9057 13 561 14367 16384 279 11129 29262 13 357 2526 14882 7246 279 11129 29262 13 6056 36600 25624 264 23772 6321 13 6056 36600 49992 264 11012 72103 13 561 2235 6522 11354 2250 14527 6679 13 561 37714 49992 279 11129 29262 13 357 28282 16384 2250 14527 6679 13 357 2526 14882 7854 279 11129 29262 13 6983 12050 11693 264 11012 72103 13 561 13159 16384 279 9506 13759 13 561 2235 6522 11354 279 11129 29262 13 561 2235 6522 11354 449 4147 70676 13 561 37714 23235 279 2981 9057 13 6056 36600 11354 279 11129 29262 13 561 2235 6522 23235 279 9506 13759 13 561 14367 7854 2250 14527 6679 13 561 12433 7246 279 2981 9057 13 561 2235 6522 11693 279 2981 9057 13 6983 12050 25624 264 11012 72103 13 357 27786 27491 49992 279 11129 29262 13 561 2235 6522 11693 279 2981 9057 13 357 27786 27491 11693 279 11129 29262 13 6983 12050 11354 264 11012 72103 13 561 37714 7854 279 17631 5459 13 561 37714 23235 264 23772 6321 13 561 12433 49992 264 11012 72103 13 561 14367 7854 449 4147 70676 13 561 2235 6522 16384 2250 14527 6679 13 561 2235 6522 23235 279 17631 5459 13 561 2235 6522 23235 279 17631 5459 13 357 2526 14882 49992 264 11012 72103 13 357 28282 23235 2250 14527 6679 13 357 2526 14882 7854 279 17631 5459 13 561 12433 25624 449 4147 70676 13 6056 36600 11354 279 2981 9057 13 561 14367 11693 264 11012 72103 13 6983 12050 7246 279 2981 9057 13 357 28282 16384 279 11129 29262 13 561 37714 11354 279 17631 5459 13 357 28282 11693 279 11129 29262 13 561 14367 49992 2250 14527 6679 13 6056 36600 25624 264 23772 6321 13 357 28282 7246 279 17631 5459 13 561 12433 25624 449 4147 70676 13 6056 36600 16384 264 11012 72103 13 357 28282 25624 279 9506 13759 13 561 2235 6522 11693 2250 14527 6679 13 561 2235 6522 49992 279 9506 13759 13 561 2235 6522 11354 279 9506 13759 13 561 13159 11354 279 9506 13759 13 561 14367 23235 264 23772 6321 13 561 13159 11693 264 23772 6321 13 561 13159 23235 279 9506 13759 13 561 37714 11354 264 23772 6321 13 561 37714 7246 264 23772 6321 13 6983 12050 7854 279 17631 5459 13 357 2526 14882 25624 279 2981 9057 13 357 28282 23235 279 9506 13759 13 6983 12050 11354 2250 14527 6679 13 561 2235 6522 7854 279 9506 13759 13 6056 36600 11354 279 17631 5459 13 561 14367 16384 279 11129 29262 13 561 37714 11354 264 11012 72103 13 561 12433 25624 279 17631 5459 13 561 13159 11693 279 17631 5459 13 561 12433 25624 279 11129 29262 13 357 2526 14882 7246 264 11012 72103 13 561 14367 16384 264 11012 72103 13 6056 36600 7246 449 4147 70676 13 357 28282 7246 279 11129 29262 13 561 13159 16384 279 11129 29262 13 6983 12050 25624 279 11129 29262 13 6056 36600 11693 279 9506 13759 13 6983 12050 23235 449 4147 70676 13 561 37714 16384 449 4147 70676 13 6056 36600 16384 279 17631 5459 13 6983 12050 23235 2250 14527 6679 13 6983 12050 7854 279 9506 13759 13 561 14367 23235 279 2981 9057 13 6983 12050 23235 264 23772 6321 13 6056 36600 16384 279 11129 29262 13 6983 12050 16384 279 17631 5459 13 561 14367 7246 264 11012 72103 13 357 27786 27491 23235 449 4147 70676 13 561 14367 7854 449 4147 70676 13 357 2526 14882 25624 2250 14527 6679 13 561 2235 6522 7854 264 23772 6321 13 357 2526 14882 7246 2250 14527 6679 13 357 27786 27491 16384 264 11012 72103 13 6056 36600 16384 279 2981 9057 13 561 13159 25624 279 17631 5459 13 561 13159 25624 449 4147 70676 13 561 13159 7246 279 9506 13759 13 561 12433 25624 279 9506 13759 13 6056 36600 49992 279 11129 29262 13 357 2526 14882 16384 264 23772 6321 13 561 13159 7854 264 23772 6321 13 561 14367 49992 279 9506 13759 13 6056 36600 16384 279 2981 9057 13 561 37714 16384 279 2981 9057 13 561 13159 7854 2250 14527 6679 13 357 28282 23235 264 23772 6321 13 357 27786 27491 11693 264 23772 6321 13 6983 12050 7854 279 17631 5459 13 561 14367 11354 279 11129 29262 13 357 27786 27491 49992 279 11129 29262 13 561 37714 16384 279 9506 13759 13 561 37714 7854 279 9506 13759 13 6056 36600 23235 279 17631 5459 13 357 27786 27491 23235 449 4147 70676 13 561 14367 25624 2250 14527 6679 13 357 28282 7854 264 23772 6321 13 561 37714 7854 279 2981 9057 13 6983 12050 7854 449 4147 70676 13 561 13159 49992 264 23772 6321 13 561 37714 25624 279 2981 9057 13 357 2526 14882 23235 264 23772 6321 13 357 28282 16384 279 2981 9057 13 357 28282 16384 264 23772 6321 13 561 37714 7854 279 2981 9057 13 561 37714 16384 2250 14527 6679 13 561 37714 11693 279 9506 13759 13 561 2235 6522 11354 264 11012 72103 13 357 2526 14882 11354 279 9506 13759 13 561 14367 11354 279 11129 29262 13 561 37714 11354 279 11129 29262 13 561 13159 25624 279 17631 5459 13 561 14367 11693 279 2981 9057 13 6056 36600 16384 279 2981 9057 13 357 27786 27491 11693 279 9506 13759 13 357 27786 27491 25624 279 2981 9057 13 561 2235 6522 25624 279 17631 5459 13 357 28282 25624 279 2981 9057 13 561 37714 49992 449 4147 70676 13 357 27786 27491 7854 279 17631 5459 13 561 14367 23235 279 2981 9057 13 6983 12050 23235 279 11129 29262 13 561 2235 6522 11354 279 11129 29262 13 357 28282 25624 264 23772 6321 13 6983 12050 49992 279 9506 13759 13 561 14367 11354 2250 14527 6679 13 561 13159 11354 449 4147 70676 13 561 14367 11693 2250 14527 6679 13 6983 12050 11354 279 2981 9057 13 357 27786 27491 7246 264 23772 6321 13 561 14367 49992 279 11129 29262 13 561 13159 16384 449 4147 70676 13 357 28282 11693 279 9506 13759 13 357 27786 27491 11693 279 9506 13759 13 561 12433 7854 449 4147 70676 13 561 14367 11693 264 11012 72103 13 561 2235 6522 7246 264 23772 6321 13 561 13159 7246 279 17631 5459 13 561 12433 7854 264 23772 6321 13 357 28282 23235 279 9506 13759 13 357 2526 14882 7854 264 11012 72103 13 357 28282 7854 264 23772 6321 13 561 37714 11693 279 9506 13759 13 6983 12050 49992 279 11129 29262 13 357 2526 14882 11693 279 9506 13759 13 561 14367 16384 279 17631 5459 13 357 2526 14882 7246 2250 14527 6679 13 561 2235 6522 25624 2250 14527 6679 13 561 12433 7246 449 4147 70676 13 6056 36600 11693 279 2981 9057 13 357 2526 14882 23235 2250 14527 6679 13 561 13159 7854 2250 14527 6679 13 561 12433 49992 2250 14527 6679 13 6983 12050 49992 279 2981 9057 13 561 12433 49992 264 23772 6321 13 561 37714 11693 279 9506 13759 13 357 27786 27491 11693 279 2981 9057 13 357 28282 25624 279 11129 29262 13 561 13159 11354 279 2981 9057 13 561 12433 11354 279 9506 13759 13 357 28282 7246 2250 14527 6679 13 357 2526 14882 11693 264 11012 72103 13 357 28282 23235 279 11129 29262 13 6983 12050 25624 279 11129 29262 13 357 28282 11693 279 11129 29262 13 561 2235 6522 7854 279 11129 29262 13 357 2526 14882 7854 449 4147 70676 13 561 2235 6522 16384 279 2981 9057 13 561 14367 23235 264 23772 6321 13 561 13159 11354 449 4147 70676 13 6983 12050 7854 264 23772 6321 13 357 28282 7246 279 11129 29262 13 357 28282 16384 2250 14527 6679 13 561 14367 7854 279 17631 5459 13 357 27786 27491 7246 279 9506 13759 13 6983 12050 16384 279 2981 9057 13 561 13159 11354 279 11129 29262 13 561 2235 6522 11693 449 4147 70676 13 561 37714 16384 279 9506 13759 13 357 27786 27491 23235 279 17631 5459 13 357 28282 16384 279 17631 5459 13 357 27786 27491 11354 2250 14527 6679 13 357 28282 11354 264 23772 6321 13 6983 12050 23235 264 11012 72103 13 561 13159 7854 2250 14527 6679 13 561 12433 25624 264 23772 6321 13 561 13159 49992 264 23772 6321 13 561 37714 49992 279 17631 5459 13 6983 12050 7854 279 2981 9057 13 6056 36600 11693 279 17631 5459 13 561 37714 16384 279 2981 9057 13 561 37714 7246 2250 14527 6679 13 561 37714 16384 2250 14527 6679 13 561 14367 7246 264 23772 6321 13 357 2526 14882 7854 264 11012 72103 13 6983 12050 16384 279 2981 9057 13 561 2235 6522 49992 449 4147 70676 13 6983 12050 11693 279 17631 5459 13 561 37714 49992 279 2981 9057 13 357 2526 14882 16384 279 2981 9057 13 561 2235 6522 11693 264 23772 6321 13 357 28282 7854 279 2981 9057 13 561 2235 6522 49992 279 9506 13759 13 6983 12050 25624 279 11129 29262 13 561 14367 23235 449 4147 70676 13 6983 12050 11354 279 17631 5459 13 561 12433 16384 2250 14527 6679 13 357 28282 16384 449 4147 70676 13 357 28282 7246 264 23772 6321 13 6056 36600 49992 264 23772 6321 13 561 12433 7246 264 11012 72103 13 561 14367 11354 449 4147 70676 13 6056 36600 25624 264 23772 6321 13 357 27786 27491 16384 264 11012 72103 13 6056 36600 7854 449 4147 70676 13 6983 12050 23235 279 17631 5459 13 357 2526 14882 25624 279 11129 29262 13 357 27786 27491 16384 2250 14527 6679 13 357 28282 7246 279 17631 5459 13 561 14367 7854 279 2981 9057 13 561 12433 23235 279 2981 9057 13 561 37714 7246 264 11012 72103 13 561 12433 23235 279 9506 13759 13 561 2235 6522 23235 264 23772 6321 13 6983 12050 23235 279 2981 9057 13 561 37714 23235 279 11129 29262 13 6983 12050 11354 279 17631 5459 13 357 28282 7854 279 17631 5459 13 6983 12050 49992 279 9506 13759 13 6056 36600 7246 279 11129 29262 13 357 27786 27491 25624 279 2981 9057 13 6983 12050 7246 279 2981 9057 13 6056 36600 7854 264 11012 72103 13 561 14367 49992 449 4147 70676 13 6983 12050 11693 264 23772 6321 13 561 14367 11354 279 9506 13759 13 561 2235 6522 16384 264 11012 72103 13 561 14367 7854 264 23772 6321 13 357 28282 49992 279 17631 5459 13 561 2235 6522 7246 279 9506 13759 13 561 12433 11354 449 4147 70676 13 357 27786 27491 23235 2250 14527 6679 13 6056 36600 25624 264 23772 6321 13 561 37714 49992 279 9506 13759 13 561 37714 7246 279 9506 13759 13 357 27786 27491 25624 279 17631 5459 13 357 2526 14882 16384 279 9506 13759 13 357 2526 14882 49992 279 2981 9057 13 561 12433 23235 279 17631 5459 13 6983 12050 11693 449 4147 70676 13 357 28282 7246 264 23772 6321 13 561 37714 7854 264 23772 6321 13 561 37714 11693 449 4147 70676 13 561 13159 16384 264 11012 72103 13 6983 12050 7246 2250 14527 6679 13 561 37714 25624 2250 14527 6679 13 561 12433 25624 2250 14527 6679 13 561 37714 16384 449 4147 70676 13 6983 12050 49992 2250 14527 6679 13 561 37714 25624 264 11012 72103 13 561 13159 25624 449 4147 70676 13 561 2235 6522 25624 264 11012 72103 13 6056 36600 7854 279 2981 9057 13 6983 12050 49992 264 11012 72103 13 561 2235 6522 23235 279 17631 5459 13 561 13159 11693 279 17631 5459 13 357 2526 14882 11354 279 17631 5459 13 357 27786 27491 11693 449 4147 70676 13 561 12433 25624 279 2981 9057 13 561 13159 25624 2250 14527 6679 13 357 27786 27491 25624 264 23772 6321 13 561 2235 6522 23235 264 23772 6321 13 561 14367 16384 264 11012 72103 13 6983 12050 23235 264 23772 6321 13 6056 36600 11354 264 23772 6321 13 357 28282 23235 264 23772 6321 13 357 27786 27491 25624 279 17631 5459 13 6983 12050 16384 264 23772 6321 13 6983 12050 49992 279 17631 5459 13 357 27786 27491 49992 264 11012 72103 13 561 14367 49992 264 11012 72103 13 357 28282 16384 279 2981 9057 13 561 2235 6522 16384 279 9506 13759 13 561 2235 6522 16384 279 11129 29262 13 6056 36600 11354 279 17631 5459 13 357 2526 14882 7246 449 4147 70676 13 561 37714 49992 279 17631 5459 13 561 14367 25624 279 2981 9057 13 357 27786 27491 7854 449 4147 70676 13 561 2235 6522 49992 279 9506 13759 13 6983 12050 25624 264 23772 6321 13 357 2526 14882 11693 279 11129 29262 13 561 2235 6522 11354 2250 14527 6679 13 561 2235 6522 23235 449 4147 70676 13 357 2526 14882 49992 279 9506 13759 13 357 2526 14882 23235 279 17631 5459 13 357 2526 14882 49992 264 23772 6321 13 6983 12050 11354 2250 14527 6679 13 6056 36600 11354 279 2981 9057 13 561 2235 6522 16384 279 9506 13759 13 561 12433 25624 279 11129 29262 13 357 2526 14882 7246 279 17631 5459 13 561 37714 25624 2250 14527 6679 13 561 13159 25624 264 23772 6321 13 561 12433 11693 279 2981 9057 13 357 28282 16384 264 23772 6321 13 357 2526 14882 11693 264 23772 6321 13 561 37714 7854 264 23772 6321 13 561 14367 23235 264 23772 6321 13 6056 36600 23235 2250 14527 6679 13 6983 12050 23235 279 2981 9057 13 561 2235 6522 11693 279 17631 5459 13 6056 36600 7854 449 4147 70676 13 561 13159 16384 279 2981 9057 13 357 27786 27491 25624 279 2981 9057 13 561 12433 16384 279 11129 29262 13 357 27786 27491 23235 264 11012 72103 13 6983 12050 25624 279 2981 9057 13 561 12433 23235 449 4147 70676 13 357 2526 14882 7854 264 11012 72103 13 6056 36600 23235 279 2981 9057 13 561 12433 16384 279 17631 5459 13 561 2235 6522 16384 2250 14527 6679 13 561 14367 11693 279 17631 5459 13 561 13159 49992 2250 14527 6679 13 357 27786 27491 16384 264 11012 72103 13 6983 12050 11693 279 17631 5459 13 561 2235 6522 11354 264 11012 72103 13 357 28282 23235 279 2981 9057 13 561 14367 11693 279 11129 29262 13 561 37714 11354 264 23772 6321 13 561 14367 11693 264 23772 6321 13 357 2526 14882 11354 449 4147 70676 13 561 13159 23235 279 2981 9057 13 561 14367 7854 279 17631 5459 13 357 28282 23235 449 4147 70676 13 357 27786 27491 7854 279 11129 29262 13 6056 36600 11354 279 17631 5459 13 357 2526 14882 23235 279 17631 5459 13 561 13159 23235 279 2981 9057 13 357 28282 11354 279 2981 9057 13 6983 12050 7246 264 11012 72103 13 357 2526 14882 23235 279 9506 13759 13 357 2526 14882 7246 264 23772 6321 13 6983 12050 16384 449 4147 70676 13 561 14367 16384 449 4147 70676 13 561 37714 16384 264 23772 6321 13 561 37714 16384 279 2981 9057 13 561 12433 11354 449 4147 70676 13 357 28282 23235 279 2981 9057 13 6983 12050 7854 264 11012 72103 13 561 14367 7246 264 11012 72103 13 561 14367 11693 279 2981 9057 13 561 12433 23235 279 2981 9057 13 561 2235 6522 7246 279 17631 5459 13 357 2526 14882 11693 449 4147 70676 13 6056 36600 11693 264 23772 6321 13 561 13159 49992 2250 14527 6679 13 357 2526 14882 11354 264 11012 72103 13 561 14367 25624 279 9506 13759 13 357 2526 14882 11354 2250 14527 6679 13 357 27786 27491 7854 279 9506 13759 13 561 13159 11693 279 17631 5459 13 561 12433 11354 279 11129 29262 13 561 13159 11693 2250 14527 6679 13 357 2526 14882 11693 264 23772 6321 13 561 13159 16384 279 11129 29262 13 6056 36600 11693 279 2981 9057 13 6056 36600 16384 279 2981 9057 13 561 12433 16384 264 11012 72103 13 357 2526 14882 11354 449 4147 70676 13 6983 12050 7246 264 23772 6321 13 357 27786 27491 49992 2250 14527 6679 13 357 27786 27491 11354 2250 14527 6679 13 357 2526 14882 11354 449 4147 70676 13 561 2235 6522 7854 279 2981 9057 13 561 12433 11354 264 11012 72103 13 561 2235 6522 11354 279 2981 9057 13 561 12433 7246 264 23772 6321 13 357 28282 7246 449 4147 70676 13 561 13159 25624 279 9506 13759 13 357 2526 14882 7854 264 23772 6321 13 561 14367 11693 2250 14527 6679 13 561 14367 11354 279 2981 9057 13 561 37714 11693 279 9506 13759 13 357 28282 11354 279 17631 5459 13 357 2526 14882 25624 264 11012 72103 13 357 28282 49992 279 2981 9057 13 561 37714 7854 279 17631 5459 13 561 2235 6522 11693 279 2981 9057 13 561 37714 25624 264 23772 6321 13 6056 36600 25624 264 23772 6321 13 6983 12050 11693 264 11012 72103 13 561 12433 7246 279 17631 5459 13 561 12433 16384 264 11012 72103 13 561 14367 11693 279 17631 5459 13 561 13159 23235 279 11129 29262 13 561 14367 23235 279 17631 5459 13 6056 36600 16384 264 23772 6321 13 561 13159 16384 279 9506 13759 13 561 13159 23235 279 9506 13759 13 561 13159 7246 279 9506 13759 13 561 13159 7854 279 2981 9057 13 561 14367 11693 279 11129 29262 13 357 27786 27491 7854 2250 14527 6679 13 6983 12050 25624 264 11012 72103 13 357 27786 27491 11354 279 17631 5459 13 561 13159 23235 449 4147 70676 13 561 37714 23235 449 4147 70676 13 357 27786 27491 11354 449 4147 70676 13 6056 36600 23235 279 9506 13759 13 6983 12050 7854 264 23772 6321 13 357 28282 7854 279 11129 29262 13 357 27786 27491 23235 264 11012 72103 13 561 37714 11693 279 11129 29262 13 561 12433 49992 264 23772 6321 13 561 37714 49992 2250 14527 6679 13 561 2235 6522 25624 264 23772 6321 13 561 37714 11693 279 2981 9057 13 357 2526 14882 11693 279 2981 9057 13 561 2235 6522 49992 279 2981 9057 13 561 14367 23235 279 9506 13759 13 357 2526 14882 7854 264 11012 72103 13 561 13159 7246 279 11129 29262 13 561 13159 25624 264 23772 6321 13 357 2526 14882 16384 449 4147 70676 13 357 28282 16384 279 9506 13759 13 561 12433 49992 264 11012 72103 13 6056 36600 49992 279 2981 9057 13 561 37714 7246 279 17631 5459 13 561 2235 6522 23235 449 4147 70676 13 561 37714 11693 264 23772 6321 13 561 37714 23235 279 9506 13759 13 561 12433 11354 2250 14527 6679 13 561 14367 16384 279 17631 5459 13 357 27786 27491 7246 279 11129 29262 13 561 37714 16384 264 23772 6321 13 561 12433 11693 279 11129 29262 13 6056 36600 25624 449 4147 70676 13 357 28282 11693 279 2981 9057 13 561 13159 16384 264 23772 6321 13 561 14367 49992 279 9506 13759 13 357 2526 14882 11354 279 11129 29262 13 561 13159 7854 279 11129 29262 13 357 2526 14882 11693 279 9506 13759 13 357 27786 27491 7246 2250 14527 6679 13 357 27786 27491 23235 264 11012 72103 13 6983 12050 23235 264 11012 72103 13 357 28282 49992 279 9506 13759 13 561 13159 7854 449 4147 70676 13 561 14367 25624 449 4147 70676 13 6056 36600 7854 279 9506 13759 13 6056 36600 7246 264 11012 72103 13 6056 36600 7854 449 4147 70676 13 561 2235 6522 11354 2250 14527 6679 13 6983 12050 7854 279 17631 5459 13 561 12433 23235 279 9506 13759 13 6056 36600 25624 264 11012 72103 13 6983 12050 25624 279 17631 5459 13 357 28282 49992 264 11012 72103 13 6983 12050 49992 279 17631 5459 13 6983 12050 23235 449 4147 70676 13 561 14367 7854 279 2981 9057 13 561 13159 11354 279 2981 9057 13 357 2526 14882 23235 2250 14527 6679 13 561 37714 11354 279 2981 9057 13 561 37714 16384 279 11129 29262 13 357 28282 23235 279 9506 13759 13 561 12433 16384 279 9506 13759 13 561 37714 7854 279 17631 5459 13 561 12433 16384 2250 14527 6679 13 561 13159 7854 279 11129 29262 13 561 12433 11693 279 2981 9057 13 561 14367 11693 264 23772 6321 13 6056 36600 49992 279 2981 9057 13 357 2526 14882 23235 2250 14527 6679 13 6056 36600 11354 264 23772 6321 13 561 14367 25624 279 9506 13759 13 357 27786 27491 23235 279 17631 5459 13 561 12433 11693 449 4147 70676 13 561 12433 11693 2250 14527 6679 13 357 27786 27491 49992 279 9506 13759 13 6056 36600 11693 2250 14527 6679 13 561 14367 7246 279 9506 13759 13 357 28282 11354 279 2981 9057 13 357 28282 49992 279 2981 9057 13 561 14367 7246 449 4147 70676 13 6983 12050 16384 2250 14527 6679 13 561 37714 7246 279 2981 9057 13 6983 12050 25624 449 4147 70676 13 357 28282 11693 264 11012 72103 13 561 14367 7854 2250 14527 6679 13 561 12433 49992 279 9506 13759 13 561 2235 6522 11354 279 2981 9057 13 561 14367 7246 449 4147 70676 13 561 12433 11693 264 23772 6321 13 561 37714 7246 279 11129 29262 13 561 12433 23235 2250 14527 6679 13 561 2235 6522 11693 279 9506 13759 13 561 14367 23235 279 9506 13759 13 561 2235 6522 16384 2250 14527 6679 13 561 37714 25624 2250 14527 6679 13 6056 36600 7246 279 2981 9057 13 561 13159 23235 279 9506 13759 13 357 28282 11354 264 23772 6321 13 357 28282 11693 264 11012 72103 13 561 12433 49992 264 23772 6321 13 561 14367 49992 264 11012 72103 13 6983 12050 49992 279 11129 29262 13 561 12433 25624 2250 14527 6679 13 561 2235 6522 49992 279 11129 29262 13 6983 12050 16384 279 17631 5459 13 357 27786 27491 25624 279 17631 5459 13 357 2526 14882 11693 279 2981 9057 13 561 12433 11354 279 2981 9057 13 357 2526 14882 23235 449 4147 70676 13 6056 36600 11693 264 23772 6321 13 357 2526 14882 7246 264 11012 72103 13 561 12433 25624 449 4147 70676 13 357 28282 25624 279 2981 9057 13 357 27786 27491 7854 449 4147 70676 13 561 14367 11354 279 17631 5459 13 561 37714 25624 279 9506 13759 13 561 2235 6522 7854 264 23772 6321 13 357 28282 23235 279 2981 9057 13 357 2526 14882 7246 264 11012 72103 13 357 2526 14882 11354 449 4147 70676 13 561 12433 7246 279 11129 29262 13 357 28282 25624 2250 14527 6679 13 357 28282 7246 449 4147 70676 13 561 12433 25624 264 23772 6321 13 6056 36600 11693 279 2981 9057 13 357 27786 27491 11354 279 11129 29262 13 357 2526 14882 11693 279 11129 29262 13 561 13159 11693 279 2981 9057 13 6983 12050 11693 264 11012 72103 13 561 14367 25624 279 17631 5459 13 6056 36600 11693 2250 14527 6679 13 357 28282 7246 279 2981 9057 13 561 12433 11354 279 9506 13759 13 561 13159 25624 279 11129 29262 13 357 27786 27491 25624 264 11012 72103 13 357 27786 27491 11693 2250 14527 6679 13 6983 12050 11354 2250 14527 6679 13 357 28282 23235 264 11012 72103 13 561 14367 11693 279 2981 9057 13 561 12433 23235 264 11012 72103 13 6056 36600 7246 279 17631 5459 13 357 2526 14882 7854 279 9506 13759 13 561 14367 25624 2250 14527 6679 13 561 2235 6522 7246 279 2981 9057 13 357 2526 14882 7246 2250 14527 6679 13 6983 12050 11693 264 23772 6321 13 357 28282 11354 449 4147 70676 13 561 14367 49992 264 23772 6321 13 357 28282 25624 2250 14527 6679 13 561 14367 23235 279 9506 13759 13 357 28282 23235 279 2981 9057 13 6056 36600 49992 279 2981 9057 13 561 12433 16384 279 17631 5459 13 6056 36600 7246 279 9506 13759 13 561 13159 16384 264 11012 72103 13 357 28282 16384 2250 14527 6679 13 6983 12050 11693 449 4147 70676 13 561 37714 11693 449 4147 70676 13 357 27786 27491 11354 279 9506 13759 13 561 13159 23235 279 9506 13759 13 561 13159 25624 2250 14527 6679 13 357 2526 14882 7854 279 11129 29262 13 561 14367 16384 449 4147 70676 13 357 27786 27491 11354 264 11012 72103 13 6056 36600 7854 279 9506 13759 13 357 27786 27491 16384 449 4147 70676 13 561 2235 6522 23235 2250 14527 6679 13 357 28282 23235 279 9506 13759 13 6056 36600 11354 279 11129 29262 13 357 2526 14882 25624 279 11129 29262 13 561 2235 6522 49992 279 9506 13759 13 561 37714 11693 264 11012 72103 13 6983 12050 11354 279 9506 13759 13 561 2235 6522 7854 279 11129 29262 13 357 2526 14882 7246 264 23772 6321 13 561 2235 6522 11693 264 23772 6321 13 357 27786 27491 7854 279 11129 29262 13 6056 36600 23235 2250 14527 6679 13 561 2235 6522 7854 279 17631 5459 13 561 14367 7246 264 11012 72103 13 6983 12050 49992 279 11129 29262 13 357 2526 14882 25624 279 9506 13759 13 561 2235 6522 16384 279 9506 13759 13 357 28282 23235 449 4147 70676 13 561 12433 16384 264 23772 6321 13 561 12433 7854 279 17631 5459 13 6056 36600 49992 264 23772 6321 13 561 14367 11354 264 11012 72103 13 561 37714 7854 449 4147 70676 13 561 12433 7246 449 4147 70676 13 561 14367 23235 449 4147 70676 13 561 2235 6522 11354 279 11129 29262 13 561 2235 6522 11693 279 17631 5459 13 561 13159 7246 279 11129 29262 13 6983 12050 16384 279 17631 5459 13 561 13159 7854 264 11012 72103 13 561 13159 49992 264 23772 6321 13 561 12433 23235 279 2981 9057 13 357 27786 27491 49992 279 17631 5459 13 561 37714 23235 279 2981 9057 13 6983 12050 11354 279 2981 9057 13 561 12433 7246 279 11129 29262 13 561 14367 16384 279 9506 13759 13 357 2526 14882 7246 279 11129 29262 13 561 12433 49992 2250 14527 6679 13 357 27786 27491 23235 449 4147 70676 13 561 13159 25624 279 11129 29262 13 357 2526 14882 7854 264 23772 6321 13 561 13159 49992 279 11129 29262 13 357 28282 11693 449 4147 70676 13 561 37714 7854 279 2981 9057 13 357 2526 14882 11354 279 2981 9057 13 561 12433 49992 279 9506 13759 13 357 28282 16384 279 9506 13759 13 357 2526 14882 7854 279 11129 29262 13 357 28282 16384 449 4147 70676 13 561 14367 11354 279 11129 29262 13 357 2526 14882 23235 279 11129 29262 13 6983 12050 25624 264 11012 72103 13 357 27786 27491 7854 264 11012 72103 13 561 12433 7246 279 2981 9057 13 357 28282 7854 279 9506 13759 13 357 2526 14882 7854 279 9506 13759 13 6056 36600 23235 264 23772 6321 13 561 2235 6522 7246 279 9506 13759 13 561 12433 7246 2250 14527 6679 13 357 2526 14882 25624 279 9506 13759 13 357 28282 11354 2250 14527 6679 13 357 27786 27491 7854 279 9506 13759 13 6983 12050 16384 279 2981 9057 13 561 2235 6522 11693 2250 14527 6679 13 561 37714 25624 279 11129 29262 13 561 14367 7854 279 11129 29262 13 561 2235 6522 7854 279 11129 29262 13 357 28282 16384 2250 14527 6679 13 6983 12050 16384 264 11012 72103 13 357 2526 14882 25624 264 23772 6321 13 561 14367 25624 264 11012 72103 13 357 2526 14882 11693 279 17631 5459 13 6056 36600 7246 449 4147 70676 13 561 12433 11354 449 4147 70676 13 357 27786 27491 11354 279 17631 5459 13 561 37714 49992 264 11012 72103 13 6056 36600 11693 279 11129 29262 13 357 2526 14882 23235 2250 14527 6679 13 6983 12050 11693 279 11129 29262 13 357 27786 27491 11354 2250 14527 6679 13 561 2235 6522 11354 279 11129 29262 13 561 13159 23235 264 11012 72103 13 561 12433 25624 264 11012 72103 13 561 13159 7854 279 9506 13759 13 6983 12050 11354 264 23772 6321 13 561 37714 23235 279 11129 29262 13 357 28282 49992 279 2981 9057 13 561 13159 49992 449 4147 70676 13 6983 12050 23235 2250 14527 6679 13 357 28282 7854 279 2981 9057 13 561 12433 11693 264 11012 72103 13 561 37714 11354 449 4147 70676 13 6983 12050 11693 279 11129 29262 13 6983 12050 16384 279 17631 5459 13 357 27786 27491 11354 264 11012 72103 13 357 2526 14882 11693 279 9506 13759 13 561 14367 16384 264 23772 6321 13 561 2235 6522 23235 264 23772 6321 13 561 12433 25624 279 17631 5459 13 561 2235 6522 23235 279 9506 13759 13 561 14367 49992 264 11012 72103 13 357 2526 14882 25624 279 2981 9057 13 357 2526 14882 49992 449 4147 70676 13 357 28282 23235 264 23772 6321 13 6056 36600 7246 264 11012 72103 13 561 37714 16384 279 9506 13759 13 6983 12050 23235 279 11129 29262 13 561 14367 11693 279 11129 29262 13 561 37714 7854 279 9506 13759 13 561 2235 6522 7854 279 2981 9057 13 561 2235 6522 11354 264 11012 72103 13 6983 12050 7854 279 17631 5459 13 561 14367 25624 449 4147 70676 13 561 14367 11693 264 11012 72103 13 357 2526 14882 23235 449 4147 70676 13 6056 36600 11693 279 17631 5459 13 6983 12050 11693 264 23772 6321 13 561 13159 25624 264 11012 72103 13 357 27786 27491 7246 2250 14527 6679 13 6056 36600 49992 449 4147 70676 13 357 28282 11354 449 4147 70676 13 561 2235 6522 7854 2250 14527 6679 13 6056 36600 49992 279 2981 9057 13 357 28282 49992 279 9506 13759 13 357 28282 11693 2250 14527 6679 13 561 14367 7854 2250 14527 6679 13 561 14367 11693 264 11012 72103 13 6983 12050 11354 279 17631 5459 13 6056 36600 11354 279 9506 13759 13 6983 12050 11693 279 17631 5459 13 561 37714 7854 279 11129 29262 13 561 14367 7246 449 4147 70676 13 561 14367 49992 264 11012 72103 13 357 28282 7246 279 2981 9057 13 561 37714 7246 264 23772 6321 13 357 28282 7854 279 17631 5459 13 357 28282 11354 264 11012 72103 13 561 37714 25624 279 17631 5459 13 561 37714 16384 449 4147 70676 13 561 13159 11354 2250 14527 6679 13 561 14367 7246 449 4147 70676 13 6983 12050 25624 2250 14527 6679 13 561 13159 25624 264 11012 72103 13 561 37714 23235 264 11012 72103 13 357 28282 11693 264 11012 72103 13 357 28282 23235 279 11129 29262 13 561 12433 16384 279 11129 29262 13 561 2235 6522 49992 264 23772 6321 13 6983 12050 11354 264 11012 72103 13 357 28282 11354 264 11012 72103 13 357 27786 27491 11693 279 9506 13759 13 6056 36600 7854 2250 14527 6679 13 357 28282 11354 279 17631 5459 13 561 14367 7246 279 9506 13759 13 561 14367 7246 279 11129 29262 13 6056 36600 16384 279 2981 9057 13 561 12433 16384 264 23772 6321 13 561 14367 23235 279 9506 13759 13 357 28282 7246 449 4147 70676 13 561 2235 6522 49992 264 23772 6321 13 561 12433 11693 279 17631 5459 13 561 13159 11354 264 23772 6321 13 6983 12050 23235 264 23772 6321 13 561 14367 11693 264 23772 6321 13 357 28282 7246 264 11012 72103 13 561 14367 23235 279 9506 13759 13 357 2526 14882 23235 264 11012 72103 13 561 37714 25624 449 4147 70676 13 561 2235 6522 11693 279 17631 5459 13 561 37714 11693 279 9506 13759 13 561 37714 25624 2250 14527 6679 13 6983 12050 16384 279 17631 5459 13 561 12433 7854 264 11012 72103 13 561 2235 6522 49992 279 2981 9057 13 561 12433 7854 2250 14527 6679 13 357 2526 14882 16384 279 17631 5459 13 357 28282 11693 279 11129 29262 13 357 27786 27491 7246 264 11012 72103 13 357 27786 27491 25624 279 9506 13759 13 561 12433 25624 264 11012 72103 13 357 28282 11354 264 11012 72103 13 357 2526 14882 25624 279 2981 9057 13 561 37714 25624 449 4147 70676 13 561 37714 16384 449 4147 70676 13 561 2235 6522 25624 279 11129 29262 13 561 12433 7854 279 9506 13759 13 561 2235 6522 49992 264 11012 72103 13 6056 36600 23235 264 23772 6321 13 6983 12050 11354 279 9506 13759 13 6983 12050 25624 2250 14527 6679 13 357 2526 14882 23235 279 11129 29262 13 357 27786 27491 11354 2250 14527 6679 13 357 28282 25624 279 2981 9057 13 357 27786 27491 16384 279 11129 29262 13 561 2235 6522 11354 279 2981 9057 13 6056 36600 25624 279 17631 5459 13 561 13159 16384 264 11012 72103 13 357 27786 27491 11693 279 17631 5459 13 357 28282 16384 279 17631 5459 13 561 12433 7246 264 23772 6321 13 357 2526 14882 7246 279 2981 9057 13 357 2526 14882 16384 264 23772 6321 13 357 2526 14882 7246 264 11012 72103 13 6983 12050 7246 279 11129 29262 13 561 13159 11354 2250 14527 6679 13 6983 12050 11693 279 9506 13759 13 357 2526 14882 11693 449 4147 70676 13 561 12433 11354 279 17631 5459 13 357 28282 7854 264 23772 6321 13 6983 12050 16384 279 17631 5459 13 6056 36600 49992 449 4147 70676 13 357 28282 25624 449 4147 70676 13 561 37714 49992 264 11012 72103 13 561 13159 25624 449 4147 70676 13 6056 36600 7246 2250 14527 6679 13 561 13159 49992 279 17631 5459 13 357 28282 11693 264 11012 72103 13 561 12433 23235 449 4147 70676 13 6056 36600 11693 264 23772 6321 13 561 37714 11354 264 11012 72103 13 561 37714 11693 449 4147 70676 13 6983 12050 7854 264 11012 72103 13 561 14367 7854 279 17631 5459 13 6983 12050 7246 264 23772 6321 13 6983 12050 25624 264 11012 72103 13 6056 36600 16384 449 4147 70676 13 6056 36600 7246 264 11012 72103 13 6056 36600 23235 264 11012 72103 13 6983 12050 16384 264 23772 6321 13 357 28282 25624 449 4147 70676 13 6056 36600 16384 279 2981 9057 13 561 37714 11354 279 17631 5459 13 6056 36600 11354 2250 14527 6679 13 6056 36600 7246 264 23772 6321 13 561 2235 6522 7854 264 23772 6321 13 561 14367 23235 279 2981 9057 13 6983 12050 11354 449 4147 70676 13 357 28282 49992 2250 14527 6679 13 561 14367 16384 449 4147 70676 13 561 2235 6522 11693 279 11129 29262 13 357 2526 14882 11693 264 11012 72103 13 561 13159 11354 279 2981 9057 13 561 14367 23235 449 4147 70676 13 6983 12050 25624 449 4147 70676 13 357 2526 14882 49992 2250 14527 6679 13 357 27786 27491 11693 2250 14527 6679 13 6056 36600 11693 279 11129 29262 13 6056 36600 16384 2250 14527 6679 13 357 2526 14882 11354 279 9506 13759 13 561 2235 6522 23235 279 9506 13759 13 561 14367 23235 279 2981 9057 13 6983 12050 11354 279 2981 9057 13 357 27786 27491 16384 449 4147 70676 13 6056 36600 7854 279 2981 9057 13 561 12433 11693 264 11012 72103 13 561 12433 7854 279 2981 9057 13 561 2235 6522 7246 264 23772 6321 13 561 14367 7246 2250 14527 6679 13 561 13159 7246 264 11012 72103 13 357 27786 27491 49992 279 9506 13759 13 561 12433 11693 279 2981 9057 13 561 12433 7854 264 11012 72103 13 561 14367 7854 264 11012 72103 13 561 14367 16384 264 11012 72103 13 561 12433 7246 279 2981 9057 13 561 13159 25624 279 9506 13759 13 561 12433 25624 449 4147 70676 13 6983 12050 49992 264 23772 6321 13 561 37714 11693 279 9506 13759 13 357 28282 16384 279 9506 13759 13 561 2235 6522 16384 2250 14527 6679 13 561 13159 23235 279 11129 29262 13 357 28282 11354 449 4147 70676 13 6983 12050 23235 279 17631 5459 13 6056 36600 49992 264 23772 6321 13 561 2235 6522 49992 264 23772 6321 13 6983 12050 7854 264 11012 72103 13 6983 12050 7854 279 9506 13759 13 561 2235 6522 11693 264 23772 6321 13 357 2526 14882 7854 449 4147 70676 13 357 2526 14882 7246 2250 14527 6679 13 6983 12050 16384 264 11012 72103 13 561 14367 7246 279 9506 13759 13 357 27786 27491 7854 264 11012 72103 13 6056 36600 49992 264 23772 6321 13 357 27786 27491 23235 264 23772 6321 13 561 13159 23235 279 2981 9057 13 6056 36600 11354 279 2981 9057 13 561 13159 23235 264 11012 72103 13 561 12433 11693 2250 14527 6679 13 357 27786 27491 11693 264 23772 6321 13 561 12433 16384 279 2981 9057 13 357 28282 49992 279 17631 5459 13 6983 12050 11354 279 9506 13759 13 561 37714 16384 279 17631 5459 13 357 28282 11354 279 2981 9057 13 357 28282 11693 279 17631 5459 13 561 2235 6522 11693 279 2981 9057 13 561 12433 11693 279 17631 5459 13 561 14367 25624 264 11012 72103 13 357 28282 11693 279 2981 9057 13 6056 36600 23235 264 11012 72103 13 561 37714 23235 264 23772 6321 13 561 12433 7854 449 4147 70676 13 561 12433 23235 279 17631 5459 13 357 28282 16384 279 2981 9057 13 561 12433 25624 264 11012 72103 13 357 27786 27491 11354 279 11129 29262 13 561 2235 6522 23235 264 23772 6321 13 561 37714 49992 279 2981 9057 13 6983 12050 11354 279 2981 9057 13 561 13159 7854 279 11129 29262 13 561 14367 11693 279 11129 29262 13 357 28282 49992 264 11012 72103 13 357 28282 7246 2250 14527 6679 13 6056 36600 49992 2250 14527 6679 13 357 27786 27491 25624 449 4147 70676 13 357 27786 27491 7854 279 2981 9057 13 561 14367 11693 2250 14527 6679 13 357 28282 49992 2250 14527 6679 13 561 12433 7854 264 23772 6321 13 561 14367 11354 2250 14527 6679 13 561 14367 11693 279 11129 29262 13 6983 12050 49992 2250 14527 6679 13 561 2235 6522 11693 279 11129 29262 13 561 12433 7246 279 2981 9057 13 561 14367 11693 449 4147 70676 13 357 2526 14882 16384 279 9506 13759 13 357 2526 14882 16384 279 17631 5459 13 357 27786 27491 23235 264 11012 72103 13 561 12433 11354 264 23772 6321 13 561 37714 11693 279 2981 9057 13 561 2235 6522 11693 449 4147 70676 13 561 14367 11693 264 23772 6321 13 357 28282 23235 449 4147 70676 13 561 37714 16384 264 11012 72103 13 357 28282 25624 279 9506 13759 13 561 13159 49992 264 11012 72103 13 561 12433 11693 449 4147 70676 13 357 2526 14882 49992 279 9506 13759 13 357 2526 14882 49992 264 23772 6321 13 357 27786 27491 11354 264 11012 72103 13 6056 36600 25624 279 11129 29262 13 561 2235 6522 11354 279 2981 9057 13 357 28282 49992 279 17631 5459 13 561 12433 25624 264 23772 6321 13 561 13159 25624 279 2981 9057 13 561 13159 25624 279 17631 5459 13 561 14367 16384 279 2981 9057 13 561 37714 25624 264 11012 72103 13 357 2526 14882 7246 279 9506 13759 13 561 2235 6522 11693 279 2981 9057 13 561 13159 7854 264 23772 6321 13 357 2526 14882 25624 2250 14527 6679 13 6056 36600 25624 264 11012 72103 13 561 12433 7854 449 4147 70676 13 6983 12050 7246 279 11129 29262 13 6056 36600 7854 2250 14527 6679 13 561 2235 6522 11693 449 4147 70676 13 357 28282 23235 2250 14527 6679 13 561 14367 16384 449 4147 70676 13 561 2235 6522 23235 264 23772 6321 13 561 2235 6522 23235 2250 14527 6679 13 561 13159 11354 279 17631 5459 13 6983 12050 23235 279 17631 5459 13 561 12433 11354 279 17631 5459 13 357 2526 14882 11693 264 23772 6321 13 561 12433 23235 279 11129 29262 13 357 2526 14882 23235 279 9506 13759 13 561 13159 16384 264 11012 72103 13 6983 12050 11354 279 9506 13759 13 357 27786 27491 11693 279 17631 5459 13 561 2235 6522 7246 279 11129 29262 13 561 12433 23235 279 9506 13759 13 561 13159 16384 279 2981 9057 13 6983 12050 23235 279 17631 5459 13 357 2526 14882 7246 264 23772 6321 13 561 2235 6522 11354 449 4147 70676 13 357 2526 14882 49992 449 4147 70676 13 6983 12050 23235 264 23772 6321 13 6983 12050 25624 264 11012 72103 13 357 28282 23235 279 17631 5459 13 561 14367 11693 264 23772 6321 13 357 28282 25624 449 4147 70676 13 561 14367 11693 449 4147 70676 13 561 13159 16384 449 4147 70676 13 561 13159 16384 449 4147 70676 13 357 2526 14882 23235 279 11129 29262 13 357 2526 14882 25624 264 11012 72103 13 6056 36600 49992 279 9506 13759 13 561 14367 11693 2250 14527 6679 13 6983 12050 23235 264 23772 6321 13 357 28282 11354 449 4147 70676 13 357 27786 27491 7854 279 17631 5459 13 561 2235 6522 7854 264 11012 72103 13 561 2235 6522 16384 264 23772 6321 13 357 28282 11693 279 17631 5459 13 6983 12050 23235 279 9506 13759 13 561 2235 6522 7854 264 11012 72103 13 561 13159 11693 264 23772 6321 13 561 12433 23235 279 2981 9057 13 6056 36600 11354 279 2981 9057 13 357 27786 27491 7854 279 2981 9057 13 561 2235 6522 11354 264 11012 72103 13 357 27786 27491 23235 279 17631 5459 13 561 14367 11693 279 17631 5459 13 561 37714 11693 449 4147 70676 13 561 2235 6522 11693 279 2981 9057 13 561 2235 6522 49992 279 17631 5459 13 561 13159 7246 279 11129 29262 13 357 27786 27491 16384 2250 14527 6679 13 561 13159 11693 449 4147 70676 13 561 14367 25624 279 17631 5459 13 357 2526 14882 7246 2250 14527 6679 13 561 37714 16384 2250 14527 6679 13 561 37714 7246 2250 14527 6679 13 357 27786 27491 7246 2250 14527 6679 13 357 27786 27491 25624 449 4147 70676 13 357 27786 27491 11693 279 11129 29262 13 561 13159 11354 449 4147 70676 13 561 14367 49992 264 11012 72103 13 357 28282 7854 279 2981 9057 13 357 2526 14882 49992 279 2981 9057 13 6983 12050 23235 279 9506 13759 13 6983 12050 11693 2250 14527 6679 13 561 2235 6522 7854 264 23772 6321 13 357 27786 27491 7854 279 11129 29262 13 561 12433 7246 2250 14527 6679 13 6056 36600 25624 279 2981 9057 13 6983 12050 23235 264 11012 72103 13 561 37714 16384 279 2981 9057 13 561 13159 49992 449 4147 70676 13 357 27786 27491 49992 449 4147 70676 13 561 12433 49992 2250 14527 6679 13 6056 36600 7246 279 2981 9057 13 6983 12050 25624 264 23772 6321 13 561 13159 25624 279 9506 13759 13 357 28282 23235 279 9506 13759 13 357 2526 14882 23235 279 9506 13759 13 561 2235 6522 49992 279 17631 5459 13 561 14367 49992 264 23772 6321 13 561 37714 7854 279 9506 13759 13 357 27786 27491 16384 279 2981 9057 13 561 37714 11354 279 2981 9057 13 357 2526 14882 7854 264 23772 6321 13 357 27786 27491 11693 264 23772 6321 13 561 2235 6522 7854 279 2981 9057 13 561 12433 25624 279 2981 9057 13 561 14367 23235 449 4147 70676 13 6056 36600 49992 279 11129 29262 13 357 2526 14882 11354 264 23772 6321 13 561 37714 23235 449 4147 70676 13 357 28282 23235 279 11129 29262 13 561 13159 16384 279 17631 5459 13 357 2526 14882 7854 264 11012 72103 13 357 2526 14882 11354 279 11129 29262 13 357 2526 14882 16384 449 4147 70676 13 561 2235 6522 7854 279 17631 5459 13 357 28282 11693 2250 14527 6679 13 561 14367 7246 279 2981 9057 13 561 12433 11693 2250 14527 6679 13 561 14367 7854 279 11129 29262 13 357 28282 25624 279 2981 9057 13 561 37714 25624 279 2981 9057 13 561 13159 11693 279 17631 5459 13 6056 36600 7854 279 9506 13759 13 357 28282 7246 279 2981 9057 13 561 12433 11354 264 11012 72103 13 561 14367 7246 264 11012 72103 13 561 14367 11354 264 23772 6321 13 561 2235 6522 25624 449 4147 70676 13 561 2235 6522 25624 279 2981 9057 13 6983 12050 23235 2250 14527 6679 13 357 2526 14882 25624 279 9506 13759 13 357 2526 14882 7854 279 9506 13759 13 561 12433 49992 2250 14527 6679 13 6056 36600 11354 279 2981 9057 13 561 2235 6522 7246 279 2981 9057 13 357 2526 14882 11354 449 4147 70676 13 561 37714 11354 449 4147 70676 13 561 37714 11354 449 4147 70676 13 6056 36600 11354 264 23772 6321 13 561 13159 7246 279 17631 5459 13 561 37714 7246 449 4147 70676 13 561 2235 6522 7854 279 2981 9057 13 561 14367 11354 264 23772 6321 13 561 13159 11693 279 9506 13759 13 561 13159 23235 449 4147 70676 13 357 27786 27491 7246 264 23772 6321 13 561 13159 11693 279 11129 29262 13 6983 12050 11354 264 23772 6321 13 357 2526 14882 16384 264 23772 6321 13 561 2235 6522 49992 279 11129 29262 13 357 28282 49992 279 17631 5459 13 561 2235 6522 7854 264 11012 72103 13 357 27786 27491 7854 279 11129 29262 13 357 27786 27491 7854 279 17631 5459 13 357 28282 7246 264 11012 72103 13 561 13159 16384 264 11012 72103 13 357 27786 27491 7854 449 4147 70676 13 561 12433 25624 449 4147 70676 13 357 2526 14882 25624 279 17631 5459 13 6056 36600 16384 2250 14527 6679 13 357 28282 16384 279 11129 29262 13 357 2526 14882 11693 279 9506 13759 13 357 27786 27491 16384 449 4147 70676 13 357 2526 14882 7854 449 4147 70676 13 357 28282 11354 279 2981 9057 13 561 12433 11354 279 2981 9057 13 357 2526 14882 7854 2250 14527 6679 13 561 12433 11354 449 4147 70676 13 6056 36600 11354 264 11012 72103 13 357 28282 11354 2250 14527 6679 13 6056 36600 49992 264 11012 72103 13 561 12433 23235 279 2981 9057 13 561 2235 6522 25624 279 2981 9057 13 561 37714 16384 264 23772 6321 13 561 2235 6522 7246 2250 14527 6679 13 6056 36600 11693 279 11129 29262 13 561 12433 11354 2250 14527 6679 13 561 2235 6522 16384 264 11012 72103 13 561 13159 49992 2250 14527 6679 13 357 28282 7854 449 4147 70676 13 357 2526 14882 11354 279 9506 13759 13 6983 12050 49992 449 4147 70676 13 561 37714 11693 279 11129 29262 13 561 2235 6522 25624 264 23772 6321 13 561 13159 7246 279 2981 9057 13 6056 36600 49992 449 4147 70676 13 561 12433 23235 264 11012 72103 13 561 37714 49992 264 23772 6321 13 561 2235 6522 23235 264 11012 72103 13 357 2526 14882 7854 264 11012 72103 13 561 2235 6522 49992 279 11129 29262 13 357 2526 14882 7854 279 2981 9057 13 357 2526 14882 11354 264 23772 6321 13 6983 12050 49992 264 11012 72103 13 561 12433 49992 264 23772 6321 13 357 27786 27491 23235 449 4147 70676 13 6983 12050 7246 264 23772 6321 13 6983 12050 11693 279 11129 29262 13 561 12433 11693 264 11012 72103 13 561 13159 11354 2250 14527 6679 13 561 37714 25624 2250 14527 6679 13 561 37714 25624 2250 14527 6679 13 357 28282 16384 264 11012 72103 13 6983 12050 11354 279 11129 29262 13 561 14367 7854 264 11012 72103 13 561 12433 23235 279 17631 5459 13 561 37714 7854 264 23772 6321 13 357 27786 27491 7246 279 17631 5459 13 357 27786 27491 11693 279 2981 9057 13 6983 12050 25624 2250 14527 6679 13 357 28282 16384 264 23772 6321 13 561 13159 7854 279 17631 5459 13 357 28282 7854 264 11012 72103 13 561 12433 7246 279 9506 13759 13 357 2526 14882 11354 279 17631 5459 13 561 14367 7854 279 9506 13759 13 561 2235 6522 23235 264 23772 6321 13 561 37714 7246 264 23772 6321 13 357 2526 14882 16384 279 2981 9057 13 561 2235 6522 7246 279 2981 9057 13 561 2235 6522 25624 264 11012 72103 13 561 2235 6522 16384 264 11012 72103 13 561 37714 49992 279 9506 13759 13 6056 36600 11354 279 17631 5459 13 6983 12050 7854 279 2981 9057 13 6983 12050 11354 2250 14527 6679 13 357 2526 14882 11693 264 11012 72103 13 6056 36600 7854 279 9506 13759 13 357 2526 14882 49992 279 17631 5459 13 6983 12050 11354 449 4147 70676 13 561 37714 11693 279 17631 5459 13 357 27786 27491 7246 2250 14527 6679 13 357 28282 16384 264 11012 72103 13 357 2526 14882 25624 264 23772 6321 13 357 28282 7854 279 11129 29262 13 357 28282 49992 2250 14527 6679 13 561 2235 6522 7246 279 11129 29262 13 561 13159 23235 264 11012 72103 13 561 37714 7854 279 2981 9057 13 357 27786 27491 11354 449 4147 70676 13 357 28282 7246 279 17631 5459 13 561 12433 11354 264 23772 6321 13 561 14367 25624 2250 14527 6679 13 561 37714 7854 279 2981 9057 13 6983 12050 11693 279 9506 13759 13 561 12433 49992 264 11012 72103 13 6983 12050 49992 279 17631 5459 13 6983 12050 7854 264 11012 72103 13 6983 12050 7854 264 11012 72103 13 561 37714 16384 264 23772 6321 13 357 2526 14882 11693 279 11129 29262 13 357 2526 14882 11693 279 17631 5459 13 561 13159 7854 279 9506 13759 13 357 28282 7246 264 11012 72103 13 357 28282 11354 2250 14527 6679 13 561 12433 25624 279 9506 13759 13 561 37714 49992 279 11129 29262 13 6983 12050 25624 449 4147 70676 13 357 27786 27491 49992 279 11129 29262 13 357 28282 49992 279 2981 9057 13 561 2235 6522 25624 449 4147 70676 13 561 13159 7246 279 17631 5459 13 561 2235 6522 11354 264 11012 72103 13 357 28282 23235 2250 14527 6679 13 561 14367 11693 279 11129 29262 13 357 2526 14882 7246 264 23772 6321 13 561 13159 16384 279 2981 9057 13 6056 36600 49992 279 2981 9057 13 561 14367 7246 264 11012 72103 13 561 37714 7854 2250 14527 6679 13 561 2235 6522 16384 264 11012 72103 13 357 28282 7854 264 11012 72103 13 6983 12050 11354 279 2981 9057 13 561 14367 23235 264 11012 72103 13 561 12433 23235 449 4147 70676 13 357 27786 27491 11693 279 11129 29262 13 561 37714 11693 449 4147 70676 13 357 2526 14882 7246 264 23772 6321 13 357 2526 14882 11693 279 11129 29262 13 561 37714 7246 279 17631 5459 13 561 13159 7854 279 2981 9057 13 561 14367 16384 279 11129 29262 13 357 28282 49992 264 23772 6321 13 561 37714 49992 2250 14527 6679 13 561 37714 7854 279 11129 29262 13 561 12433 7854 279 17631 5459 13 561 12433 49992 264 23772 6321 13 6983 12050 49992 264 23772 6321 13 561 12433 49992 264 23772 6321 13 357 28282 23235 2250 14527 6679 13 6983 12050 7854 279 11129 29262 13 357 2526 14882 11354 279 11129 29262 13 561 37714 11354 264 23772 6321 13 357 2526 14882 7854 279 17631 5459 13 561 13159 16384 2250 14527 6679 13 357 2526 14882 23235 449 4147 70676 13 357 28282 7246 449 4147 70676 13 357 28282 23235 2250 14527 6679 13 561 12433 49992 279 17631 5459 13 561 2235 6522 23235 279 9506 13759 13 6056 36600 16384 279 9506 13759 13 561 2235 6522 23235 279 2981 9057 13 561 2235 6522 7246 264 23772 6321 13 561 12433 11354 2250 14527 6679 13 357 2526 14882 11354 279 2981 9057 13 561 14367 7854 279 9506 13759 13 6983 12050 7246 264 23772 6321 13 561 37714 25624 264 11012 72103 13 561 12433 49992 279 9506 13759 13 357 27786 27491 16384 279 17631 5459 13 561 13159 7854 279 2981 9057 13 561 13159 11354 264 23772 6321 13 357 28282 23235 264 23772 6321 13 561 2235 6522 11354 2250 14527 6679 13 6983 12050 11354 2250 14527 6679 13 561 12433 25624 2250 14527 6679 13 6983 12050 11693 449 4147 70676 13 357 27786 27491 23235 264 11012 72103 13 561 14367 23235 264 11012 72103 13 561 37714 49992 264 11012 72103 13 6983 12050 11693 449 4147 70676 13 561 12433 7854 264 23772 6321 13 561 14367 11693 264 11012 72103 13 357 2526 14882 7854 2250 14527 6679 13 561 13159 11693 264 23772 6321 13 357 27786 27491 11693 279 9506 13759 13 561 14367 16384 279 11129 29262 13 6056 36600 49992 449 4147 70676 13 561 14367 11354 279 9506 13759 13 6056 36600 11693 279 2981 9057 13 357 27786 27491 49992 279 9506 13759 13 561 2235 6522 25624 279 11129 29262 13 6056 36600 25624 279 11129 29262 13 6056 36600 11693 279 17631 5459 13 357 28282 25624 264 11012 72103 13 561 2235 6522 23235 279 17631 5459 13 561 13159 7854 449 4147 70676 13 561 12433 23235 264 23772 6321 13 561 2235 6522 25624 449 4147 70676 13 357 28282 23235 279 11129 29262 13 561 37714 11693 2250 14527 6679 13 561 13159 23235 264 23772 6321 13 357 27786 27491 16384 279 11129 29262 13 357 28282 23235 264 11012 72103 13 357 2526 14882 23235 279 2981 9057 13 357 2526 14882 25624 264 23772 6321 13 561 2235 6522 7854 279 17631 5459 13 357 2526 14882 11693 279 9506 13759 13 561 14367 7246 2250 14527 6679 13 561 37714 49992 264 23772 6321 13 561 13159 16384 2250 14527 6679 13 561 2235 6522 49992 279 2981 9057 13 357 2526 14882 11354 279 17631 5459 13 561 13159 11693 264 23772 6321 13 561 13159 11354 449 4147 70676 13 561 37714 49992 2250 14527 6679 13 561 37714 7246 264 11012 72103 13 561 2235 6522 7246 279 11129 29262 13 561 37714 7246 279 2981 9057 13 561 37714 23235 279 11129 29262 13 561 37714 7246 449 4147 70676 13 357 27786 27491 25624 279 2981 9057 13 561 12433 16384 279 11129 29262 13 6983 12050 11693 449 4147 70676 13 357 2526 14882 7246 264 23772 6321 13 6056 36600 49992 279 2981 9057 13 561 14367 25624 264 11012 72103 13 357 27786 27491 11354 279 2981 9057 13 561 12433 25624 279 2981 9057 13 561 37714 11354 279 17631 5459 13 357 27786 27491 11693 449 4147 70676 13 357 28282 49992 2250 14527 6679 13 561 2235 6522 11693 264 23772 6321 13 357 2526 14882 11354 279 2981 9057 13 357 2526 14882 23235 264 11012 72103 13 357 28282 11354 264 11012 72103 13 561 14367 7246 279 11129 29262 13 561 12433 16384 264 11012 72103 13 6983 12050 49992 279 11129 29262 13 561 37714 11354 279 17631 5459 13 561 12433 11693 279 11129 29262 13 357 28282 49992 279 2981 9057 13 561 13159 49992 279 9506 13759 13 6056 36600 11693 2250 14527 6679 13 561 12433 16384 2250 14527 6679 13 561 2235 6522 16384 279 9506 13759 13 561 14367 11693 264 11012 72103 13 6983 12050 49992 264 23772 6321 13 6056 36600 23235 449 4147 70676 13 561 14367 23235 279 9506 13759 13 6983 12050 7246 264 23772 6321 13 6056 36600 7854 279 2981 9057 13 561 37714 7246 279 9506 13759 13 561 2235 6522 49992 2250 14527 6679 13 6983 12050 11693 264 23772 6321 13 357 27786 27491 25624 279 11129 29262 13 561 12433 23235 264 11012 72103 13 6056 36600 16384 279 9506 13759 13 357 27786 27491 11693 264 23772 6321 13 561 13159 11354 279 11129 29262 13 561 12433 7246 279 2981 9057 13 561 2235 6522 16384 264 11012 72103 13 561 13159 49992 279 9506 13759 13 561 13159 11693 264 11012 72103 13 561 2235 6522 7854 279 2981 9057 13 561 37714 7246 264 23772 6321 13 6983 12050 7854 279 9506 13759 13 561 12433 7246 264 11012 72103 13 561 2235 6522 11693 279 2981 9057 13 6056 36600 11693 449 4147 70676 13 561 37714 49992 264 11012 72103 13 561 14367 11693 449 4147 70676 13 561 14367 25624 279 9506 13759 13 6983 12050 16384 2250 14527 6679 13 357 27786 27491 7246 264 23772 6321 13 357 2526 14882 25624 449 4147 70676 13 357 28282 7246 279 11129 29262 13 561 2235 6522 16384 264 11012 72103 13 561 14367 11354 2250 14527 6679 13 6983 12050 11693 264 11012 72103 13 561 12433 16384 264 11012 72103 13 561 12433 49992 279 2981 9057 13 561 12433 11354 279 11129 29262 13 6056 36600 11693 264 23772 6321 13 6983 12050 7854 264 11012 72103 13 6983 12050 11354 264 11012 72103 13 357 2526 14882 25624 449 4147 70676 13 6056 36600 11354 2250 14527 6679 13 6983 12050 23235 279 17631 5459 13 357 2526 14882 7854 279 9506 13759 13 561 37714 7854 2250 14527 6679 13 561 12433 7854 264 11012 72103 13 357 27786 27491 49992 279 9506 13759 13 357 27786 27491 49992 279 11129 29262 13 561 2235 6522 7854 279 9506 13759 13 6983 12050 11354 2250 14527 6679 13 6056 36600 11693 264 11012 72103 13 357 28282 23235 279 9506 13759 13 561 14367 11354 279 11129 29262 13 6056 36600 7246 2250 14527 6679 13 6056 36600 7246 279 11129 29262 13 561 13159 11693 279 2981 9057 13 561 13159 11354 279 11129 29262 13 561 14367 7854 449 4147 70676 13 357 2526 14882 11693 264 23772 6321 13 357 28282 7246 279 17631 5459 13 357 28282 16384 279 17631 5459 13 561 12433 16384 279 2981 9057 13 357 28282 25624 264 11012 72103 13 561 12433 11354 264 23772 6321 13 561 2235 6522 7854 279 9506 13759 13 357 28282 25624 449 4147 70676 13 561 12433 49992 449 4147 70676 13 561 13159 25624 279 9506 13759 13 6983 12050 7854 2250 14527 6679 13 357 2526 14882 49992 279 9506 13759 13 561 13159 16384 264 11012 72103 13 357 27786 27491 11354 449 4147 70676 13 561 12433 11693 279 2981 9057 13 6056 36600 7854 279 11129 29262 13 357 2526 14882 7246 279 2981 9057 13 561 13159 7246 279 11129 29262 13 6983 12050 25624 279 17631 5459 13 561 13159 25624 279 17631 5459 13 357 27786 27491 49992 279 11129 29262 13 357 27786 27491 49992 264 11012 72103 13 357 28282 25624 279 9506 13759 13 561 12433 11354 279 9506 13759 13 357 2526 14882 7246 449 4147 70676 13 357 28282 11354 279 17631 5459 13 561 2235 6522 11693 264 11012 72103 13 357 28282 11693 264 11012 72103 13 561 2235 6522 16384 279 9506 13759 13 6056 36600 16384 2250 14527 6679 13 357 2526 14882 11354 264 11012 72103 13 561 37714 7854 279 11129 29262 13 357 27786 27491 11354 264 11012 72103 13 357 28282 7854 264 11012 72103 13 357 27786 27491 11693 279 11129 29262 13 6056 36600 16384 279 2981 9057 13 357 27786 27491 7854 279 17631 5459 13 561 12433 49992 264 23772 6321 13 561 12433 16384 264 11012 72103 13 357 28282 49992 264 23772 6321 13 6983 12050 23235 264 11012 72103 13 357 2526 14882 16384 279 11129 29262 13 357 2526 14882 11693 279 9506 13759 13 561 37714 16384 2250 14527 6679 13 561 13159 49992 279 11129 29262 13 357 27786 27491 11693 279 2981 9057 13 561 37714 7246 279 17631 5459 13 357 28282 16384 279 2981 9057 13 357 2526 14882 16384 2250 14527 6679 13 561 13159 49992 279 2981 9057 13 357 28282 16384 264 11012 72103 13 561 2235 6522 49992 279 9506 13759 13 561 14367 11693 279 9506 13759 13 561 13159 7854 2250 14527 6679 13 357 2526 14882 16384 279 9506 13759 13 357 27786 27491 7854 279 9506 13759 13 6983 12050 7854 279 2981 9057 13 561 37714 23235 449 4147 70676 13 561 14367 25624 2250 14527 6679 13 357 28282 7246 264 23772 6321 13 561 12433 49992 449 4147 70676 13 357 2526 14882 16384 264 23772 6321 13 561 2235 6522 7246 279 2981 9057 13 357 28282 7246 2250 14527 6679 13 6056 36600 23235 264 11012 72103 13 561 37714 7246 279 2981 9057 13 561 37714 11693 264 23772 6321 13 561 12433 16384 264 11012 72103 13 561 12433 11693 279 9506 13759 13 561 14367 7854 2250 14527 6679 13 561 13159 49992 279 17631 5459 13 6056 36600 7854 279 17631 5459 13 357 28282 11693 279 9506 13759 13 561 12433 11693 279 17631 5459 13 357 27786 27491 25624 449 4147 70676 13 561 13159 25624 2250 14527 6679 13 6056 36600 16384 2250 14527 6679 13 561 14367 23235 279 17631 5459 13 357 28282 11354 449 4147 70676 13 561 37714 7246 279 9506 13759 13 561 2235 6522 49992 279 11129 29262 13 357 2526 14882 7854 279 2981 9057 13 6983 12050 25624 264 23772 6321 13 357 27786 27491 7854 2250 14527 6679 13 561 12433 23235 279 17631 5459 13 561 37714 23235 264 11012 72103 13 561 14367 23235 279 11129 29262 13 561 12433 16384 279 9506 13759 13 561 37714 49992 449 4147 70676 13 6056 36600 49992 264 23772 6321 13 357 28282 7246 264 11012 72103 13 6983 12050 7246 2250 14527 6679 13 561 2235 6522 11693 449 4147 70676 13 357 2526 14882 11693 264 23772 6321 13 6056 36600 49992 279 17631 5459 13 561 2235 6522 11354 279 2981 9057 13 6056 36600 25624 264 11012 72103 13 6056 36600 11354 279 17631 5459 13 6056 36600 7854 264 11012 72103 13 561 13159 11693 279 2981 9057 13 561 14367 7854 2250 14527 6679 13 357 2526 14882 16384 449 4147 70676 13 561 13159 7854 279 17631 5459 13 561 37714 11354 264 23772 6321 13 561 14367 7854 2250 14527 6679 13 6983 12050 23235 279 17631 5459 13 561 14367 25624 279 17631 5459 13 561 13159 49992 449 4147 70676 13 357 2526 14882 25624 279 9506 13759 13 357 27786 27491 23235 279 17631 5459 13 561 13159 16384 279 9506 13759 13 357 27786 27491 25624 449 4147 70676 13 561 37714 7854 264 11012 72103 13 6056 36600 25624 279 9506 13759 13 357 28282 49992 279 9506 13759 13 561 37714 11354 264 11012 72103 13 357 27786 27491 49992 279 11129 29262 13 561 14367 7854 279 11129 29262 13 561 14367 49992 2250 14527 6679 13 357 2526 14882 49992 279 9506 13759 13 357 28282 16384 279 17631 5459 13 357 2526 14882 16384 2250 14527 6679 13 357 27786 27491 7854 279 17631 5459 13 561 13159 49992 279 2981 9057 13 357 27786 27491 49992 279 11129 29262 13 561 37714 11354 279 11129 29262 13 561 14367 7246 264 23772 6321 13 561 14367 11693 279 17631 5459 13 561 2235 6522 16384 2250 14527 6679 13 561 13159 11693 264 23772 6321 13 357 27786 27491 7246 264 11012 72103 13 6983 12050 49992 279 9506 13759 13 357 2526 14882 7246 449 4147 70676 13 561 2235 6522 16384 264 23772 6321 13 561 14367 16384 449 4147 70676 13 561 14367 25624 279 2981 9057 13 561 14367 7854 264 11012 72103 13 357 2526 14882 23235 264 11012 72103 13 561 2235 6522 7854 279 2981 9057 13 561 12433 11354 264 11012 72103 13 6056 36600 7246 449 4147 70676 13 357 28282 11693 279 2981 9057 13 561 12433 11693 279 17631 5459 13 561 14367 16384 264 11012 72103 13 561 2235 6522 49992 264 23772 6321 13 561 2235 6522 7246 264 23772 6321 13 561 13159 7246 449 4147 70676 13 561 12433 16384 279 2981 9057 13 561 2235 6522 23235 279 2981 9057 13 6983 12050 11354 264 11012 72103 13 6983 12050 16384 279 17631 5459 13 561 12433 23235 264 11012 72103 13 561 12433 49992 279 2981 9057 13 6056 36600 25624 264 11012 72103 13 357 2526 14882 7854 279 2981 9057 13 561 2235 6522 11693 264 11012 72103 13 561 14367 25624 279 9506 13759 13 357 28282 7246 2250 14527 6679 13 6056 36600 11354 279 9506 13759 13 6056 36600 25624 279 17631 5459 13 561 13159 23235 2250 14527 6679 13 6983 12050 7854 264 23772 6321 13 6056 36600 23235 279 2981 9057 13 561 13159 25624 279 11129 29262 13 561 13159 16384 279 11129 29262 13 357 28282 11693 279 9506 13759 13 357 2526 14882 49992 279 11129 29262 13 6983 12050 49992 279 11129 29262 13 561 13159 25624 264 11012 72103 13 6056 36600 25624 449 4147 70676 13 561 13159 16384 449 4147 70676 13 561 12433 7854 264 11012 72103 13 6983 12050 7246 279 9506 13759 13 6983 12050 11354 449 4147 70676 13 561 13159 23235 279 9506 13759 13 357 28282 25624 279 9506 13759 13 561 2235 6522 16384 279 9506 13759 13 561 37714 7246 279 11129 29262 13 357 2526 14882 49992 449 4147 70676 13 561 12433 49992 279 2981 9057 13 561 2235 6522 16384 279 17631 5459 13 561 13159 11354 279 11129 29262 13 561 37714 49992 264 23772 6321 13 6983 12050 7854 279 17631 5459 13 6056 36600 7854 2250 14527 6679 13 357 28282 25624 2250 14527 6679 13 561 12433 7854 2250 14527 6679 13 561 13159 23235 449 4147 70676 13 561 13159 23235 279 9506 13759 13 357 28282 11693 264 11012 72103 13 561 12433 25624 449 4147 70676 13 561 13159 23235 279 9506 13759 13 561 2235 6522 11693 279 9506 13759 13 357 2526 14882 16384 279 9506 13759 13 357 2526 14882 49992 449 4147 70676 13 561 14367 49992 2250 14527 6679 13 561 14367 7246 279 17631 5459 13 357 2526 14882 16384 264 11012 72103 13 6983 12050 11693 449 4147 70676 13 561 12433 49992 279 9506 13759 13 561 37714 25624 279 17631 5459 13 357 28282 7246 2250 14527 6679 13 357 28282 7854 279 2981 9057 13 561 37714 16384 264 23772 6321 13 357 28282 7246 264 23772 6321 13 561 13159 11693 264 11012 72103 13 561 14367 25624 449 4147 70676 13 357 2526 14882 11354 279 9506 13759 13 561 12433 23235 449 4147 70676 13 6983 12050 16384 279 2981 9057 13 6056 36600 7246 279 2981 9057 13 6056 36600 23235 279 2981 9057 13 357 27786 27491 7854 264 11012 72103 13 6983 12050 16384 264 23772 6321 13 561 12433 11693 264 11012 72103 13 561 37714 23235 279 9506 13759 13 6983 12050 23235 279 17631 5459 13 561 14367 49992 279 9506 13759 13 357 2526 14882 16384 449 4147 70676 13 6983 12050 11693 279 11129 29262 13 6983 12050 23235 449 4147 70676 13 357 27786 27491 23235 279 9506 13759 13 357 28282 11354 279 17631 5459 13 357 27786 27491 7854 264 23772 6321 13 6056 36600 11693 279 9506 13759 13 561 37714 11693 449 4147 70676 13 561 14367 49992 2250 14527 6679 13 357 2526 14882 49992 279 17631 5459 13 561 12433 16384 279 2981 9057 13 6056 36600 11693 279 11129 29262 13 561 37714 49992 279 2981 9057 13 6983 12050 16384 279 9506 13759 13 357 2526 14882 11354 264 11012 72103 13 561 12433 23235 2250 14527 6679 13 357 27786 27491 7246 279 2981 9057 13 561 13159 16384 264 11012 72103 13 357 2526 14882 7246 264 11012 72103 13 561 12433 16384 279 9506 13759 13 561 12433 49992 279 11129 29262 13 561 37714 23235 279 11129 29262 13 561 14367 11693 264 23772 6321 13 6983 12050 23235 2250 14527 6679 13 561 13159 16384 264 23772 6321 13 561 14367 16384 279 11129 29262 13 561 14367 16384 279 2981 9057 13 6983 12050 23235 264 11012 72103 13 357 2526 14882 23235 264 11012 72103 13 561 37714 7246 279 9506 13759 13 561 12433 25624 449 4147 70676 13 6056 36600 16384 264 23772 6321 13 561 37714 11354 264 23772 6321 13 561 13159 16384 279 2981 9057 13 6056 36600 49992 264 23772 6321 13 561 2235 6522 11693 279 11129 29262 13 357 27786 27491 25624 2250 14527 6679 13 6983 12050 11693 279 17631 5459 13 6983 12050 11693 279 2981 9057 13 561 37714 49992 264 23772 6321 13 6056 36600 23235 279 17631 5459 13 6983 12050 11693 279 9506 13759 13 561 37714 49992 2250 14527 6679 13 561 14367 23235 279 17631 5459 13 357 28282 16384 264 23772 6321 13 357 28282 49992 279 2981 9057 13 561 37714 7246 264 11012 72103 13 561 37714 7246 279 9506 13759 13 561 2235 6522 16384 2250 14527 6679 13 357 27786 27491 23235 449 4147 70676 13 357 28282 49992 264 23772 6321 13 561 13159 11693 264 23772 6321 13 561 14367 49992 449 4147 70676 13 6983 12050 11693 264 11012 72103 13 6056 36600 11693 264 11012 72103 13 357 2526 14882 7246 264 11012 72103 13 6983 12050 23235 264 23772 6321 13 357 28282 7854 264 11012 72103 13 561 37714 11354 279 11129 29262 13 561 13159 49992 449 4147 70676 13 561 12433 23235 279 11129 29262 13 561 37714 11354 2250 14527 6679 13 6056 36600 7246 264 11012 72103 13 6983 12050 23235 279 9506 13759 13 6983 12050 25624 264 11012 72103 13 561 37714 11354 279 2981 9057 13 561 14367 49992 449 4147 70676 13 357 27786 27491 16384 279 11129 29262 13 561 14367 7854 279 11129 29262 13 561 37714 11354 279 11129 29262 13 561 2235 6522 49992 2250 14527 6679 13 6983 12050 11693 279 2981 9057 13 561 14367 16384 279 2981 9057 13 6056 36600 7854 264 23772 6321 13 561 14367 7854 279 9506 13759 13 561 14367 25624 449 4147 70676 13 357 27786 27491 11354 279 9506 13759 13 561 2235 6522 49992 449 4147 70676 13 561 2235 6522 7246 279 9506 13759 13 561 2235 6522 7854 279 11129 29262 13 561 12433 25624 2250 14527 6679 13 357 28282 49992 264 23772 6321 13 357 27786 27491 25624 279 2981 9057 13 561 37714 11693 279 2981 9057 13 561 14367 25624 264 23772 6321 13 6983 12050 23235 2250 14527 6679 13 357 28282 11354 279 9506 13759 13 561 2235 6522 11354 264 11012 72103 13 6056 36600 49992 2250 14527 6679 13 561 13159 16384 2250 14527 6679 13 561 2235 6522 49992 449 4147 70676 13 561 2235 6522 11354 264 23772 6321 13 561 37714 11693 264 23772 6321 13 357 28282 11693 449 4147 70676 13 357 28282 25624 264 23772 6321 13 561 37714 7246 279 17631 5459 13 561 12433 11354 449 4147 70676 13 357 27786 27491 7854 279 17631 5459 13 561 2235 6522 23235 279 9506 13759 13 561 13159 25624 279 9506 13759 13 6983 12050 23235 279 9506 13759 13 561 2235 6522 7854 279 11129 29262 13 357 2526 14882 16384 264 11012 72103 13 6056 36600 11354 264 23772 6321 13 357 28282 7854 449 4147 70676 13 6056 36600 7246 264 11012 72103 13 357 2526 14882 11354 2250 14527 6679 13 357 27786 27491 11354 279 2981 9057 13 561 14367 16384 449 4147 70676 13 357 2526 14882 11354 2250 14527 6679 13 6983 12050 49992 279 11129 29262 13 6056 36600 49992 279 9506 13759 13 357 28282 11693 279 2981 9057 13 357 2526 14882 25624 264 23772 6321 13 357 27786 27491 49992 279 2981 9057 13 561 14367 7854 2250 14527 6679 13 357 28282 49992 449 4147 70676 13 357 27786 27491 7246 264 11012 72103 13 357 27786 27491 11354 279 9506 13759 13 561 13159 11693 264 11012 72103 13 357 27786 27491 11693 449 4147 70676 13 357 2526 14882 11693 264 23772 6321 13 357 28282 49992 279 2981 9057 13 561 37714 23235 264 11012 72103 13 357 2526 14882 11354 264 11012 72103 13 561 12433 7854 279 2981 9057 13 561 37714 23235 279 17631 5459 13 6056 36600 25624 264 23772 6321 13 561 37714 11693 279 2981 9057 13 561 12433 7246 279 11129 29262 13 561 12433 16384 449 4147 70676 13 561 2235 6522 16384 279 11129 29262 13 6056 36600 11693 279 2981 9057 13 357 27786 27491 11693 449 4147 70676 13 561 2235 6522 11693 264 23772 6321 13 561 2235 6522 7854 279 11129 29262 13 561 13159 49992 279 9506 13759 13 561 2235 6522 23235 279 17631 5459 13 561 13159 16384 279 2981 9057 13 561 37714 23235 2250 14527 6679 13 561 13159 16384 279 2981 9057 13 561 2235 6522 23235 449 4147 70676 13 561 37714 11693 279 2981 9057 13 561 2235 6522 23235 279 11129 29262 13 561 14367 7854 279 2981 9057 13 357 28282 16384 264 11012 72103 13 6983 12050 25624 279 11129 29262 13 561 37714 49992 264 23772 6321 13 357 27786 27491 11693 279 11129 29262 13 561 12433 23235 279 17631 5459 13 357 27786 27491 25624 279 17631 5459 13 561 14367 7246 279 11129 29262 13 561 37714 25624 279 9506 13759 13 6983 12050 11693 449 4147 70676 13 561 37714 23235 449 4147 70676 13 561 14367 16384 279 11129 29262 13 357 28282 7854 264 23772 6321 13 561 37714 16384 264 11012 72103 13 6983 12050 23235 279 11129 29262 13 561 12433 16384 264 11012 72103 13 6983 12050 11354 264 11012 72103 13 357 27786 27491 7854 264 23772 6321 13 357 27786 27491 7246 279 9506 13759 13 357 2526 14882 16384 2250 14527 6679 13 561 2235 6522 16384 279 2981 9057 13 357 27786 27491 25624 279 2981 9057 13 561 14367 11693 264 23772 6321 13 561 37714 49992 279 2981 9057 13 561 37714 7854 449 4147 70676 13 561 2235 6522 11354 264 23772 6321 13 357 28282 11354 264 23772 6321 13 561 2235 6522 11354 279 17631 5459 13 561 2235 6522 7246 279 11129 29262 13 561 12433 25624 279 2981 9057 13 561 13159 7246 279 11129 29262 13 357 2526 14882 7246 279 2981 9057 13 6056 36600 7246 449 4147 70676 13 561 13159 7246 279 2981 9057 13 561 12433 7854 279 2981 9057 13 561 37714 23235 2250 14527 6679 13 561 13159 23235 264 11012 72103 13 561 37714 23235 449 4147 70676 13 357 28282 25624 279 11129 29262 13 357 27786 27491 25624 279 2981 9057 13 357 2526 14882 23235 279 9506 13759 13 561 14367 25624 264 11012 72103 13 561 2235 6522 7854 279 11129 29262 13 357 2526 14882 11354 279 2981 9057 13 561 12433 25624 264 23772 6321 13 357 2526 14882 23235 279 2981 9057 13 6056 36600 49992 279 17631 5459 13 357 2526 14882 16384 264 23772 6321 13 561 37714 25624 264 23772 6321 13 561 14367 23235 279 9506 13759 13 357 2526 14882 23235 449 4147 70676 13 561 12433 7246 264 11012 72103 13 561 12433 25624 2250 14527 6679 13 561 13159 11354 279 17631 5459 13 561 37714 16384 279 2981 9057 13 561 13159 25624 279 2981 9057 13 6983 12050 25624 279 2981 9057 13 6056 36600 11354 2250 14527 6679 13 561 14367 11693 279 17631 5459 13 6983 12050 7246 279 9506 13759 13 561 37714 7246 279 2981 9057 13 561 37714 7854 449 4147 70676 13 561 12433 11354 2250 14527 6679 13 357 2526 14882 16384 449 4147 70676 13 561 14367 23235 279 9506 13759 13 561 2235 6522 49992 279 2981 9057 13 357 27786 27491 23235 279 17631 5459 13 6056 36600 7246 279 17631 5459 13 357 2526 14882 49992 279 9506 13759 13 357 2526 14882 11354 449 4147 70676 13 561 14367 25624 449 4147 70676 13 357 28282 25624 279 9506 13759 13 357 2526 14882 11693 279 11129 29262 13 6056 36600 25624 449 4147 70676 13 561 37714 49992 279 11129 29262 13 561 37714 23235 449 4147 70676 13 6983 12050 7854 264 11012 72103 13 561 13159 25624 264 23772 6321 13 561 2235 6522 7854 2250 14527 6679 13 6983 12050 11693 2250 14527 6679 13 6983 12050 23235 279 17631 5459 13 561 13159 16384 279 11129 29262 13 561 14367 11354 279 9506 13759 13 561 12433 7854 279 11129 29262 13 357 27786 27491 7246 449 4147 70676 13 6056 36600 49992 279 11129 29262 13 561 13159 11354 264 11012 72103 13 6056 36600 23235 279 2981 9057 13 561 37714 11354 449 4147 70676 13 561 2235 6522 11693 279 11129 29262 13 357 2526 14882 25624 264 23772 6321 13 561 14367 23235 264 23772 6321 13 561 13159 25624 264 23772 6321 13 357 2526 14882 23235 279 11129 29262 13 561 2235 6522 7246 279 17631 5459 13 357 27786 27491 25624 449 4147 70676 13 561 37714 23235 2250 14527 6679 13 561 37714 25624 279 17631 5459 13 357 2526 14882 11693 279 9506 13759 13 561 37714 16384 264 23772 6321 13 561 12433 11354 264 11012 72103 13 561 37714 16384 264 23772 6321 13 357 28282 7854 279 11129 29262 13 561 14367 23235 279 9506 13759 13 561 14367 16384 279 11129 29262 13 561 14367 23235 279 17631 5459 13 357 27786 27491 11354 2250 14527 6679 13 561 37714 49992 264 11012 72103 13 357 27786 27491 23235 264 11012 72103 13 561 37714 16384 264 23772 6321 13 357 28282 7246 264 11012 72103 13 6056 36600 49992 2250 14527 6679 13 561 2235 6522 16384 264 23772 6321 13 6056 36600 16384 279 9506 13759 13 357 27786 27491 11693 264 11012 72103 13 561 14367 11354 279 2981 9057 13 6056 36600 23235 279 2981 9057 13 561 13159 7854 279 11129 29262 13 561 13159 11693 279 17631 5459 13 357 28282 7246 279 2981 9057 13 561 12433 49992 279 2981 9057 13 561 14367 11354 264 23772 6321 13 357 2526 14882 11354 279 17631 5459 13 561 13159 16384 2250 14527 6679 13 6983 12050 25624 449 4147 70676 13 6983 12050 25624 2250 14527 6679 13 357 28282 11693 2250 14527 6679 13 357 28282 49992 264 11012 72103 13 357 2526 14882 7854 264 23772 6321 13 6056 36600 7246 279 9506 13759 13 6056 36600 7246 264 23772 6321 13 561 13159 49992 279 2981 9057 13 561 37714 25624 264 11012 72103 13 6056 36600 49992 264 11012 72103 13 357 28282 11693 264 23772 6321 13 561 2235 6522 25624 279 9506 13759 13 6056 36600 49992 279 9506 13759 13 561 2235 6522 7854 449 4147 70676 13 561 2235 6522 49992 279 11129 29262 13 561 37714 25624 279 2981 9057 13 357 2526 14882 23235 2250 14527 6679 13 357 27786 27491 11693 2250 14527 6679 13 6056 36600 7854 449 4147 70676 13 561 13159 7246 2250 14527 6679 13 6983 12050 23235 264 23772 6321 13 357 28282 25624 279 11129 29262 13 357 28282 49992 279 2981 9057 13 6056 36600 49992 279 17631 5459 13 561 13159 25624 279 17631 5459 13 561 37714 7854 2250 14527 6679 13 561 14367 7246 2250 14527 6679 13 357 2526 14882 7854 264 23772 6321 13 6983 12050 23235 2250 14527 6679 13 561 37714 16384 2250 14527 6679 13 561 14367 11693 264 23772 6321 13 561 37714 11354 279 17631 5459 13 561 12433 11354 264 11012 72103 13 561 14367 7854 279 9506 13759 13 6056 36600 23235 279 17631 5459 13 357 27786 27491 49992 279 2981 9057 13 357 27786 27491 11354 279 2981 9057 13 6056 36600 23235 279 11129 29262 13 561 37714 49992 279 17631 5459 13 561 12433 23235 264 23772 6321 13 561 14367 25624 264 11012 72103 13 6056 36600 11354 279 9506 13759 13 357 28282 49992 264 11012 72103 13 357 28282 16384 279 17631 5459 13 561 13159 25624 2250 14527 6679 13 561 13159 11693 264 11012 72103 13 357 2526 14882 11354 279 9506 13759 13 357 27786 27491 7246 279 17631 5459 13 357 28282 7246 2250 14527 6679 13 6983 12050 7246 264 23772 6321 13 357 2526 14882 7854 279 17631 5459 13 357 2526 14882 7854 279 2981 9057 13 561 37714 49992 2250 14527 6679 13 561 12433 11354 2250 14527 6679 13 357 2526 14882 7854 2250 14527 6679 13 6056 36600 11693 279 11129 29262 13 561 14367 23235 279 9506 13759 13 357 27786 27491 11693 279 9506 13759 13 357 27786 27491 7854 264 11012 72103 13 357 28282 25624 264 11012 72103 13 561 12433 25624 449 4147 70676 13 561 14367 25624 279 17631 5459 13 6983 12050 11354 279 2981 9057 13 357 27786 27491 11693 279 9506 13759 13 561 13159 11693 279 11129 29262 13 357 2526 14882 7246 264 23772 6321 13 6056 36600 7246 449 4147 70676 13 561 12433 49992 279 17631 5459 13 561 12433 11693 2250 14527 6679 13 6056 36600 16384 264 23772 6321 13 561 14367 7246 264 11012 72103 13 357 28282 11693 279 2981 9057 13 561 14367 7246 449 4147 70676 13 561 2235 6522 11354 279 11129 29262 13 357 2526 14882 7854 2250 14527 6679 13 6056 36600 11354 279 11129 29262 13 6983 12050 23235 279 2981 9057 13 561 13159 16384 264 23772 6321 13 357 2526 14882 23235 279 2981 9057 13 561 14367 16384 449 4147 70676 13 561 14367 11693 264 11012 72103 13 6056 36600 49992 2250 14527 6679 13 6056 36600 7246 264 11012 72103 13 561 37714 49992 264 11012 72103 13 561 14367 23235 279 2981 9057 13 357 27786 27491 11693 279 9506 13759 13 561 37714 25624 279 17631 5459 13 6983 12050 16384 264 11012 72103 13 357 28282 7246 449 4147 70676 13 357 2526 14882 25624 2250 14527 6679 13 357 27786 27491 7854 279 11129 29262 13 6983 12050 16384 279 9506 13759 13 357 27786 27491 25624 279 9506 13759 13 6983 12050 16384 279 9506 13759 13 561 13159 25624 279 9506 13759 13 561 37714 7246 279 2981 9057 13 561 2235 6522 16384 279 2981 9057 13 561 2235 6522 11693 449 4147 70676 13 561 37714 7246 2250 14527 6679 13 6983 12050 7246 279 2981 9057 13 561 13159 25624 449 4147 70676 13 357 2526 14882 23235 264 11012 72103 13 6983 12050 25624 279 17631 5459 13 561 14367 25624 264 11012 72103 13 357 28282 23235 2250 14527 6679 13 357 27786 27491 7854 264 23772 6321 13 357 2526 14882 7854 279 9506 13759 13 561 37714 7246 279 17631 5459 13 561 12433 11693 2250 14527 6679 13 561 2235 6522 7854 449 4147 70676 13 6983 12050 7854 449 4147 70676 13 6983 12050 25624 449 4147 70676 13 561 13159 7854 279 11129 29262 13 561 12433 7854 279 11129 29262 13 6056 36600 11354 449 4147 70676 13 6056 36600 23235 279 17631 5459 13 6056 36600 7246 279 11129 29262 13 561 12433 25624 449 4147 70676 13 6056 36600 25624 264 11012 72103 13 561 2235 6522 49992 449 4147 70676 13 357 2526 14882 49992 279 11129 29262 13 561 37714 23235 279 9506 13759 13 357 27786 27491 7246 449 4147 70676 13 561 14367 25624 264 23772 6321 13 561 12433 7246 264 23772 6321 13 357 2526 14882 23235 279 9506 13759 13 6056 36600 11354 279 2981 9057 13 561 2235 6522 11693 264 23772 6321 13 6983 12050 7854 264 23772 6321 13 561 13159 7246 449 4147 70676 13 357 27786 27491 11354 2250 14527 6679 13 357 2526 14882 11354 279 2981 9057 13 561 37714 25624 279 11129 29262 13 357 2526 14882 7854 449 4147 70676 13 561 12433 7854 264 23772 6321 13 6983 12050 16384 2250 14527 6679 13 6983 12050 49992 279 11129 29262 13 561 2235 6522 49992 264 11012 72103 13 6983 12050 49992 264 11012 72103 13 561 13159 16384 264 11012 72103 13 357 28282 25624 264 23772 6321 13 6056 36600 11693 449 4147 70676 13 357 28282 49992 264 23772 6321 13 561 12433 7246 449 4147 70676 13 561 2235 6522 11354 279 2981 9057 13 6983 12050 49992 279 2981 9057 13 6983 12050 49992 279 11129 29262 13 6056 36600 11354 264 11012 72103 13 561 13159 16384 2250 14527 6679 13 561 37714 16384 264 11012 72103 13 561 12433 11354 279 11129 29262 13 561 2235 6522 11693 279 2981 9057 13 357 27786 27491 49992 279 2981 9057 13 6056 36600 11354 279 2981 9057 13 6983 12050 23235 279 11129 29262 13 561 12433 11354 264 23772 6321 13 6056 36600 25624 2250 14527 6679 13 561 13159 16384 449 4147 70676 13 561 2235 6522 16384 264 11012 72103 13 561 2235 6522 11693 2250 14527 6679 13 6056 36600 7246 264 11012 72103 13 357 2526 14882 49992 264 23772 6321 13 561 37714 7854 279 2981 9057 13 561 2235 6522 7246 279 11129 29262 13 561 13159 11354 449 4147 70676 13 357 28282 25624 264 11012 72103 13 561 13159 7246 2250 14527 6679 13 357 28282 11693 2250 14527 6679 13 561 14367 23235 264 11012 72103 13 357 28282 7854 264 23772 6321 13 357 28282 11354 279 2981 9057 13 561 37714 25624 449 4147 70676 13 357 27786 27491 49992 264 23772 6321 13 357 28282 23235 264 11012 72103 13 357 28282 7854 264 11012 72103 13 357 2526 14882 11354 2250 14527 6679 13 561 12433 11354 264 23772 6321 13 357 2526 14882 25624 449 4147 70676 13 6983 12050 49992 264 11012 72103 13 6983 12050 11693 279 2981 9057 13 561 14367 7246 279 17631 5459 13 561 14367 25624 279 2981 9057 13 561 12433 16384 2250 14527 6679 13 357 28282 25624 264 23772 6321 13 6983 12050 11354 279 2981 9057 13 357 27786 27491 11693 279 9506 13759 13 561 37714 11354 264 11012 72103 13 357 28282 11693 279 2981 9057 13 561 14367 25624 264 11012 72103 13 561 12433 16384 279 9506 13759 13 561 37714 7854 264 23772 6321 13 6056 36600 11354 2250 14527 6679 13 357 28282 49992 279 17631 5459 13 357 2526 14882 7854 449 4147 70676 13 357 27786 27491 7854 279 9506 13759 13 561 2235 6522 11354 264 23772 6321 13 357 27786 27491 49992 279 17631 5459 13 561 2235 6522 11354 279 11129 29262 13 357 2526 14882 49992 449 4147 70676 13 357 28282 16384 264 11012 72103 13 561 12433 7246 279 17631 5459 13 561 37714 11693 279 9506 13759 13 6056 36600 11693 264 23772 6321 13 357 2526 14882 16384 279 2981 9057 13 561 12433 23235 2250 14527 6679 13 561 12433 25624 279 17631 5459 13 561 14367 16384 264 23772 6321 13 357 27786 27491 49992 279 11129 29262 13 561 12433 7246 279 9506 13759 13 357 2526 14882 11693 264 11012 72103 13 6056 36600 25624 264 11012 72103 13 6983 12050 16384 279 17631 5459 13 561 12433 49992 449 4147 70676 13 561 37714 7854 449 4147 70676 13 561 14367 23235 279 11129 29262 13 561 14367 49992 279 17631 5459 13 6056 36600 7854 279 17631 5459 13 357 2526 14882 23235 2250 14527 6679 13 357 28282 11354 449 4147 70676 13 357 2526 14882 11693 279 2981 9057 13 357 28282 7854 279 17631 5459 13 357 2526 14882 7854 264 11012 72103 13 357 27786 27491 11354 279 17631 5459 13 561 13159 49992 279 17631 5459 13 357 27786 27491 7246 279 17631 5459 13 357 2526 14882 25624 264 11012 72103 13 561 37714 7246 2250 14527 6679 13 357 28282 16384 449 4147 70676 13 561 13159 23235 279 2981 9057 13 561 2235 6522 23235 279 17631 5459 13 357 28282 25624 449 4147 70676 13 357 28282 23235 279 2981 9057 13 357 2526 14882 7246 449 4147 70676 13 561 14367 11693 279 2981 9057 13 357 28282 25624 279 9506 13759 13 357 2526 14882 49992 264 11012 72103 13 357 2526 14882 7246 279 2981 9057 13 6056 36600 23235 279 11129 29262 13 561 12433 11693 449 4147 70676 13 357 27786 27491 16384 279 9506 13759 13 561 12433 11693 279 2981 9057 13 561 2235 6522 16384 449 4147 70676 13 357 2526 14882 7854 264 11012 72103 13 561 12433 49992 279 17631 5459 13 561 12433 16384 264 11012 72103 13 357 28282 25624 449 4147 70676 13 561 2235 6522 23235 279 17631 5459 13 357 27786 27491 7854 449 4147 70676 13 6983 12050 7246 264 11012 72103 13 6056 36600 7246 279 11129 29262 13 561 12433 25624 449 4147 70676 13 6056 36600 7246 279 9506 13759 13 561 37714 11354 264 23772 6321 13 561 13159 11354 279 11129 29262 13 561 37714 25624 264 23772 6321 13 561 2235 6522 49992 2250 14527 6679 13 561 12433 49992 264 11012 72103 13 561 2235 6522 16384 279 11129 29262 13 561 37714 11693 279 11129 29262 13 561 14367 7854 264 23772 6321 13 357 2526 14882 25624 279 11129 29262 13 6056 36600 7854 449 4147 70676 13 357 28282 11354 264 23772 6321 13 357 28282 7246 279 17631 5459 13 6056 36600 16384 2250 14527 6679 13 561 14367 23235 279 17631 5459 13 357 27786 27491 23235 279 11129 29262 13 357 27786 27491 11693 264 11012 72103 13 357 28282 23235 279 11129 29262 13 357 28282 25624 449 4147 70676 13 6983 12050 23235 279 11129 29262 13 561 14367 11693 264 11012 72103 13 6983 12050 7854 279 9506 13759 13 561 12433 23235 264 23772 6321 13 561 37714 23235 2250 14527 6679 13 561 14367 25624 449 4147 70676 13 357 28282 11693 264 23772 6321 13 561 37714 49992 279 17631 5459 13 6983 12050 11693 279 17631 5459 13 357 2526 14882 7246 279 2981 9057 13 357 2526 14882 7246 264 23772 6321 13 6983 12050 49992 279 2981 9057 13 357 2526 14882 25624 264 23772 6321 13 6056 36600 11693 279 11129 29262 13 6056 36600 11354 279 17631 5459 13 561 14367 49992 264 23772 6321 13 357 28282 7246 264 23772 6321 13 561 13159 23235 264 11012 72103 13 561 37714 11693 449 4147 70676 13 561 37714 49992 279 11129 29262 13 561 37714 49992 279 2981 9057 13 6983 12050 7246 264 11012 72103 13 561 13159 7854 279 17631 5459 13 561 14367 7854 279 2981 9057 13 561 14367 7246 279 11129 29262 13 561 37714 7854 264 11012 72103 13 6056 36600 7854 279 9506 13759 13 357 2526 14882 7854 279 11129 29262 13 561 14367 11693 279 2981 9057 13 561 37714 23235 2250 14527 6679 13 357 2526 14882 11354 264 23772 6321 13 357 2526 14882 7246 279 11129 29262 13 561 13159 11693 264 23772 6321 13 561 37714 25624 279 11129 29262 13 6056 36600 7854 264 23772 6321 13 561 12433 11693 449 4147 70676 13 357 27786 27491 23235 279 9506 13759 13 561 13159 25624 279 11129 29262 13 357 28282 49992 279 2981 9057 13 357 2526 14882 7246 279 2981 9057 13 357 2526 14882 11693 2250 14527 6679 13 6983 12050 7246 449 4147 70676 13 561 2235 6522 16384 264 11012 72103 13 357 28282 49992 279 9506 13759 13 357 27786 27491 49992 264 11012 72103 13 357 2526 14882 49992 264 23772 6321 13 357 28282 25624 264 11012 72103 13 561 13159 25624 264 23772 6321 13 561 12433 23235 279 11129 29262 13 561 14367 11693 279 2981 9057 13 357 28282 11693 264 23772 6321 13 6056 36600 7246 279 9506 13759 13 561 14367 7246 2250 14527 6679 13 357 2526 14882 16384 279 11129 29262 13 357 27786 27491 23235 279 9506 13759 13 561 2235 6522 7854 279 2981 9057 13 561 37714 49992 279 11129 29262 13 6983 12050 25624 279 11129 29262 13 561 13159 16384 279 11129 29262 13 561 14367 25624 2250 14527 6679 13 561 2235 6522 23235 279 17631 5459 13 357 28282 7246 449 4147 70676 13 561 37714 11693 279 9506 13759 13 561 2235 6522 16384 2250 14527 6679 13 561 14367 11693 2250 14527 6679 13 561 2235 6522 11354 264 11012 72103 13 561 37714 49992 264 23772 6321 13 357 28282 49992 264 23772 6321 13 561 13159 11354 279 9506 13759 13 561 37714 11354 279 9506 13759 13 357 27786 27491 23235 279 17631 5459 13 561 12433 7246 279 9506 13759 13 357 27786 27491 11354 2250 14527 6679 13 561 37714 11354 279 2981 9057 13 561 2235 6522 11354 279 9506 13759 13 561 14367 7246 2250 14527 6679 13 357 27786 27491 25624 279 9506 13759 13 561 37714 7246 279 17631 5459 13 561 13159 49992 279 17631 5459 13 6983 12050 49992 264 11012 72103 13 6983 12050 25624 279 9506 13759 13 357 28282 49992 2250 14527 6679 13 561 14367 49992 279 2981 9057 13 561 13159 49992 264 11012 72103 13 561 13159 16384 449 4147 70676 13 561 14367 7854 264 23772 6321 13 561 37714 11693 279 11129 29262 13 6056 36600 11354 264 11012 72103 13 561 2235 6522 23235 279 17631 5459 13 6056 36600 49992 279 9506 13759 13 561 12433 7854 2250 14527 6679 13 561 14367 11354 2250 14527 6679 13 6056 36600 25624 279 2981 9057 13 357 28282 11354 2250 14527 6679 13 357 28282 7246 264 23772 6321 13 561 13159 11354 264 23772 6321 13 561 37714 25624 279 9506 13759 13 6056 36600 7246 279 9506 13759 13 561 2235 6522 25624 449 4147 70676 13 357 28282 49992 264 23772 6321 13 357 2526 14882 25624 264 11012 72103 13 561 37714 7246 264 23772 6321 13 6056 36600 11693 449 4147 70676 13 561 2235 6522 49992 279 2981 9057 13 6983 12050 23235 2250 14527 6679 13 6056 36600 7854 279 11129 29262 13 6056 36600 7854 279 17631 5459 13 561 13159 7854 2250 14527 6679 13 6056 36600 7854 449 4147 70676 13 357 2526 14882 49992 279 17631 5459 13 6983 12050 23235 279 11129 29262 13 561 37714 16384 279 2981 9057 13 6983 12050 25624 264 11012 72103 13 6983 12050 23235 279 2981 9057 13 357 28282 7246 279 17631 5459 13 561 12433 23235 279 2981 9057 13 561 12433 11693 449 4147 70676 13 561 37714 11693 264 11012 72103 13 357 28282 11354 264 11012 72103 13 561 37714 49992 279 11129 29262 13 561 37714 7246 279 2981 9057 13 561 13159 7246 264 11012 72103 13 561 2235 6522 25624 279 9506 13759 13 561 14367 16384 449 4147 70676 13 561 37714 11354 279 11129 29262 13 357 28282 7854 279 11129 29262 13 6056 36600 25624 279 2981 9057 13 561 2235 6522 49992 279 2981 9057 13 561 14367 23235 264 23772 6321 13 561 37714 11354 279 2981 9057 13 6983 12050 25624 279 17631 5459 13 561 14367 7246 2250 14527 6679 13 561 12433 11354 264 11012 72103 13 6983 12050 23235 264 23772 6321 13 357 28282 49992 279 2981 9057 13 357 2526 14882 49992 264 11012 72103 13 6056 36600 25624 279 2981 9057 13 6056 36600 25624 2250 14527 6679 13 357 27786 27491 7246 279 2981 9057 13 6983 12050 23235 264 11012 72103 13 6983 12050 11693 264 23772 6321 13 357 27786 27491 11354 264 23772 6321 13 357 28282 23235 264 23772 6321 13 357 28282 23235 279 11129 29262 13 561 37714 23235 2250 14527 6679 13 561 13159 16384 279 2981 9057 13 6983 12050 16384 279 17631 5459 13 561 2235 6522 16384 264 11012 72103 13 357 2526 14882 11354 449 4147 70676 13 561 37714 49992 264 11012 72103 13 561 37714 7246 279 11129 29262 13 357 27786 27491 16384 449 4147 70676 13 6983 12050 7246 2250 14527 6679 13 6056 36600 23235 279 17631 5459 13 561 12433 16384 279 17631 5459 13 357 28282 49992 449 4147 70676 13 561 12433 49992 264 11012 72103 13 561 2235 6522 49992 279 2981 9057 13 561 12433 16384 264 11012 72103 13 561 13159 11354 264 11012 72103 13 561 12433 11693 279 17631 5459 13 561 37714 11693 449 4147 70676 13 561 13159 23235 279 2981 9057 13 561 37714 7854 449 4147 70676 13 561 37714 11693 279 11129 29262 13 6056 36600 7246 264 23772 6321 13 561 12433 25624 279 2981 9057 13 561 37714 11354 449 4147 70676 13 561 12433 7854 2250 14527 6679 13 357 2526 14882 49992 279 17631 5459 13 357 28282 16384 279 11129 29262 13 6056 36600 7246 279 17631 5459 13 561 12433 7854 279 2981 9057 13 561 12433 7854 264 23772 6321 13 561 37714 49992 264 23772 6321 13 561 14367 25624 264 11012 72103 13 561 14367 16384 279 9506 13759 13 357 28282 25624 2250 14527 6679 13 561 37714 11693 264 23772 6321 13 561 37714 25624 279 17631 5459 13 357 28282 11693 264 23772 6321 13 6983 12050 7246 264 23772 6321 13 6056 36600 7246 279 2981 9057 13 357 28282 11693 449 4147 70676 13 357 28282 11354 279 17631 5459 13 357 28282 49992 279 2981 9057 13 561 12433 7246 264 23772 6321 13 357 2526 14882 11354 279 9506 13759 13 561 37714 16384 279 11129 29262 13 561 12433 7854 264 23772 6321 13 357 28282 7246 264 11012 72103 13 561 12433 23235 264 23772 6321 13 357 28282 25624 449 4147 70676 13 561 12433 7854 264 23772 6321 13 6056 36600 7246 449 4147 70676 13 561 12433 16384 279 11129 29262 13 561 2235 6522 25624 279 17631 5459 13 6983 12050 7246 264 23772 6321 13 561 14367 23235 279 11129 29262 13 561 12433 49992 264 11012 72103 13 6983 12050 11693 279 17631 5459 13 357 27786 27491 16384 449 4147 70676 13 357 27786 27491 7246 264 11012 72103 13 561 37714 23235 264 11012 72103 13 561 2235 6522 25624 264 11012 72103 13 357 27786 27491 11354 449 4147 70676 13 6983 12050 16384 264 11012 72103 13 561 13159 25624 449 4147 70676 13 561 14367 25624 264 23772 6321 13 6983 12050 7246 279 17631 5459 13 357 27786 27491 25624 279 9506 13759 13 561 2235 6522 16384 449 4147 70676 13 6983 12050 7854 449 4147 70676 13 6983 12050 7854 279 2981 9057 13 561 14367 23235 2250 14527 6679 13 357 27786 27491 49992 279 11129 29262 13 561 12433 11693 2250 14527 6679 13 6056 36600 11354 279 9506 13759 13 561 37714 7246 2250 14527 6679 13 561 37714 11354 449 4147 70676 13 561 37714 49992 279 17631 5459 13 561 37714 11354 279 17631 5459 13 561 13159 25624 279 11129 29262 13 561 13159 23235 279 11129 29262 13 357 2526 14882 11693 449 4147 70676 13 561 12433 49992 2250 14527 6679 13 561 12433 23235 264 23772 6321 13 561 2235 6522 16384 279 9506 13759 13 561 37714 25624 264 23772 6321 13 561 2235 6522 49992 279 9506 13759 13 6056 36600 23235 264 23772 6321 13 6056 36600 7854 279 9506 13759 13 561 37714 23235 279 2981 9057 13 357 2526 14882 7246 279 17631 5459 13 561 14367 11693 264 23772 6321 13 357 2526 14882 7246 449 4147 70676 13 6056 36600 7246 279 9506 13759 13 6983 12050 11693 264 23772 6321 13 561 14367 23235 279 11129 29262 13 561 14367 11693 279 11129 29262 13 561 12433 11693 279 9506 13759 13 561 2235 6522 11354 279 17631 5459 13 561 37714 11693 279 17631 5459 13 357 28282 16384 279 9506 13759 13 561 2235 6522 25624 2250 14527 6679 13 561 2235 6522 7246 2250 14527 6679 13 6983 12050 25624 279 17631 5459 13 561 37714 25624 2250 14527 6679 13 6983 12050 7246 279 17631 5459 13 357 28282 16384 279 2981 9057 13 357 28282 7246 279 2981 9057 13 357 28282 7854 279 11129 29262 13 357 28282 11354 279 11129 29262 13 357 2526 14882 11354 279 17631 5459 13 357 28282 7246 2250 14527 6679 13 561 13159 16384 2250 14527 6679 13 357 28282 7246 279 2981 9057 13 561 14367 49992 279 11129 29262 13 561 2235 6522 11354 2250 14527 6679 13 561 12433 11354 449 4147 70676 13 357 2526 14882 49992 279 17631 5459 13 561 2235 6522 23235 279 2981 9057 13 561 13159 49992 449 4147 70676 13 561 14367 11693 449 4147 70676 13 561 13159 11693 264 23772 6321 13 561 13159 11354 2250 14527 6679 13 561 12433 11693 449 4147 70676 13 6983 12050 7246 264 11012 72103 13 561 37714 11693 264 11012 72103 13 561 13159 49992 279 2981 9057 13 357 27786 27491 49992 264 11012 72103 13 357 2526 14882 25624 279 17631 5459 13 357 27786 27491 7246 279 9506 13759 13 561 12433 7246 279 2981 9057 13 561 2235 6522 7246 2250 14527 6679 13 357 28282 16384 279 11129 29262 13 6056 36600 16384 279 9506 13759 13 357 28282 16384 279 17631 5459 13 561 14367 23235 264 11012 72103 13 561 12433 7854 264 11012 72103 13 357 28282 25624 264 23772 6321 13 561 37714 11693 279 2981 9057 13 561 2235 6522 11693 279 9506 13759 13 561 2235 6522 23235 279 2981 9057 13 561 13159 7854 279 17631 5459 13 357 28282 7854 279 17631 5459 13 561 14367 25624 279 2981 9057 13 561 2235 6522 25624 279 11129 29262 13 357 27786 27491 23235 2250 14527 6679 13 561 14367 25624 2250 14527 6679 13 6983 12050 7854 279 17631 5459 13 357 28282 49992 264 23772 6321 13 561 14367 7246 264 11012 72103 13 357 28282 11354 279 9506 13759 13 357 28282 11693 264 23772 6321 13 561 12433 11354 449 4147 70676 13 561 12433 7854 279 11129 29262 13 561 37714 7854 279 17631 5459 13 357 27786 27491 7854 264 11012 72103 13 561 13159 7246 264 11012 72103 13 561 13159 16384 279 9506 13759 13 561 14367 7854 279 17631 5459 13 6983 12050 11693 2250 14527 6679 13 561 14367 11693 279 2981 9057 13 561 12433 23235 264 11012 72103 13 561 14367 25624 264 11012 72103 13 357 2526 14882 25624 449 4147 70676 13 561 14367 11354 2250 14527 6679 13 357 2526 14882 23235 279 2981 9057 13 561 14367 25624 279 17631 5459 13 561 37714 7854 279 9506 13759 13 561 2235 6522 23235 2250 14527 6679 13 561 12433 7246 264 23772 6321 13 6056 36600 7854 449 4147 70676 13 357 27786 27491 25624 2250 14527 6679 13 357 28282 16384 279 2981 9057 13 6056 36600 23235 449 4147 70676 13 357 27786 27491 49992 449 4147 70676 13 6983 12050 11354 279 11129 29262 13 6983 12050 11354 279 9506 13759 13 357 2526 14882 16384 279 9506 13759 13 561 37714 7246 264 23772 6321 13 561 13159 7246 264 23772 6321 13 6983 12050 49992 264 23772 6321 13 561 13159 23235 279 17631 5459 13 561 37714 11693 279 2981 9057 13 357 27786 27491 49992 279 17631 5459 13 357 28282 7246 279 9506 13759 13 561 2235 6522 7854 264 23772 6321 13 561 14367 16384 2250 14527 6679 13 357 27786 27491 11693 2250 14527 6679 13 357 2526 14882 11354 264 11012 72103 13 6056 36600 7854 264 23772 6321 13 561 14367 23235 279 9506 13759 13 561 37714 49992 264 23772 6321 13 6983 12050 23235 279 2981 9057 13 6983 12050 23235 449 4147 70676 13 357 2526 14882 49992 264 11012 72103 13 561 13159 11693 279 17631 5459 13 6056 36600 25624 449 4147 70676 13 357 27786 27491 7854 449 4147 70676 13 357 28282 25624 264 23772 6321 13 561 37714 7246 279 17631 5459 13 561 13159 11693 279 11129 29262 13 6056 36600 23235 279 2981 9057 13 561 2235 6522 16384 264 23772 6321 13 357 2526 14882 23235 279 17631 5459 13 6983 12050 25624 279 11129 29262 13 357 2526 14882 25624 2250 14527 6679 13 357 27786 27491 11693 279 17631 5459 13 6056 36600 7854 2250 14527 6679 13 561 2235 6522 25624 449 4147 70676 13 6983 12050 7854 279 2981 9057 13 357 28282 16384 279 2981 9057 13 357 28282 49992 279 17631 5459 13 561 2235 6522 49992 2250 14527 6679 13 561 12433 11693 279 11129 29262 13 6056 36600 11693 279 17631 5459 13 357 2526 14882 11354 279 17631 5459 13 6056 36600 25624 279 2981 9057 13 357 27786 27491 7246 279 9506 13759 13 561 14367 11354 279 11129 29262 13 6983 12050 49992 264 23772 6321 13 357 2526 14882 25624 279 11129 29262 13 357 2526 14882 25624 279 17631 5459 13 561 37714 11693 279 17631 5459 13 357 27786 27491 23235 2250 14527 6679 13 561 2235 6522 25624 279 11129 29262 13 6056 36600 49992 264 11012 72103 13 561 14367 25624 279 11129 29262 13 6056 36600 16384 264 23772 6321 13 357 2526 14882 7854 279 11129 29262 13 6056 36600 7854 2250 14527 6679 13 357 2526 14882 23235 279 17631 5459 13 561 13159 16384 2250 14527 6679 13 6983 12050 11354 279 2981 9057 13 561 12433 7246 264 23772 6321 13 6056 36600 25624 264 23772 6321 13 561 2235 6522 49992 279 2981 9057 13 561 13159 16384 279 9506 13759 13 561 37714 7246 279 11129 29262 13 357 28282 11354 264 11012 72103 13 561 13159 49992 279 17631 5459 13 561 2235 6522 7246 279 17631 5459 13 6983 12050 16384 279 2981 9057 13 6983 12050 49992 279 17631 5459 13 6056 36600 11354 449 4147 70676 13 357 27786 27491 25624 279 9506 13759 13 561 37714 23235 2250 14527 6679 13 561 2235 6522 7854 264 11012 72103 13 561 2235 6522 25624 264 23772 6321 13 561 12433 7854 279 9506 13759 13 561 14367 11693 279 17631 5459 13 357 2526 14882 11354 264 23772 6321 13 357 27786 27491 23235 279 9506 13759 13 561 12433 11354 264 23772 6321 13 561 2235 6522 49992 279 9506 13759 13 561 12433 16384 279 9506 13759 13 561 13159 49992 279 2981 9057 13 357 2526 14882 11693 264 11012 72103 13 561 2235 6522 7854 279 17631 5459 13 561 12433 7854 264 11012 72103 13 561 12433 11693 449 4147 70676 13 357 2526 14882 11354 264 11012 72103 13 6983 12050 23235 279 2981 9057 13 561 2235 6522 11693 449 4147 70676 13 561 2235 6522 16384 264 23772 6321 13 357 2526 14882 7246 279 11129 29262 13 357 27786 27491 25624 279 9506 13759 13 6056 36600 16384 279 9506 13759 13 357 2526 14882 11354 2250 14527 6679 13 6056 36600 11354 449 4147 70676 13 561 2235 6522 49992 449 4147 70676 13 6056 36600 23235 264 11012 72103 13 6983 12050 49992 2250 14527 6679 13 357 2526 14882 11354 279 11129 29262 13 561 12433 7854 279 11129 29262 13 6056 36600 16384 264 11012 72103 13 357 27786 27491 11354 264 23772 6321 13 357 27786 27491 7246 279 9506 13759 13 561 2235 6522 23235 2250 14527 6679 13 561 13159 7246 449 4147 70676 13 561 12433 25624 279 17631 5459 13 561 14367 25624 279 9506 13759 13 561 12433 49992 279 2981 9057 13 561 2235 6522 7854 2250 14527 6679 13 357 2526 14882 49992 264 11012 72103 13 561 13159 7246 449 4147 70676 13 357 27786 27491 7246 279 17631 5459 13 561 12433 7246 279 2981 9057 13 561 2235 6522 11354 264 11012 72103 13 357 27786 27491 16384 279 17631 5459 13 357 28282 16384 264 23772 6321 13 357 2526 14882 11354 279 11129 29262 13 357 28282 16384 264 23772 6321 13 357 27786 27491 23235 2250 14527 6679 13 561 13159 23235 2250 14527 6679 13 6983 12050 7854 449 4147 70676 13 6056 36600 16384 279 2981 9057 13 6056 36600 11693 264 11012 72103 13 561 13159 16384 279 9506 13759 13 357 2526 14882 23235 279 2981 9057 13 561 37714 7854 279 2981 9057 13 561 14367 23235 279 11129 29262 13 357 2526 14882 11354 279 2981 9057 13 561 14367 16384 449 4147 70676 13 561 12433 11354 264 23772 6321 13 561 14367 23235 449 4147 70676 13 357 28282 7246 449 4147 70676 13 561 37714 7246 279 9506 13759 13 6056 36600 23235 449 4147 70676 13 357 27786 27491 49992 449 4147 70676 13 357 2526 14882 11693 279 9506 13759 13 561 13159 11354 264 11012 72103 13 561 13159 23235 279 9506 13759 13 357 27786 27491 11354 279 11129 29262 13 561 37714 25624 2250 14527 6679 13 357 2526 14882 7854 279 17631 5459 13 6056 36600 7854 264 11012 72103 13 6983 12050 7246 2250 14527 6679 13 357 27786 27491 49992 449 4147 70676 13 561 37714 23235 449 4147 70676 13 6056 36600 7854 449 4147 70676 13 6983 12050 7246 2250 14527 6679 13 561 14367 7854 264 23772 6321 13 561 12433 11693 264 23772 6321 13 6056 36600 25624 279 11129 29262 13 6983 12050 11354 279 11129 29262 13 561 14367 25624 2250 14527 6679 13 561 13159 49992 279 9506 13759 13 561 13159 49992 2250 14527 6679 13 357 2526 14882 7854 279 11129 29262 13 357 2526 14882 23235 279 2981 9057 13 561 13159 11693 279 17631 5459 13 561 2235 6522 25624 279 11129 29262 13 561 2235 6522 7854 449 4147 70676 13 6983 12050 16384 264 11012 72103 13 561 37714 49992 279 2981 9057 13 561 14367 23235 279 11129 29262 13 561 2235 6522 11354 279 17631 5459 13 357 2526 14882 16384 264 23772 6321 13 6983 12050 7854 2250 14527 6679 13 561 14367 25624 279 9506 13759 13 561 37714 7854 279 17631 5459 13 561 37714 7854 279 9506 13759 13 357 2526 14882 11693 279 9506 13759 13 357 27786 27491 7246 279 17631 5459 13 357 27786 27491 7246 279 9506 13759 13 357 27786 27491 7246 449 4147 70676 13 6983 12050 16384 2250 14527 6679 13 561 12433 25624 279 17631 5459 13 357 28282 16384 279 11129 29262 13 357 2526 14882 7246 449 4147 70676 13 561 12433 25624 264 23772 6321 13 357 28282 23235 264 23772 6321 13 561 37714 7246 279 11129 29262 13 561 14367 7854 449 4147 70676 13 357 28282 7246 279 17631 5459 13 357 2526 14882 23235 264 11012 72103 13 561 12433 7246 264 11012 72103 13 561 2235 6522 7854 279 9506 13759 13 561 14367 25624 264 23772 6321 13 561 14367 49992 264 23772 6321 13 561 37714 49992 279 9506 13759 13 561 12433 7854 264 23772 6321 13 357 2526 14882 23235 279 9506 13759 13 561 13159 11693 264 11012 72103 13 357 2526 14882 11693 449 4147 70676 13 6983 12050 16384 264 11012 72103 13 357 27786 27491 11693 264 11012 72103 13 357 27786 27491 49992 2250 14527 6679 13 6983 12050 11693 449 4147 70676 13 6983 12050 16384 264 23772 6321 13 561 12433 7854 449 4147 70676 13 6983 12050 49992 449 4147 70676 13 357 28282 7854 2250 14527 6679 13 561 12433 49992 279 17631 5459 13 6983 12050 7854 449 4147 70676 13 561 12433 49992 279 11129 29262 13 561 12433 11354 2250 14527 6679 13 6056 36600 23235 264 11012 72103 13 561 37714 25624 264 11012 72103 13 357 27786 27491 25624 449 4147 70676 13 6056 36600 7854 264 11012 72103 13 357 27786 27491 23235 2250 14527 6679 13 561 37714 25624 449 4147 70676 13 357 28282 16384 449 4147 70676 13 561 37714 11354 279 17631 5459 13 6983 12050 11693 449 4147 70676 13 561 2235 6522 25624 264 11012 72103 13 561 37714 25624 2250 14527 6679 13 357 27786 27491 11354 264 11012 72103 13 357 2526 14882 7246 279 9506 13759 13 6983 12050 11354 264 11012 72103 13 561 2235 6522 7246 264 23772 6321 13 6056 36600 23235 449 4147 70676 13 561 37714 11354 279 11129 29262 13 357 2526 14882 25624 279 17631 5459 13 561 14367 7246 279 9506 13759 13 561 2235 6522 49992 279 2981 9057 13 357 28282 23235 264 11012 72103 13 357 28282 7246 449 4147 70676 13 561 2235 6522 25624 264 23772 6321 13 561 13159 11354 449 4147 70676 13 561 2235 6522 7854 279 17631 5459 13 561 12433 25624 279 17631 5459 13 561 12433 11693 279 2981 9057 13 561 2235 6522 16384 2250 14527 6679 13 357 2526 14882 11693 264 11012 72103 13 561 13159 25624 264 23772 6321 13 561 12433 16384 279 2981 9057 13 561 13159 16384 279 17631 5459 13 561 12433 25624 279 2981 9057 13 357 27786 27491 11354 279 11129 29262 13 357 2526 14882 7854 264 11012 72103 13 357 2526 14882 16384 264 11012 72103 13 561 13159 25624 449 4147 70676 13 561 14367 7854 279 2981 9057 13 6983 12050 25624 279 9506 13759 13 357 28282 16384 264 11012 72103 13 357 2526 14882 7854 279 9506 13759 13 6983 12050 7854 279 17631 5459 13 561 2235 6522 7854 264 23772 6321 13 357 27786 27491 23235 279 17631 5459 13 561 14367 16384 279 17631 5459 13 561 2235 6522 16384 279 2981 9057 13 561 37714 25624 264 23772 6321 13 561 2235 6522 25624 279 11129 29262 13 357 27786 27491 16384 279 9506 13759 13 6056 36600 49992 279 17631 5459 13 561 12433 49992 279 11129 29262 13 6983 12050 11354 2250 14527 6679 13 561 14367 7854 264 11012 72103 13 561 2235 6522 23235 279 2981 9057 13 561 13159 11354 279 9506 13759 13 357 28282 49992 264 11012 72103 13 357 27786 27491 25624 279 17631 5459 13 357 28282 23235 2250 14527 6679 13 6056 36600 25624 279 2981 9057 13 561 2235 6522 16384 449 4147 70676 13 561 37714 7854 264 11012 72103 13 561 37714 23235 279 9506 13759 13 561 2235 6522 23235 264 11012 72103 13 561 2235 6522 49992 279 2981 9057 13 561 37714 49992 264 11012 72103 13 357 2526 14882 11354 2250 14527 6679 13 561 13159 25624 279 2981 9057 13 561 37714 11693 2250 14527 6679 13 561 37714 7854 279 2981 9057 13 357 27786 27491 49992 279 9506 13759 13 357 27786 27491 11693 264 23772 6321 13 561 13159 11354 449 4147 70676 13 561 37714 7854 279 17631 5459 13 357 28282 49992 279 11129 29262 13 561 13159 49992 449 4147 70676 13 561 14367 7854 264 11012 72103 13 561 13159 23235 2250 14527 6679 13 357 2526 14882 7246 264 11012 72103 13 561 12433 23235 264 23772 6321 13 561 37714 11693 264 23772 6321 13 357 27786 27491 11354 279 2981 9057 13 6056 36600 7246 279 9506 13759 13 561 14367 11354 279 11129 29262 13 561 13159 7246 279 11129 29262 13 357 28282 11354 264 23772 6321 13 357 28282 23235 279 9506 13759 13 357 2526 14882 23235 264 11012 72103 13 561 2235 6522 49992 279 11129 29262 13 561 2235 6522 7246 264 23772 6321 13 357 27786 27491 11354 264 23772 6321 13 357 27786 27491 49992 264 11012 72103 13 561 37714 25624 279 9506 13759 13 357 2526 14882 7854 449 4147 70676 13 561 13159 7246 279 2981 9057 13 357 27786 27491 11354 2250 14527 6679 13 561 2235 6522 16384 264 23772 6321 13 357 27786 27491 25624 264 23772 6321 13 561 12433 49992 264 23772 6321 13 357 27786 27491 16384 279 9506 13759 13 561 2235 6522 7246 2250 14527 6679 13 561 13159 7246 279 2981 9057 13 561 2235 6522 16384 279 17631 5459 13 561 14367 49992 279 9506 13759 13 561 37714 25624 449 4147 70676 13 357 2526 14882 11354 279 2981 9057 13 561 37714 23235 279 2981 9057 13 357 28282 7246 279 9506 13759 13 357 2526 14882 49992 264 11012 72103 13 357 27786 27491 11693 279 9506 13759 13 357 2526 14882 49992 279 9506 13759 13 561 12433 23235 279 11129 29262 13 357 28282 16384 264 11012 72103 13 357 27786 27491 11354 279 9506 13759 13 561 13159 7854 449 4147 70676 13 6056 36600 25624 264 11012 72103 13 561 14367 23235 279 11129 29262 13 6983 12050 7246 264 11012 72103 13 561 13159 25624 2250 14527 6679 13 561 14367 11693 279 9506 13759 13 6983 12050 11354 279 2981 9057 13 561 14367 16384 2250 14527 6679 13 561 12433 49992 279 9506 13759 13 561 2235 6522 7854 279 2981 9057 13 561 12433 23235 449 4147 70676 13 561 37714 11693 279 9506 13759 13 561 12433 7246 279 17631 5459 13 561 2235 6522 23235 279 17631 5459 13 6983 12050 7854 449 4147 70676 13 561 37714 11354 264 23772 6321 13 357 28282 7246 279 2981 9057 13 357 28282 16384 2250 14527 6679 13 357 28282 11693 279 9506 13759 13 6983 12050 23235 279 17631 5459 13 357 2526 14882 11693 264 11012 72103 13 357 27786 27491 23235 279 9506 13759 13 6056 36600 23235 2250 14527 6679 13 561 12433 7246 279 9506 13759 13 357 2526 14882 49992 449 4147 70676 13 357 28282 23235 449 4147 70676 13 357 28282 16384 449 4147 70676 13 561 2235 6522 7854 279 11129 29262 13 561 37714 7854 449 4147 70676 13 561 13159 7854 264 11012 72103 13 357 2526 14882 7246 279 11129 29262 13 6056 36600 49992 449 4147 70676 13 6056 36600 11354 2250 14527 6679 13 561 14367 7854 449 4147 70676 13 561 12433 11354 279 11129 29262 13 561 13159 49992 279 17631 5459 13 561 14367 7246 279 2981 9057 13 357 28282 16384 279 9506 13759 13 6056 36600 16384 449 4147 70676 13 561 2235 6522 49992 264 11012 72103 13 561 14367 7854 264 11012 72103 13 6983 12050 11354 279 11129 29262 13 561 14367 23235 449 4147 70676 13 357 2526 14882 25624 264 11012 72103 13 357 27786 27491 25624 279 11129 29262 13 561 37714 23235 264 11012 72103 13 6056 36600 7854 264 11012 72103 13 6056 36600 16384 264 11012 72103 13 6983 12050 23235 2250 14527 6679 13 561 12433 7854 279 9506 13759 13 357 28282 11354 279 2981 9057 13 357 28282 11693 279 9506 13759 13 357 2526 14882 16384 279 17631 5459 13 561 37714 23235 264 23772 6321 13 561 37714 7854 279 9506 13759 13 357 2526 14882 23235 2250 14527 6679 13 357 27786 27491 49992 264 23772 6321 13 561 2235 6522 49992 264 23772 6321 13 561 37714 23235 279 2981 9057 13 561 13159 49992 279 11129 29262 13 357 2526 14882 7246 279 9506 13759 13 357 2526 14882 11693 264 11012 72103 13 6983 12050 11693 279 9506 13759 13 357 27786 27491 7246 279 2981 9057 13 357 28282 11354 279 11129 29262 13 561 13159 11693 264 23772 6321 13 357 2526 14882 25624 279 17631 5459 13 561 13159 23235 279 17631 5459 13 561 13159 7854 279 11129 29262 13 561 14367 23235 2250 14527 6679 13 357 2526 14882 49992 279 9506 13759 13 561 2235 6522 11354 449 4147 70676 13 561 13159 16384 279 9506 13759 13 357 27786 27491 23235 279 11129 29262 13 357 27786 27491 7854 279 9506 13759 13 561 14367 25624 279 2981 9057 13 561 14367 49992 449 4147 70676 13 6056 36600 49992 279 11129 29262 13 561 14367 25624 279 17631 5459 13 6056 36600 11354 449 4147 70676 13 357 2526 14882 49992 279 17631 5459 13 357 27786 27491 11693 279 11129 29262 13 6983 12050 7854 264 11012 72103 13 561 12433 25624 279 9506 13759 13 561 12433 11693 2250 14527 6679 13 561 14367 16384 279 11129 29262 13 6056 36600 7246 279 17631 5459 13 357 27786 27491 11354 449 4147 70676 13 357 27786 27491 7854 264 11012 72103 13 357 28282 25624 264 23772 6321 13 357 2526 14882 49992 449 4147 70676 13 357 27786 27491 7246 264 11012 72103 13 6056 36600 11354 279 17631 5459 13 561 2235 6522 7854 279 9506 13759 13 6056 36600 7246 449 4147 70676 13 561 37714 7854 264 23772 6321 13 561 2235 6522 11354 279 2981 9057 13 561 2235 6522 11354 279 11129 29262 13 357 28282 11354 264 23772 6321 13 561 2235 6522 7854 279 2981 9057 13 357 28282 11693 279 9506 13759 13 6056 36600 25624 449 4147 70676 13 357 28282 7246 264 23772 6321 13 357 2526 14882 11693 279 2981 9057 13 561 12433 25624 449 4147 70676 13 6983 12050 11693 449 4147 70676 13 357 28282 11693 264 11012 72103 13 561 2235 6522 11693 279 17631 5459 13 357 28282 25624 279 2981 9057 13 561 12433 7854 279 17631 5459 13 561 13159 11693 279 11129 29262 13 357 27786 27491 11354 449 4147 70676 13 561 37714 25624 449 4147 70676 13 357 2526 14882 7854 279 17631 5459 13 561 2235 6522 16384 279 9506 13759 13 561 37714 7246 449 4147 70676 13 561 2235 6522 49992 279 9506 13759 13 561 12433 16384 279 9506 13759 13 6983 12050 11693 279 11129 29262 13 561 13159 11693 279 11129 29262 13 561 12433 7854 264 23772 6321 13 6056 36600 11693 264 23772 6321 13 357 2526 14882 16384 279 2981 9057 13 6056 36600 11354 449 4147 70676 13 561 37714 11693 279 11129 29262 13 561 37714 7854 2250 14527 6679 13 357 28282 7854 279 9506 13759 13 357 2526 14882 23235 279 2981 9057 13 561 37714 49992 264 11012 72103 13 357 27786 27491 7854 279 11129 29262 13 6983 12050 7246 279 9506 13759 13 561 37714 49992 279 2981 9057 13 561 12433 49992 264 11012 72103 13 561 12433 11354 264 23772 6321 13 561 2235 6522 23235 279 9506 13759 13 357 2526 14882 7854 279 9506 13759 13 6983 12050 7246 264 23772 6321 13 357 2526 14882 49992 264 23772 6321 13 561 14367 49992 449 4147 70676 13 561 37714 49992 2250 14527 6679 13 561 14367 25624 279 2981 9057 13 357 27786 27491 11354 449 4147 70676 13 561 37714 7854 264 23772 6321 13 6983 12050 7854 279 9506 13759 13 357 2526 14882 7854 264 23772 6321 13 6983 12050 49992 279 17631 5459 13 357 2526 14882 23235 449 4147 70676 13 357 27786 27491 11693 279 9506 13759 13 6056 36600 25624 2250 14527 6679 13 6983 12050 16384 279 11129 29262 13 561 12433 11354 279 17631 5459 13 6983 12050 11693 279 11129 29262 13 561 12433 7246 279 2981 9057 13 561 13159 25624 279 2981 9057 13 6983 12050 23235 279 9506 13759 13 357 28282 16384 264 23772 6321 13 357 27786 27491 7246 279 2981 9057 13 561 13159 11693 279 11129 29262 13 6983 12050 11693 279 2981 9057 13 561 14367 7246 449 4147 70676 13 6983 12050 11693 2250 14527 6679 13 357 27786 27491 7854 264 11012 72103 13 561 37714 11693 264 23772 6321 13 561 13159 25624 2250 14527 6679 13 561 37714 23235 449 4147 70676 13 6983 12050 11693 279 2981 9057 13 6056 36600 49992 279 2981 9057 13 561 12433 11693 279 17631 5459 13 271 14162 25 1092 369 279 6038 1970 364 279 33439 30 21134 440 279 1970 1132 13 248046 198 248045 74455 198 248068 271 248069 271
output  : 1679 193844 1058 12 19 16 22 17 248046 198 248044 248046 198 248044 248046 198 248044 248046 198 248045 248044 248046 198 248045
decode                   24 tokens in 790.2 ms  ->  30.37 tok/s
prefill                  26292 tokens in 21291.9 ms  ->  1234.83 tok/s  (time to first token 21379.2 ms)
