strata generate: PCIe probe: 14.4 GB/s host->device -> pcie_frac 0.30 (default 0.55)
strata generate: this CPU has no AVX-512: the expert kernels run on AVX-2 (multi-token for the i-quant gate/up rows)
strata generate: native pack: <data>/packs/swift-q2_0 experts (largest blob 1.38 MB), token embedding type 11 in mapped host memory (260 MiB)
strata generate: 1416 MiB of weights loaded from <data>/packs/swift-q2_0 (303 canonical tensors skipped: served natively)
strata generate: 301 native projection matrices, 1376.20 MiB of weights
strata generate: KV streaming: 20480 of 32768 cells per QSA layer in VRAM, the K/V in 0.39 GiB of pinned RAM
strata generate: PLE on, table 320001536 rows of <data>/models/Swift-Qwen3.8-Flash-Next-GSQ-RCO-Q2_0-00001-of-00002.gguf
strata generate: expert arena: one mapping registered for device copies; transparent huge pages requested (madvise); no mlock
strata generate: loaded 31.64 GiB at 2.10 GiB/s
strata generate: profile <repo>/data/expert-profile.bin: 24576 ranked pairs, built for 24576 slots
strata generate: experimental native Q5_K head, 437043200 bytes
strata generate: expert cache auto: 27.63 GiB free, 700 MiB reserved -> 20927 slots
strata generate: expert cache 20927 slots, 26.94 GiB of VRAM; policy is
strata generate: the GPU computes the experts in the cache; it rounds differently from the CPU,
                 so a reply can differ slightly from a run without the cache (same quality:
                 bench/results/2026-09-27-cache-parity).
                 PROFILE, ranked by routing frequency, no eviction.
strata generate: pre-filled 20927 of 20927 slots from the profile; slot 0 verified
strata generate: R4 hit path ON - resident experts are computed on the GPU
strata generate: 7 expert-pool workers + the host thread
strata generate: session is up (engine 0.1.0)
strata generate: sampling greedy
strata generate: token graph hit path: 20927 resident experts, decided on the device
strata generate: prompt chunk auto: 8192 tokens
strata generate: prompt path borrows 3068 cache slots (3.95 GiB)
strata generate: 3068 lent slots refilled in 305.7 ms
strata generate: prefill 26292 tokens in 4 chunks, 24799.7 ms (1060.2 tok/s); experts streamed 23796 (23796 by DMA, host 4405.3 ms), resident 42619; PLE 213.2 ms
strata verify: window up to 6 tokens, 54.6 MiB of device buffers
strata verify: captured the 1-token window (sync ok)
strata verify: captured the 4-token window (sync ok)
strata verify: captured the 3-token window (sync ok)
speculation              16 rounds of 6, drafts accepted 8 of 44 (0.182), 1.50 tokens per round
suffix drafts            4 windows, drafts accepted 8 of 11
accepted per round       0:13 1:0 2:1 3:2 4:0 5:0
verify window            wait for rings 50.721  pool 1.971  host 0.716  commit 1.716 ms/round; CPU experts 0.62 distinct / 0.75 routed per layer
pool multi               gate/up 0.914  quantize 0.015  down 0.482 ms/round; 29.4 GB/s over the rows phases; CPU pool call 1.966 ms/round
dispatch                 plan 0.116  activation quantize 0.233  jobs 0.196  run 1.415 ms/round
adaptive tier            107 experts swapped into the VRAM tier (every 4 rounds, 0.099 ms/round)
pcie experts             0.00 distinct experts per layer read over PCIe (share 78/256 of the misses)
prompt  : 248045 846 198 50525 25 279 6038 1970 364 279 33439 369 199891 1271 1058 12 19 16 22 17 13 357 2526 14882 7246 279 9506 13759 13 561 14367 25624 264 11012 72103 13 357 2526 14882 11354 2250 14527 6679 13 561 14367 25624 279 9506 13759 13 561 13159 25624 2250 14527 6679 13 357 28282 7854 279 17631 5459 13 357 27786 27491 25624 2250 14527 6679 13 357 27786 27491 11354 279 9506 13759 13 561 14367 11693 279 17631 5459 13 561 37714 7246 279 11129 29262 13 561 13159 7246 264 11012 72103 13 357 27786 27491 16384 279 2981 9057 13 357 28282 11693 264 23772 6321 13 357 28282 25624 279 17631 5459 13 357 27786 27491 11693 449 4147 70676 13 561 37714 7854 264 23772 6321 13 6056 36600 49992 264 23772 6321 13 561 12433 11693 279 2981 9057 13 6983 12050 25624 279 11129 29262 13 561 37714 49992 264 23772 6321 13 6056 36600 16384 264 11012 72103 13 357 28282 7854 279 2981 9057 13 357 2526 14882 7246 449 4147 70676 13 561 13159 11354 264 11012 72103 13 561 37714 23235 264 23772 6321 13 357 2526 14882 49992 449 4147 70676 13 357 28282 25624 279 11129 29262 13 6056 36600 25624 279 17631 5459 13 561 12433 49992 279 11129 29262 13 561 13159 23235 279 17631 5459 13 6056 36600 23235 279 2981 9057 13 357 27786 27491 25624 449 4147 70676 13 561 14367 11693 279 11129 29262 13 561 2235 6522 11693 279 9506 13759 13 561 13159 49992 264 11012 72103 13 561 2235 6522 49992 279 9506 13759 13 561 37714 16384 279 2981 9057 13 561 13159 16384 279 9506 13759 13 357 2526 14882 7854 2250 14527 6679 13 561 2235 6522 25624 279 2981 9057 13 561 2235 6522 11693 2250 14527 6679 13 561 14367 49992 279 2981 9057 13 561 12433 16384 279 17631 5459 13 561 2235 6522 7854 264 23772 6321 13 357 27786 27491 23235 279 2981 9057 13 561 37714 11354 449 4147 70676 13 561 37714 7854 279 9506 13759 13 561 13159 7854 264 11012 72103 13 6056 36600 7854 279 17631 5459 13 6983 12050 25624 2250 14527 6679 13 6056 36600 7246 264 11012 72103 13 357 2526 14882 11354 264 11012 72103 13 561 14367 7246 264 11012 72103 13 357 2526 14882 11354 264 11012 72103 13 6983 12050 7854 279 2981 9057 13 561 12433 23235 264 23772 6321 13 6056 36600 25624 264 11012 72103 13 6056 36600 49992 449 4147 70676 13 6056 36600 16384 264 11012 72103 13 561 2235 6522 25624 264 23772 6321 13 561 12433 49992 279 2981 9057 13 561 37714 11354 2250 14527 6679 13 561 37714 23235 279 2981 9057 13 561 37714 11354 279 11129 29262 13 357 28282 16384 264 23772 6321 13 561 2235 6522 23235 2250 14527 6679 13 561 37714 23235 2250 14527 6679 13 357 27786 27491 11693 2250 14527 6679 13 561 13159 11693 2250 14527 6679 13 561 37714 49992 264 23772 6321 13 561 14367 11354 279 11129 29262 13 6056 36600 16384 2250 14527 6679 13 357 27786 27491 23235 449 4147 70676 13 357 2526 14882 23235 264 11012 72103 13 6983 12050 25624 2250 14527 6679 13 6056 36600 11693 264 23772 6321 13 6983 12050 49992 279 17631 5459 13 6056 36600 23235 264 11012 72103 13 357 28282 7854 2250 14527 6679 13 6056 36600 7246 279 9506 13759 13 357 2526 14882 25624 279 9506 13759 13 6056 36600 7854 264 11012 72103 13 561 2235 6522 7246 279 2981 9057 13 561 14367 7246 449 4147 70676 13 561 2235 6522 49992 264 23772 6321 13 561 2235 6522 7246 279 17631 5459 13 561 14367 25624 279 2981 9057 13 561 13159 11693 2250 14527 6679 13 561 14367 16384 2250 14527 6679 13 561 12433 11693 264 23772 6321 13 561 12433 7854 279 2981 9057 13 561 14367 23235 449 4147 70676 13 357 27786 27491 7854 279 2981 9057 13 561 37714 7246 279 17631 5459 13 6056 36600 7246 279 17631 5459 13 561 2235 6522 7246 279 2981 9057 13 6056 36600 25624 279 17631 5459 13 357 2526 14882 49992 264 11012 72103 13 561 37714 11354 2250 14527 6679 13 6983 12050 16384 279 17631 5459 13 357 28282 49992 279 17631 5459 13 357 28282 49992 264 23772 6321 13 357 27786 27491 11693 279 11129 29262 13 6056 36600 49992 2250 14527 6679 13 561 37714 16384 2250 14527 6679 13 6056 36600 7246 279 9506 13759 13 357 28282 7854 449 4147 70676 13 357 2526 14882 25624 2250 14527 6679 13 561 13159 25624 2250 14527 6679 13 561 12433 25624 279 2981 9057 13 357 2526 14882 7246 279 11129 29262 13 561 2235 6522 49992 2250 14527 6679 13 357 28282 7854 449 4147 70676 13 561 2235 6522 11693 279 2981 9057 13 561 13159 7854 264 23772 6321 13 561 13159 11693 264 23772 6321 13 357 2526 14882 25624 264 23772 6321 13 561 14367 23235 449 4147 70676 13 6056 36600 11354 279 9506 13759 13 357 2526 14882 16384 264 11012 72103 13 357 28282 11693 264 11012 72103 13 357 28282 16384 279 11129 29262 13 561 14367 7246 279 11129 29262 13 561 2235 6522 7854 279 11129 29262 13 561 13159 7246 449 4147 70676 13 357 2526 14882 25624 279 11129 29262 13 561 14367 7246 279 9506 13759 13 357 28282 16384 279 17631 5459 13 357 28282 16384 264 11012 72103 13 357 27786 27491 11693 264 11012 72103 13 561 12433 25624 449 4147 70676 13 561 14367 23235 279 9506 13759 13 561 12433 7246 279 17631 5459 13 561 37714 11693 264 11012 72103 13 561 2235 6522 16384 279 17631 5459 13 561 2235 6522 11693 279 11129 29262 13 561 12433 11693 279 11129 29262 13 6056 36600 7246 279 11129 29262 13 357 2526 14882 11354 279 11129 29262 13 561 14367 11354 279 17631 5459 13 561 37714 11693 449 4147 70676 13 6983 12050 49992 264 11012 72103 13 561 13159 49992 279 9506 13759 13 561 37714 16384 2250 14527 6679 13 6983 12050 23235 2250 14527 6679 13 561 2235 6522 7854 264 23772 6321 13 561 14367 7246 279 17631 5459 13 357 28282 16384 279 9506 13759 13 561 2235 6522 11354 264 11012 72103 13 561 13159 16384 2250 14527 6679 13 561 12433 11354 449 4147 70676 13 561 2235 6522 7246 279 11129 29262 13 6056 36600 11354 279 11129 29262 13 357 2526 14882 23235 264 23772 6321 13 6983 12050 11354 279 11129 29262 13 6983 12050 23235 279 2981 9057 13 561 14367 23235 279 9506 13759 13 357 28282 49992 279 11129 29262 13 561 37714 11693 2250 14527 6679 13 561 37714 11354 264 11012 72103 13 561 12433 25624 279 2981 9057 13 561 13159 11354 279 9506 13759 13 561 14367 16384 279 11129 29262 13 6983 12050 25624 279 2981 9057 13 357 27786 27491 7854 264 23772 6321 13 6056 36600 7246 279 11129 29262 13 357 27786 27491 7246 279 17631 5459 13 561 37714 7854 279 2981 9057 13 561 37714 11354 2250 14527 6679 13 357 28282 11354 279 17631 5459 13 561 2235 6522 23235 264 11012 72103 13 561 13159 49992 279 17631 5459 13 561 14367 11693 449 4147 70676 13 561 12433 11354 449 4147 70676 13 357 28282 25624 264 11012 72103 13 6056 36600 16384 264 11012 72103 13 561 12433 11693 2250 14527 6679 13 6983 12050 49992 449 4147 70676 13 561 13159 25624 449 4147 70676 13 561 12433 11354 2250 14527 6679 13 357 28282 7246 264 23772 6321 13 561 12433 16384 279 2981 9057 13 561 14367 49992 279 17631 5459 13 6056 36600 16384 264 11012 72103 13 6983 12050 49992 279 11129 29262 13 561 37714 16384 449 4147 70676 13 6056 36600 49992 264 11012 72103 13 561 37714 11693 279 11129 29262 13 357 28282 49992 279 17631 5459 13 561 12433 49992 264 11012 72103 13 561 37714 49992 279 11129 29262 13 561 13159 11693 2250 14527 6679 13 357 28282 25624 279 2981 9057 13 561 37714 16384 264 23772 6321 13 561 2235 6522 16384 264 11012 72103 13 357 2526 14882 11693 449 4147 70676 13 6056 36600 7854 279 17631 5459 13 561 2235 6522 11354 449 4147 70676 13 6056 36600 7854 279 11129 29262 13 561 2235 6522 7854 264 23772 6321 13 561 13159 23235 264 11012 72103 13 357 2526 14882 11354 264 23772 6321 13 357 2526 14882 7854 264 11012 72103 13 6983 12050 11354 279 11129 29262 13 561 12433 23235 264 11012 72103 13 561 13159 7854 264 11012 72103 13 357 2526 14882 7854 279 11129 29262 13 561 14367 16384 264 11012 72103 13 561 14367 16384 279 2981 9057 13 6983 12050 16384 279 9506 13759 13 561 37714 23235 2250 14527 6679 13 357 2526 14882 7854 279 17631 5459 13 561 13159 11693 264 11012 72103 13 561 14367 7854 449 4147 70676 13 357 27786 27491 7246 279 11129 29262 13 6056 36600 11354 279 2981 9057 13 561 2235 6522 49992 279 9506 13759 13 357 2526 14882 16384 279 11129 29262 13 561 12433 16384 279 9506 13759 13 6983 12050 16384 449 4147 70676 13 561 37714 7854 264 11012 72103 13 561 2235 6522 7246 264 11012 72103 13 6983 12050 49992 2250 14527 6679 13 6056 36600 23235 449 4147 70676 13 561 13159 7246 2250 14527 6679 13 6983 12050 25624 279 2981 9057 13 357 2526 14882 25624 264 23772 6321 13 6983 12050 23235 279 11129 29262 13 357 27786 27491 11693 279 17631 5459 13 561 13159 7854 279 9506 13759 13 561 37714 11693 279 9506 13759 13 561 12433 23235 279 17631 5459 13 6056 36600 16384 264 23772 6321 13 561 2235 6522 11693 264 11012 72103 13 561 12433 11693 279 9506 13759 13 561 13159 49992 279 9506 13759 13 561 12433 11354 279 2981 9057 13 561 14367 7854 449 4147 70676 13 357 27786 27491 49992 279 17631 5459 13 357 28282 7854 449 4147 70676 13 6056 36600 11693 264 11012 72103 13 6983 12050 7246 279 2981 9057 13 561 37714 25624 449 4147 70676 13 357 28282 11354 279 17631 5459 13 561 2235 6522 11693 279 17631 5459 13 561 12433 7246 279 11129 29262 13 561 37714 7854 264 11012 72103 13 357 28282 25624 279 11129 29262 13 561 37714 11693 279 9506 13759 13 561 12433 11693 279 17631 5459 13 561 14367 16384 449 4147 70676 13 561 12433 23235 2250 14527 6679 13 6056 36600 11693 2250 14527 6679 13 561 14367 7854 279 11129 29262 13 561 14367 11354 2250 14527 6679 13 6056 36600 7854 264 11012 72103 13 561 12433 11693 279 9506 13759 13 357 2526 14882 11693 449 4147 70676 13 561 14367 23235 279 9506 13759 13 357 2526 14882 7854 2250 14527 6679 13 561 14367 16384 264 11012 72103 13 6983 12050 49992 2250 14527 6679 13 561 12433 11693 2250 14527 6679 13 6056 36600 11693 279 11129 29262 13 561 12433 25624 449 4147 70676 13 357 27786 27491 7246 2250 14527 6679 13 6056 36600 7854 279 17631 5459 13 357 27786 27491 7246 279 9506 13759 13 561 14367 11693 279 17631 5459 13 357 27786 27491 7246 279 9506 13759 13 561 14367 11354 279 2981 9057 13 561 13159 49992 264 23772 6321 13 357 28282 25624 279 2981 9057 13 357 2526 14882 11693 279 2981 9057 13 561 37714 49992 279 17631 5459 13 561 12433 7854 264 23772 6321 13 357 2526 14882 49992 279 2981 9057 13 357 28282 11354 264 11012 72103 13 561 12433 25624 264 23772 6321 13 561 13159 25624 2250 14527 6679 13 561 13159 23235 279 11129 29262 13 561 13159 25624 279 17631 5459 13 6056 36600 11693 264 23772 6321 13 561 37714 49992 2250 14527 6679 13 357 2526 14882 23235 449 4147 70676 13 561 14367 7854 2250 14527 6679 13 561 13159 11354 279 9506 13759 13 561 14367 49992 264 11012 72103 13 561 14367 16384 2250 14527 6679 13 357 28282 23235 264 23772 6321 13 561 12433 23235 279 17631 5459 13 561 12433 23235 279 11129 29262 13 561 12433 11354 264 11012 72103 13 561 14367 11693 264 11012 72103 13 6056 36600 49992 279 9506 13759 13 561 12433 7854 449 4147 70676 13 561 2235 6522 49992 279 2981 9057 13 561 14367 16384 279 2981 9057 13 357 27786 27491 11693 264 23772 6321 13 357 2526 14882 49992 264 23772 6321 13 357 27786 27491 25624 2250 14527 6679 13 561 13159 7246 2250 14527 6679 13 561 13159 25624 279 17631 5459 13 6056 36600 23235 279 2981 9057 13 561 13159 25624 264 11012 72103 13 561 12433 25624 2250 14527 6679 13 357 28282 7854 449 4147 70676 13 6056 36600 7246 2250 14527 6679 13 561 2235 6522 7854 449 4147 70676 13 357 27786 27491 11693 264 11012 72103 13 561 12433 16384 279 11129 29262 13 357 27786 27491 16384 264 23772 6321 13 561 12433 16384 2250 14527 6679 13 6056 36600 11693 279 2981 9057 13 6983 12050 11693 279 2981 9057 13 561 12433 11693 264 23772 6321 13 357 28282 7854 279 11129 29262 13 6983 12050 11693 264 11012 72103 13 6056 36600 11354 264 11012 72103 13 561 14367 49992 2250 14527 6679 13 6056 36600 23235 279 17631 5459 13 561 12433 11693 264 11012 72103 13 561 14367 11693 2250 14527 6679 13 357 28282 23235 279 2981 9057 13 6056 36600 16384 279 17631 5459 13 357 28282 23235 2250 14527 6679 13 561 14367 23235 264 23772 6321 13 561 2235 6522 11354 2250 14527 6679 13 561 12433 11354 2250 14527 6679 13 561 14367 23235 279 9506 13759 13 357 2526 14882 7246 279 11129 29262 13 357 28282 11693 279 17631 5459 13 6056 36600 49992 264 11012 72103 13 561 13159 25624 279 9506 13759 13 561 37714 7246 264 11012 72103 13 561 2235 6522 7854 279 11129 29262 13 561 13159 16384 279 11129 29262 13 561 13159 11354 279 11129 29262 13 357 27786 27491 23235 279 9506 13759 13 561 13159 11354 264 23772 6321 13 6983 12050 7854 279 9506 13759 13 6983 12050 11354 279 9506 13759 13 561 2235 6522 7854 264 11012 72103 13 357 28282 7854 264 23772 6321 13 6056 36600 7246 279 2981 9057 13 561 14367 11354 279 2981 9057 13 561 13159 25624 264 23772 6321 13 561 37714 7246 279 2981 9057 13 357 2526 14882 16384 279 2981 9057 13 561 37714 7246 264 11012 72103 13 357 28282 7854 449 4147 70676 13 6983 12050 16384 279 2981 9057 13 561 14367 49992 264 23772 6321 13 561 14367 7854 264 11012 72103 13 357 27786 27491 7246 2250 14527 6679 13 357 27786 27491 7854 2250 14527 6679 13 6056 36600 7246 2250 14527 6679 13 561 14367 7854 279 2981 9057 13 561 13159 23235 264 11012 72103 13 561 2235 6522 11693 2250 14527 6679 13 561 14367 11354 264 23772 6321 13 357 28282 7854 449 4147 70676 13 561 37714 16384 279 9506 13759 13 561 12433 11693 279 9506 13759 13 561 13159 23235 449 4147 70676 13 561 37714 49992 279 2981 9057 13 561 14367 11354 449 4147 70676 13 6056 36600 11693 449 4147 70676 13 357 27786 27491 49992 279 2981 9057 13 6056 36600 7854 264 11012 72103 13 357 28282 7246 264 23772 6321 13 561 13159 23235 264 11012 72103 13 6056 36600 11354 279 17631 5459 13 561 2235 6522 25624 264 23772 6321 13 561 37714 25624 279 17631 5459 13 561 37714 7854 279 2981 9057 13 561 14367 25624 264 11012 72103 13 6983 12050 7246 449 4147 70676 13 561 12433 7246 2250 14527 6679 13 357 28282 23235 279 11129 29262 13 561 2235 6522 23235 279 11129 29262 13 6056 36600 7246 279 11129 29262 13 561 37714 49992 2250 14527 6679 13 357 27786 27491 16384 2250 14527 6679 13 357 2526 14882 23235 279 17631 5459 13 6983 12050 7246 279 9506 13759 13 561 2235 6522 16384 264 23772 6321 13 561 13159 7246 279 11129 29262 13 357 28282 11354 264 23772 6321 13 6056 36600 25624 279 11129 29262 13 561 37714 7854 264 23772 6321 13 561 12433 7854 264 23772 6321 13 357 27786 27491 7246 264 23772 6321 13 357 2526 14882 25624 449 4147 70676 13 6983 12050 7246 279 17631 5459 13 561 12433 16384 279 11129 29262 13 357 27786 27491 23235 279 17631 5459 13 561 14367 11693 279 2981 9057 13 561 12433 7854 279 9506 13759 13 561 37714 23235 279 17631 5459 13 561 2235 6522 49992 2250 14527 6679 13 357 27786 27491 11354 279 17631 5459 13 561 14367 11354 264 23772 6321 13 561 12433 25624 264 23772 6321 13 561 37714 11693 279 9506 13759 13 357 27786 27491 16384 279 2981 9057 13 6983 12050 23235 449 4147 70676 13 561 2235 6522 7246 279 17631 5459 13 6983 12050 7246 449 4147 70676 13 357 28282 25624 279 2981 9057 13 561 12433 7854 279 11129 29262 13 561 14367 11354 264 23772 6321 13 357 27786 27491 49992 449 4147 70676 13 6983 12050 7246 279 17631 5459 13 561 14367 11354 279 17631 5459 13 561 13159 7246 2250 14527 6679 13 561 2235 6522 11354 264 11012 72103 13 561 14367 11693 279 2981 9057 13 561 13159 11693 279 9506 13759 13 357 27786 27491 7246 279 11129 29262 13 357 28282 16384 279 17631 5459 13 6056 36600 11354 279 9506 13759 13 561 13159 49992 264 11012 72103 13 6056 36600 7246 2250 14527 6679 13 357 28282 16384 2250 14527 6679 13 561 14367 25624 264 23772 6321 13 561 12433 11354 279 11129 29262 13 561 37714 7854 279 11129 29262 13 561 12433 11693 264 11012 72103 13 561 37714 11354 279 2981 9057 13 561 12433 11693 2250 14527 6679 13 561 2235 6522 23235 2250 14527 6679 13 561 13159 23235 2250 14527 6679 13 561 13159 49992 449 4147 70676 13 561 37714 11354 279 17631 5459 13 561 13159 11693 279 11129 29262 13 6983 12050 7854 264 11012 72103 13 357 27786 27491 7246 279 2981 9057 13 561 14367 11354 264 11012 72103 13 357 28282 7246 264 23772 6321 13 561 2235 6522 11354 279 17631 5459 13 561 14367 7246 279 17631 5459 13 357 28282 11354 264 11012 72103 13 357 27786 27491 23235 2250 14527 6679 13 561 37714 25624 279 9506 13759 13 357 28282 11693 2250 14527 6679 13 6983 12050 25624 279 17631 5459 13 561 14367 25624 279 11129 29262 13 6056 36600 25624 279 2981 9057 13 357 28282 11693 279 11129 29262 13 357 2526 14882 23235 279 9506 13759 13 561 12433 11354 264 23772 6321 13 561 12433 16384 279 17631 5459 13 357 2526 14882 23235 449 4147 70676 13 561 12433 11354 279 9506 13759 13 561 14367 7854 264 11012 72103 13 357 2526 14882 49992 279 17631 5459 13 561 37714 11693 264 11012 72103 13 357 27786 27491 16384 279 2981 9057 13 561 13159 11354 2250 14527 6679 13 561 12433 11354 279 17631 5459 13 357 2526 14882 49992 264 11012 72103 13 6056 36600 7246 449 4147 70676 13 357 27786 27491 23235 279 11129 29262 13 357 27786 27491 7246 279 11129 29262 13 6983 12050 11693 449 4147 70676 13 561 2235 6522 25624 264 11012 72103 13 6056 36600 25624 264 23772 6321 13 357 2526 14882 25624 279 9506 13759 13 561 13159 25624 279 9506 13759 13 561 14367 23235 2250 14527 6679 13 561 12433 16384 279 9506 13759 13 561 37714 7246 279 9506 13759 13 6983 12050 49992 279 2981 9057 13 561 37714 11354 264 23772 6321 13 357 27786 27491 23235 279 2981 9057 13 6056 36600 23235 279 2981 9057 13 6056 36600 49992 279 11129 29262 13 357 27786 27491 11693 279 2981 9057 13 357 2526 14882 49992 2250 14527 6679 13 561 37714 11693 279 11129 29262 13 561 12433 7246 279 2981 9057 13 6983 12050 23235 264 23772 6321 13 561 2235 6522 11693 264 23772 6321 13 6983 12050 16384 264 11012 72103 13 561 2235 6522 25624 2250 14527 6679 13 561 13159 7246 279 2981 9057 13 561 12433 16384 279 9506 13759 13 561 12433 11693 264 11012 72103 13 357 28282 16384 2250 14527 6679 13 561 13159 49992 279 17631 5459 13 561 14367 7854 279 9506 13759 13 6983 12050 16384 449 4147 70676 13 561 14367 7246 279 11129 29262 13 357 27786 27491 7854 279 17631 5459 13 6983 12050 7854 279 9506 13759 13 6983 12050 11693 279 2981 9057 13 357 28282 49992 279 9506 13759 13 357 2526 14882 16384 264 11012 72103 13 561 13159 11693 279 9506 13759 13 561 2235 6522 16384 279 9506 13759 13 6056 36600 49992 279 17631 5459 13 357 27786 27491 7854 279 2981 9057 13 357 2526 14882 11354 279 9506 13759 13 6056 36600 25624 279 17631 5459 13 561 12433 11693 279 2981 9057 13 6983 12050 23235 264 11012 72103 13 357 27786 27491 49992 2250 14527 6679 13 6056 36600 11354 264 23772 6321 13 561 37714 23235 279 9506 13759 13 6056 36600 11693 279 2981 9057 13 561 13159 25624 264 23772 6321 13 561 14367 16384 279 11129 29262 13 561 13159 7854 279 17631 5459 13 561 14367 25624 279 9506 13759 13 561 13159 23235 279 11129 29262 13 357 28282 11693 279 11129 29262 13 561 13159 11693 279 9506 13759 13 6056 36600 11693 279 2981 9057 13 561 2235 6522 25624 2250 14527 6679 13 6056 36600 11693 279 2981 9057 13 357 2526 14882 7854 449 4147 70676 13 561 12433 7246 449 4147 70676 13 357 2526 14882 11693 279 11129 29262 13 561 13159 16384 279 9506 13759 13 561 2235 6522 49992 279 17631 5459 13 561 12433 23235 2250 14527 6679 13 561 12433 23235 449 4147 70676 13 6056 36600 7854 264 11012 72103 13 357 2526 14882 7246 279 11129 29262 13 561 13159 11354 264 11012 72103 13 357 27786 27491 23235 279 2981 9057 13 561 37714 23235 279 17631 5459 13 561 14367 11693 264 11012 72103 13 561 12433 16384 264 11012 72103 13 357 27786 27491 7246 2250 14527 6679 13 561 2235 6522 49992 264 23772 6321 13 561 2235 6522 11693 279 9506 13759 13 561 37714 7246 264 11012 72103 13 561 37714 16384 2250 14527 6679 13 6056 36600 11693 264 11012 72103 13 6056 36600 25624 264 11012 72103 13 561 12433 7854 2250 14527 6679 13 561 2235 6522 49992 449 4147 70676 13 561 37714 11354 449 4147 70676 13 6056 36600 7246 449 4147 70676 13 6983 12050 49992 279 2981 9057 13 561 37714 11354 279 2981 9057 13 357 2526 14882 49992 449 4147 70676 13 561 12433 49992 264 23772 6321 13 561 13159 7854 264 11012 72103 13 561 2235 6522 23235 279 17631 5459 13 561 14367 11354 264 23772 6321 13 357 28282 49992 449 4147 70676 13 561 2235 6522 11354 2250 14527 6679 13 561 13159 7246 264 23772 6321 13 357 28282 23235 264 23772 6321 13 6056 36600 11693 279 11129 29262 13 561 13159 23235 279 9506 13759 13 561 12433 11354 279 11129 29262 13 561 12433 23235 449 4147 70676 13 561 13159 23235 279 11129 29262 13 561 37714 23235 2250 14527 6679 13 6056 36600 25624 264 23772 6321 13 6983 12050 23235 279 11129 29262 13 561 2235 6522 25624 279 17631 5459 13 561 13159 7854 279 17631 5459 13 561 13159 16384 264 11012 72103 13 561 14367 11354 2250 14527 6679 13 6056 36600 11354 279 9506 13759 13 357 27786 27491 7246 264 11012 72103 13 6983 12050 11354 449 4147 70676 13 561 2235 6522 25624 279 2981 9057 13 561 14367 7854 264 11012 72103 13 561 14367 23235 279 2981 9057 13 561 12433 16384 279 11129 29262 13 561 2235 6522 7854 279 17631 5459 13 357 2526 14882 11354 279 9506 13759 13 357 27786 27491 11354 449 4147 70676 13 357 27786 27491 11354 264 11012 72103 13 561 13159 7854 449 4147 70676 13 357 28282 11354 279 9506 13759 13 357 27786 27491 7246 449 4147 70676 13 561 13159 25624 264 11012 72103 13 6056 36600 11693 279 2981 9057 13 561 14367 7854 279 17631 5459 13 561 14367 25624 264 11012 72103 13 6983 12050 25624 279 2981 9057 13 6056 36600 11354 279 11129 29262 13 357 27786 27491 11693 449 4147 70676 13 561 2235 6522 11354 264 23772 6321 13 561 2235 6522 25624 279 11129 29262 13 561 37714 49992 449 4147 70676 13 561 12433 11354 279 17631 5459 13 561 14367 11354 279 17631 5459 13 357 27786 27491 25624 279 9506 13759 13 561 12433 16384 279 2981 9057 13 6056 36600 11354 264 23772 6321 13 357 2526 14882 49992 449 4147 70676 13 561 2235 6522 7246 264 11012 72103 13 357 2526 14882 7246 279 9506 13759 13 6056 36600 7854 449 4147 70676 13 561 12433 23235 279 11129 29262 13 561 12433 11354 264 23772 6321 13 357 27786 27491 11354 279 2981 9057 13 357 27786 27491 16384 279 9506 13759 13 6983 12050 7854 279 9506 13759 13 561 13159 11693 449 4147 70676 13 561 12433 11354 264 23772 6321 13 561 12433 16384 279 9506 13759 13 561 2235 6522 11354 279 11129 29262 13 561 2235 6522 7246 279 11129 29262 13 561 37714 49992 264 23772 6321 13 561 37714 25624 449 4147 70676 13 561 13159 11693 2250 14527 6679 13 561 12433 11354 279 9506 13759 13 6056 36600 11693 279 11129 29262 13 357 27786 27491 11354 279 9506 13759 13 6056 36600 25624 264 23772 6321 13 357 28282 11693 279 9506 13759 13 357 27786 27491 16384 264 23772 6321 13 6056 36600 11693 2250 14527 6679 13 6983 12050 11693 264 11012 72103 13 561 2235 6522 16384 264 23772 6321 13 357 27786 27491 23235 279 9506 13759 13 561 37714 7246 2250 14527 6679 13 561 14367 49992 264 23772 6321 13 357 28282 23235 449 4147 70676 13 357 28282 7246 264 23772 6321 13 357 27786 27491 11354 264 23772 6321 13 561 12433 11354 264 11012 72103 13 561 14367 11693 449 4147 70676 13 357 27786 27491 11693 279 11129 29262 13 561 12433 7854 264 11012 72103 13 6056 36600 7246 279 11129 29262 13 561 14367 23235 2250 14527 6679 13 561 2235 6522 7854 264 11012 72103 13 561 14367 11354 279 17631 5459 13 561 37714 23235 449 4147 70676 13 6056 36600 25624 279 9506 13759 13 357 28282 25624 279 11129 29262 13 357 2526 14882 11693 264 11012 72103 13 561 37714 7854 279 2981 9057 13 6056 36600 7246 264 23772 6321 13 6983 12050 11693 279 2981 9057 13 561 14367 16384 264 23772 6321 13 561 14367 11354 279 17631 5459 13 561 12433 49992 279 17631 5459 13 357 28282 7246 264 23772 6321 13 561 14367 11693 279 11129 29262 13 357 27786 27491 49992 264 11012 72103 13 6056 36600 23235 264 23772 6321 13 561 12433 7854 264 11012 72103 13 357 2526 14882 49992 279 9506 13759 13 561 2235 6522 49992 2250 14527 6679 13 561 2235 6522 11354 449 4147 70676 13 6983 12050 11354 279 2981 9057 13 6983 12050 25624 264 23772 6321 13 561 2235 6522 49992 264 11012 72103 13 561 13159 11354 264 11012 72103 13 6056 36600 23235 264 23772 6321 13 6983 12050 49992 264 11012 72103 13 357 2526 14882 7246 264 23772 6321 13 6983 12050 11354 279 2981 9057 13 6056 36600 7246 449 4147 70676 13 561 2235 6522 16384 279 9506 13759 13 561 13159 11693 279 2981 9057 13 561 14367 16384 279 11129 29262 13 357 2526 14882 7246 279 11129 29262 13 6056 36600 25624 264 23772 6321 13 6056 36600 49992 264 11012 72103 13 561 2235 6522 11354 2250 14527 6679 13 561 37714 49992 279 11129 29262 13 357 28282 16384 2250 14527 6679 13 357 2526 14882 7854 279 11129 29262 13 6983 12050 11693 264 11012 72103 13 561 13159 16384 279 9506 13759 13 561 2235 6522 11354 279 11129 29262 13 561 2235 6522 11354 449 4147 70676 13 561 37714 23235 279 2981 9057 13 6056 36600 11354 279 11129 29262 13 561 2235 6522 23235 279 9506 13759 13 561 14367 7854 2250 14527 6679 13 561 12433 7246 279 2981 9057 13 561 2235 6522 11693 279 2981 9057 13 6983 12050 25624 264 11012 72103 13 357 27786 27491 49992 279 11129 29262 13 561 2235 6522 11693 279 2981 9057 13 357 27786 27491 11693 279 11129 29262 13 6983 12050 11354 264 11012 72103 13 561 37714 7854 279 17631 5459 13 561 37714 23235 264 23772 6321 13 561 12433 49992 264 11012 72103 13 561 14367 7854 449 4147 70676 13 561 2235 6522 16384 2250 14527 6679 13 561 2235 6522 23235 279 17631 5459 13 561 2235 6522 23235 279 17631 5459 13 357 2526 14882 49992 264 11012 72103 13 357 28282 23235 2250 14527 6679 13 357 2526 14882 7854 279 17631 5459 13 561 12433 25624 449 4147 70676 13 6056 36600 11354 279 2981 9057 13 561 14367 11693 264 11012 72103 13 6983 12050 7246 279 2981 9057 13 357 28282 16384 279 11129 29262 13 561 37714 11354 279 17631 5459 13 357 28282 11693 279 11129 29262 13 561 14367 49992 2250 14527 6679 13 6056 36600 25624 264 23772 6321 13 357 28282 7246 279 17631 5459 13 561 12433 25624 449 4147 70676 13 6056 36600 16384 264 11012 72103 13 357 28282 25624 279 9506 13759 13 561 2235 6522 11693 2250 14527 6679 13 561 2235 6522 49992 279 9506 13759 13 561 2235 6522 11354 279 9506 13759 13 561 13159 11354 279 9506 13759 13 561 14367 23235 264 23772 6321 13 561 13159 11693 264 23772 6321 13 561 13159 23235 279 9506 13759 13 561 37714 11354 264 23772 6321 13 561 37714 7246 264 23772 6321 13 6983 12050 7854 279 17631 5459 13 357 2526 14882 25624 279 2981 9057 13 357 28282 23235 279 9506 13759 13 6983 12050 11354 2250 14527 6679 13 561 2235 6522 7854 279 9506 13759 13 6056 36600 11354 279 17631 5459 13 561 14367 16384 279 11129 29262 13 561 37714 11354 264 11012 72103 13 561 12433 25624 279 17631 5459 13 561 13159 11693 279 17631 5459 13 561 12433 25624 279 11129 29262 13 357 2526 14882 7246 264 11012 72103 13 561 14367 16384 264 11012 72103 13 6056 36600 7246 449 4147 70676 13 357 28282 7246 279 11129 29262 13 561 13159 16384 279 11129 29262 13 6983 12050 25624 279 11129 29262 13 6056 36600 11693 279 9506 13759 13 6983 12050 23235 449 4147 70676 13 561 37714 16384 449 4147 70676 13 6056 36600 16384 279 17631 5459 13 6983 12050 23235 2250 14527 6679 13 6983 12050 7854 279 9506 13759 13 561 14367 23235 279 2981 9057 13 6983 12050 23235 264 23772 6321 13 6056 36600 16384 279 11129 29262 13 6983 12050 16384 279 17631 5459 13 561 14367 7246 264 11012 72103 13 357 27786 27491 23235 449 4147 70676 13 561 14367 7854 449 4147 70676 13 357 2526 14882 25624 2250 14527 6679 13 561 2235 6522 7854 264 23772 6321 13 357 2526 14882 7246 2250 14527 6679 13 357 27786 27491 16384 264 11012 72103 13 6056 36600 16384 279 2981 9057 13 561 13159 25624 279 17631 5459 13 561 13159 25624 449 4147 70676 13 561 13159 7246 279 9506 13759 13 561 12433 25624 279 9506 13759 13 6056 36600 49992 279 11129 29262 13 357 2526 14882 16384 264 23772 6321 13 561 13159 7854 264 23772 6321 13 561 14367 49992 279 9506 13759 13 6056 36600 16384 279 2981 9057 13 561 37714 16384 279 2981 9057 13 561 13159 7854 2250 14527 6679 13 357 28282 23235 264 23772 6321 13 357 27786 27491 11693 264 23772 6321 13 6983 12050 7854 279 17631 5459 13 561 14367 11354 279 11129 29262 13 357 27786 27491 49992 279 11129 29262 13 561 37714 16384 279 9506 13759 13 561 37714 7854 279 9506 13759 13 6056 36600 23235 279 17631 5459 13 357 27786 27491 23235 449 4147 70676 13 561 14367 25624 2250 14527 6679 13 357 28282 7854 264 23772 6321 13 561 37714 7854 279 2981 9057 13 6983 12050 7854 449 4147 70676 13 561 13159 49992 264 23772 6321 13 561 37714 25624 279 2981 9057 13 357 2526 14882 23235 264 23772 6321 13 357 28282 16384 279 2981 9057 13 357 28282 16384 264 23772 6321 13 561 37714 7854 279 2981 9057 13 561 37714 16384 2250 14527 6679 13 561 37714 11693 279 9506 13759 13 561 2235 6522 11354 264 11012 72103 13 357 2526 14882 11354 279 9506 13759 13 561 14367 11354 279 11129 29262 13 561 37714 11354 279 11129 29262 13 561 13159 25624 279 17631 5459 13 561 14367 11693 279 2981 9057 13 6056 36600 16384 279 2981 9057 13 357 27786 27491 11693 279 9506 13759 13 357 27786 27491 25624 279 2981 9057 13 561 2235 6522 25624 279 17631 5459 13 357 28282 25624 279 2981 9057 13 561 37714 49992 449 4147 70676 13 357 27786 27491 7854 279 17631 5459 13 561 14367 23235 279 2981 9057 13 6983 12050 23235 279 11129 29262 13 561 2235 6522 11354 279 11129 29262 13 357 28282 25624 264 23772 6321 13 6983 12050 49992 279 9506 13759 13 561 14367 11354 2250 14527 6679 13 561 13159 11354 449 4147 70676 13 561 14367 11693 2250 14527 6679 13 6983 12050 11354 279 2981 9057 13 357 27786 27491 7246 264 23772 6321 13 561 14367 49992 279 11129 29262 13 561 13159 16384 449 4147 70676 13 357 28282 11693 279 9506 13759 13 357 27786 27491 11693 279 9506 13759 13 561 12433 7854 449 4147 70676 13 561 14367 11693 264 11012 72103 13 561 2235 6522 7246 264 23772 6321 13 561 13159 7246 279 17631 5459 13 561 12433 7854 264 23772 6321 13 357 28282 23235 279 9506 13759 13 357 2526 14882 7854 264 11012 72103 13 357 28282 7854 264 23772 6321 13 561 37714 11693 279 9506 13759 13 6983 12050 49992 279 11129 29262 13 357 2526 14882 11693 279 9506 13759 13 561 14367 16384 279 17631 5459 13 357 2526 14882 7246 2250 14527 6679 13 561 2235 6522 25624 2250 14527 6679 13 561 12433 7246 449 4147 70676 13 6056 36600 11693 279 2981 9057 13 357 2526 14882 23235 2250 14527 6679 13 561 13159 7854 2250 14527 6679 13 561 12433 49992 2250 14527 6679 13 6983 12050 49992 279 2981 9057 13 561 12433 49992 264 23772 6321 13 561 37714 11693 279 9506 13759 13 357 27786 27491 11693 279 2981 9057 13 357 28282 25624 279 11129 29262 13 561 13159 11354 279 2981 9057 13 561 12433 11354 279 9506 13759 13 357 28282 7246 2250 14527 6679 13 357 2526 14882 11693 264 11012 72103 13 357 28282 23235 279 11129 29262 13 6983 12050 25624 279 11129 29262 13 357 28282 11693 279 11129 29262 13 561 2235 6522 7854 279 11129 29262 13 357 2526 14882 7854 449 4147 70676 13 561 2235 6522 16384 279 2981 9057 13 561 14367 23235 264 23772 6321 13 561 13159 11354 449 4147 70676 13 6983 12050 7854 264 23772 6321 13 357 28282 7246 279 11129 29262 13 357 28282 16384 2250 14527 6679 13 561 14367 7854 279 17631 5459 13 357 27786 27491 7246 279 9506 13759 13 6983 12050 16384 279 2981 9057 13 561 13159 11354 279 11129 29262 13 561 2235 6522 11693 449 4147 70676 13 561 37714 16384 279 9506 13759 13 357 27786 27491 23235 279 17631 5459 13 357 28282 16384 279 17631 5459 13 357 27786 27491 11354 2250 14527 6679 13 357 28282 11354 264 23772 6321 13 6983 12050 23235 264 11012 72103 13 561 13159 7854 2250 14527 6679 13 561 12433 25624 264 23772 6321 13 561 13159 49992 264 23772 6321 13 561 37714 49992 279 17631 5459 13 6983 12050 7854 279 2981 9057 13 6056 36600 11693 279 17631 5459 13 561 37714 16384 279 2981 9057 13 561 37714 7246 2250 14527 6679 13 561 37714 16384 2250 14527 6679 13 561 14367 7246 264 23772 6321 13 357 2526 14882 7854 264 11012 72103 13 6983 12050 16384 279 2981 9057 13 561 2235 6522 49992 449 4147 70676 13 6983 12050 11693 279 17631 5459 13 561 37714 49992 279 2981 9057 13 357 2526 14882 16384 279 2981 9057 13 561 2235 6522 11693 264 23772 6321 13 357 28282 7854 279 2981 9057 13 561 2235 6522 49992 279 9506 13759 13 6983 12050 25624 279 11129 29262 13 561 14367 23235 449 4147 70676 13 6983 12050 11354 279 17631 5459 13 561 12433 16384 2250 14527 6679 13 357 28282 16384 449 4147 70676 13 357 28282 7246 264 23772 6321 13 6056 36600 49992 264 23772 6321 13 561 12433 7246 264 11012 72103 13 561 14367 11354 449 4147 70676 13 6056 36600 25624 264 23772 6321 13 357 27786 27491 16384 264 11012 72103 13 6056 36600 7854 449 4147 70676 13 6983 12050 23235 279 17631 5459 13 357 2526 14882 25624 279 11129 29262 13 357 27786 27491 16384 2250 14527 6679 13 357 28282 7246 279 17631 5459 13 561 14367 7854 279 2981 9057 13 561 12433 23235 279 2981 9057 13 561 37714 7246 264 11012 72103 13 561 12433 23235 279 9506 13759 13 561 2235 6522 23235 264 23772 6321 13 6983 12050 23235 279 2981 9057 13 561 37714 23235 279 11129 29262 13 6983 12050 11354 279 17631 5459 13 357 28282 7854 279 17631 5459 13 6983 12050 49992 279 9506 13759 13 6056 36600 7246 279 11129 29262 13 357 27786 27491 25624 279 2981 9057 13 6983 12050 7246 279 2981 9057 13 6056 36600 7854 264 11012 72103 13 561 14367 49992 449 4147 70676 13 6983 12050 11693 264 23772 6321 13 561 14367 11354 279 9506 13759 13 561 2235 6522 16384 264 11012 72103 13 561 14367 7854 264 23772 6321 13 357 28282 49992 279 17631 5459 13 561 2235 6522 7246 279 9506 13759 13 561 12433 11354 449 4147 70676 13 357 27786 27491 23235 2250 14527 6679 13 6056 36600 25624 264 23772 6321 13 561 37714 49992 279 9506 13759 13 561 37714 7246 279 9506 13759 13 357 27786 27491 25624 279 17631 5459 13 357 2526 14882 16384 279 9506 13759 13 357 2526 14882 49992 279 2981 9057 13 561 12433 23235 279 17631 5459 13 6983 12050 11693 449 4147 70676 13 357 28282 7246 264 23772 6321 13 561 37714 7854 264 23772 6321 13 561 37714 11693 449 4147 70676 13 561 13159 16384 264 11012 72103 13 6983 12050 7246 2250 14527 6679 13 561 37714 25624 2250 14527 6679 13 561 12433 25624 2250 14527 6679 13 561 37714 16384 449 4147 70676 13 6983 12050 49992 2250 14527 6679 13 561 37714 25624 264 11012 72103 13 561 13159 25624 449 4147 70676 13 561 2235 6522 25624 264 11012 72103 13 6056 36600 7854 279 2981 9057 13 6983 12050 49992 264 11012 72103 13 561 2235 6522 23235 279 17631 5459 13 561 13159 11693 279 17631 5459 13 357 2526 14882 11354 279 17631 5459 13 357 27786 27491 11693 449 4147 70676 13 561 12433 25624 279 2981 9057 13 561 13159 25624 2250 14527 6679 13 357 27786 27491 25624 264 23772 6321 13 561 2235 6522 23235 264 23772 6321 13 561 14367 16384 264 11012 72103 13 6983 12050 23235 264 23772 6321 13 6056 36600 11354 264 23772 6321 13 357 28282 23235 264 23772 6321 13 357 27786 27491 25624 279 17631 5459 13 6983 12050 16384 264 23772 6321 13 6983 12050 49992 279 17631 5459 13 357 27786 27491 49992 264 11012 72103 13 561 14367 49992 264 11012 72103 13 357 28282 16384 279 2981 9057 13 561 2235 6522 16384 279 9506 13759 13 561 2235 6522 16384 279 11129 29262 13 6056 36600 11354 279 17631 5459 13 357 2526 14882 7246 449 4147 70676 13 561 37714 49992 279 17631 5459 13 561 14367 25624 279 2981 9057 13 357 27786 27491 7854 449 4147 70676 13 561 2235 6522 49992 279 9506 13759 13 6983 12050 25624 264 23772 6321 13 357 2526 14882 11693 279 11129 29262 13 561 2235 6522 11354 2250 14527 6679 13 561 2235 6522 23235 449 4147 70676 13 357 2526 14882 49992 279 9506 13759 13 357 2526 14882 23235 279 17631 5459 13 357 2526 14882 49992 264 23772 6321 13 6983 12050 11354 2250 14527 6679 13 6056 36600 11354 279 2981 9057 13 561 2235 6522 16384 279 9506 13759 13 561 12433 25624 279 11129 29262 13 357 2526 14882 7246 279 17631 5459 13 561 37714 25624 2250 14527 6679 13 561 13159 25624 264 23772 6321 13 561 12433 11693 279 2981 9057 13 357 28282 16384 264 23772 6321 13 357 2526 14882 11693 264 23772 6321 13 561 37714 7854 264 23772 6321 13 561 14367 23235 264 23772 6321 13 6056 36600 23235 2250 14527 6679 13 6983 12050 23235 279 2981 9057 13 561 2235 6522 11693 279 17631 5459 13 6056 36600 7854 449 4147 70676 13 561 13159 16384 279 2981 9057 13 357 27786 27491 25624 279 2981 9057 13 561 12433 16384 279 11129 29262 13 357 27786 27491 23235 264 11012 72103 13 6983 12050 25624 279 2981 9057 13 561 12433 23235 449 4147 70676 13 357 2526 14882 7854 264 11012 72103 13 6056 36600 23235 279 2981 9057 13 561 12433 16384 279 17631 5459 13 561 2235 6522 16384 2250 14527 6679 13 561 14367 11693 279 17631 5459 13 561 13159 49992 2250 14527 6679 13 357 27786 27491 16384 264 11012 72103 13 6983 12050 11693 279 17631 5459 13 561 2235 6522 11354 264 11012 72103 13 357 28282 23235 279 2981 9057 13 561 14367 11693 279 11129 29262 13 561 37714 11354 264 23772 6321 13 561 14367 11693 264 23772 6321 13 357 2526 14882 11354 449 4147 70676 13 561 13159 23235 279 2981 9057 13 561 14367 7854 279 17631 5459 13 357 28282 23235 449 4147 70676 13 357 27786 27491 7854 279 11129 29262 13 6056 36600 11354 279 17631 5459 13 357 2526 14882 23235 279 17631 5459 13 561 13159 23235 279 2981 9057 13 357 28282 11354 279 2981 9057 13 6983 12050 7246 264 11012 72103 13 357 2526 14882 23235 279 9506 13759 13 357 2526 14882 7246 264 23772 6321 13 6983 12050 16384 449 4147 70676 13 561 14367 16384 449 4147 70676 13 561 37714 16384 264 23772 6321 13 561 37714 16384 279 2981 9057 13 561 12433 11354 449 4147 70676 13 357 28282 23235 279 2981 9057 13 6983 12050 7854 264 11012 72103 13 561 14367 7246 264 11012 72103 13 561 14367 11693 279 2981 9057 13 561 12433 23235 279 2981 9057 13 561 2235 6522 7246 279 17631 5459 13 357 2526 14882 11693 449 4147 70676 13 6056 36600 11693 264 23772 6321 13 561 13159 49992 2250 14527 6679 13 357 2526 14882 11354 264 11012 72103 13 561 14367 25624 279 9506 13759 13 357 2526 14882 11354 2250 14527 6679 13 357 27786 27491 7854 279 9506 13759 13 561 13159 11693 279 17631 5459 13 561 12433 11354 279 11129 29262 13 561 13159 11693 2250 14527 6679 13 357 2526 14882 11693 264 23772 6321 13 561 13159 16384 279 11129 29262 13 6056 36600 11693 279 2981 9057 13 6056 36600 16384 279 2981 9057 13 561 12433 16384 264 11012 72103 13 357 2526 14882 11354 449 4147 70676 13 6983 12050 7246 264 23772 6321 13 357 27786 27491 49992 2250 14527 6679 13 357 27786 27491 11354 2250 14527 6679 13 357 2526 14882 11354 449 4147 70676 13 561 2235 6522 7854 279 2981 9057 13 561 12433 11354 264 11012 72103 13 561 2235 6522 11354 279 2981 9057 13 561 12433 7246 264 23772 6321 13 357 28282 7246 449 4147 70676 13 561 13159 25624 279 9506 13759 13 357 2526 14882 7854 264 23772 6321 13 561 14367 11693 2250 14527 6679 13 561 14367 11354 279 2981 9057 13 561 37714 11693 279 9506 13759 13 357 28282 11354 279 17631 5459 13 357 2526 14882 25624 264 11012 72103 13 357 28282 49992 279 2981 9057 13 561 37714 7854 279 17631 5459 13 561 2235 6522 11693 279 2981 9057 13 561 37714 25624 264 23772 6321 13 6056 36600 25624 264 23772 6321 13 6983 12050 11693 264 11012 72103 13 561 12433 7246 279 17631 5459 13 561 12433 16384 264 11012 72103 13 561 14367 11693 279 17631 5459 13 561 13159 23235 279 11129 29262 13 561 14367 23235 279 17631 5459 13 6056 36600 16384 264 23772 6321 13 561 13159 16384 279 9506 13759 13 561 13159 23235 279 9506 13759 13 561 13159 7246 279 9506 13759 13 561 13159 7854 279 2981 9057 13 561 14367 11693 279 11129 29262 13 357 27786 27491 7854 2250 14527 6679 13 6983 12050 25624 264 11012 72103 13 357 27786 27491 11354 279 17631 5459 13 561 13159 23235 449 4147 70676 13 561 37714 23235 449 4147 70676 13 357 27786 27491 11354 449 4147 70676 13 6056 36600 23235 279 9506 13759 13 6983 12050 7854 264 23772 6321 13 357 28282 7854 279 11129 29262 13 357 27786 27491 23235 264 11012 72103 13 561 37714 11693 279 11129 29262 13 561 12433 49992 264 23772 6321 13 561 37714 49992 2250 14527 6679 13 561 2235 6522 25624 264 23772 6321 13 561 37714 11693 279 2981 9057 13 357 2526 14882 11693 279 2981 9057 13 561 2235 6522 49992 279 2981 9057 13 561 14367 23235 279 9506 13759 13 357 2526 14882 7854 264 11012 72103 13 561 13159 7246 279 11129 29262 13 561 13159 25624 264 23772 6321 13 357 2526 14882 16384 449 4147 70676 13 357 28282 16384 279 9506 13759 13 561 12433 49992 264 11012 72103 13 6056 36600 49992 279 2981 9057 13 561 37714 7246 279 17631 5459 13 561 2235 6522 23235 449 4147 70676 13 561 37714 11693 264 23772 6321 13 561 37714 23235 279 9506 13759 13 561 12433 11354 2250 14527 6679 13 561 14367 16384 279 17631 5459 13 357 27786 27491 7246 279 11129 29262 13 561 37714 16384 264 23772 6321 13 561 12433 11693 279 11129 29262 13 6056 36600 25624 449 4147 70676 13 357 28282 11693 279 2981 9057 13 561 13159 16384 264 23772 6321 13 561 14367 49992 279 9506 13759 13 357 2526 14882 11354 279 11129 29262 13 561 13159 7854 279 11129 29262 13 357 2526 14882 11693 279 9506 13759 13 357 27786 27491 7246 2250 14527 6679 13 357 27786 27491 23235 264 11012 72103 13 6983 12050 23235 264 11012 72103 13 357 28282 49992 279 9506 13759 13 561 13159 7854 449 4147 70676 13 561 14367 25624 449 4147 70676 13 6056 36600 7854 279 9506 13759 13 6056 36600 7246 264 11012 72103 13 6056 36600 7854 449 4147 70676 13 561 2235 6522 11354 2250 14527 6679 13 6983 12050 7854 279 17631 5459 13 561 12433 23235 279 9506 13759 13 6056 36600 25624 264 11012 72103 13 6983 12050 25624 279 17631 5459 13 357 28282 49992 264 11012 72103 13 6983 12050 49992 279 17631 5459 13 6983 12050 23235 449 4147 70676 13 561 14367 7854 279 2981 9057 13 561 13159 11354 279 2981 9057 13 357 2526 14882 23235 2250 14527 6679 13 561 37714 11354 279 2981 9057 13 561 37714 16384 279 11129 29262 13 357 28282 23235 279 9506 13759 13 561 12433 16384 279 9506 13759 13 561 37714 7854 279 17631 5459 13 561 12433 16384 2250 14527 6679 13 561 13159 7854 279 11129 29262 13 561 12433 11693 279 2981 9057 13 561 14367 11693 264 23772 6321 13 6056 36600 49992 279 2981 9057 13 357 2526 14882 23235 2250 14527 6679 13 6056 36600 11354 264 23772 6321 13 561 14367 25624 279 9506 13759 13 357 27786 27491 23235 279 17631 5459 13 561 12433 11693 449 4147 70676 13 561 12433 11693 2250 14527 6679 13 357 27786 27491 49992 279 9506 13759 13 6056 36600 11693 2250 14527 6679 13 561 14367 7246 279 9506 13759 13 357 28282 11354 279 2981 9057 13 357 28282 49992 279 2981 9057 13 561 14367 7246 449 4147 70676 13 6983 12050 16384 2250 14527 6679 13 561 37714 7246 279 2981 9057 13 6983 12050 25624 449 4147 70676 13 357 28282 11693 264 11012 72103 13 561 14367 7854 2250 14527 6679 13 561 12433 49992 279 9506 13759 13 561 2235 6522 11354 279 2981 9057 13 561 14367 7246 449 4147 70676 13 561 12433 11693 264 23772 6321 13 561 37714 7246 279 11129 29262 13 561 12433 23235 2250 14527 6679 13 561 2235 6522 11693 279 9506 13759 13 561 14367 23235 279 9506 13759 13 561 2235 6522 16384 2250 14527 6679 13 561 37714 25624 2250 14527 6679 13 6056 36600 7246 279 2981 9057 13 561 13159 23235 279 9506 13759 13 357 28282 11354 264 23772 6321 13 357 28282 11693 264 11012 72103 13 561 12433 49992 264 23772 6321 13 561 14367 49992 264 11012 72103 13 6983 12050 49992 279 11129 29262 13 561 12433 25624 2250 14527 6679 13 561 2235 6522 49992 279 11129 29262 13 6983 12050 16384 279 17631 5459 13 357 27786 27491 25624 279 17631 5459 13 357 2526 14882 11693 279 2981 9057 13 561 12433 11354 279 2981 9057 13 357 2526 14882 23235 449 4147 70676 13 6056 36600 11693 264 23772 6321 13 357 2526 14882 7246 264 11012 72103 13 561 12433 25624 449 4147 70676 13 357 28282 25624 279 2981 9057 13 357 27786 27491 7854 449 4147 70676 13 561 14367 11354 279 17631 5459 13 561 37714 25624 279 9506 13759 13 561 2235 6522 7854 264 23772 6321 13 357 28282 23235 279 2981 9057 13 357 2526 14882 7246 264 11012 72103 13 357 2526 14882 11354 449 4147 70676 13 561 12433 7246 279 11129 29262 13 357 28282 25624 2250 14527 6679 13 357 28282 7246 449 4147 70676 13 561 12433 25624 264 23772 6321 13 6056 36600 11693 279 2981 9057 13 357 27786 27491 11354 279 11129 29262 13 357 2526 14882 11693 279 11129 29262 13 561 13159 11693 279 2981 9057 13 6983 12050 11693 264 11012 72103 13 561 14367 25624 279 17631 5459 13 6056 36600 11693 2250 14527 6679 13 357 28282 7246 279 2981 9057 13 561 12433 11354 279 9506 13759 13 561 13159 25624 279 11129 29262 13 357 27786 27491 25624 264 11012 72103 13 357 27786 27491 11693 2250 14527 6679 13 6983 12050 11354 2250 14527 6679 13 357 28282 23235 264 11012 72103 13 561 14367 11693 279 2981 9057 13 561 12433 23235 264 11012 72103 13 6056 36600 7246 279 17631 5459 13 357 2526 14882 7854 279 9506 13759 13 561 14367 25624 2250 14527 6679 13 561 2235 6522 7246 279 2981 9057 13 357 2526 14882 7246 2250 14527 6679 13 6983 12050 11693 264 23772 6321 13 357 28282 11354 449 4147 70676 13 561 14367 49992 264 23772 6321 13 357 28282 25624 2250 14527 6679 13 561 14367 23235 279 9506 13759 13 357 28282 23235 279 2981 9057 13 6056 36600 49992 279 2981 9057 13 561 12433 16384 279 17631 5459 13 6056 36600 7246 279 9506 13759 13 561 13159 16384 264 11012 72103 13 357 28282 16384 2250 14527 6679 13 6983 12050 11693 449 4147 70676 13 561 37714 11693 449 4147 70676 13 357 27786 27491 11354 279 9506 13759 13 561 13159 23235 279 9506 13759 13 561 13159 25624 2250 14527 6679 13 357 2526 14882 7854 279 11129 29262 13 561 14367 16384 449 4147 70676 13 357 27786 27491 11354 264 11012 72103 13 6056 36600 7854 279 9506 13759 13 357 27786 27491 16384 449 4147 70676 13 561 2235 6522 23235 2250 14527 6679 13 357 28282 23235 279 9506 13759 13 6056 36600 11354 279 11129 29262 13 357 2526 14882 25624 279 11129 29262 13 561 2235 6522 49992 279 9506 13759 13 561 37714 11693 264 11012 72103 13 6983 12050 11354 279 9506 13759 13 561 2235 6522 7854 279 11129 29262 13 357 2526 14882 7246 264 23772 6321 13 561 2235 6522 11693 264 23772 6321 13 357 27786 27491 7854 279 11129 29262 13 6056 36600 23235 2250 14527 6679 13 561 2235 6522 7854 279 17631 5459 13 561 14367 7246 264 11012 72103 13 6983 12050 49992 279 11129 29262 13 357 2526 14882 25624 279 9506 13759 13 561 2235 6522 16384 279 9506 13759 13 357 28282 23235 449 4147 70676 13 561 12433 16384 264 23772 6321 13 561 12433 7854 279 17631 5459 13 6056 36600 49992 264 23772 6321 13 561 14367 11354 264 11012 72103 13 561 37714 7854 449 4147 70676 13 561 12433 7246 449 4147 70676 13 561 14367 23235 449 4147 70676 13 561 2235 6522 11354 279 11129 29262 13 561 2235 6522 11693 279 17631 5459 13 561 13159 7246 279 11129 29262 13 6983 12050 16384 279 17631 5459 13 561 13159 7854 264 11012 72103 13 561 13159 49992 264 23772 6321 13 561 12433 23235 279 2981 9057 13 357 27786 27491 49992 279 17631 5459 13 561 37714 23235 279 2981 9057 13 6983 12050 11354 279 2981 9057 13 561 12433 7246 279 11129 29262 13 561 14367 16384 279 9506 13759 13 357 2526 14882 7246 279 11129 29262 13 561 12433 49992 2250 14527 6679 13 357 27786 27491 23235 449 4147 70676 13 561 13159 25624 279 11129 29262 13 357 2526 14882 7854 264 23772 6321 13 561 13159 49992 279 11129 29262 13 357 28282 11693 449 4147 70676 13 561 37714 7854 279 2981 9057 13 357 2526 14882 11354 279 2981 9057 13 561 12433 49992 279 9506 13759 13 357 28282 16384 279 9506 13759 13 357 2526 14882 7854 279 11129 29262 13 357 28282 16384 449 4147 70676 13 561 14367 11354 279 11129 29262 13 357 2526 14882 23235 279 11129 29262 13 6983 12050 25624 264 11012 72103 13 357 27786 27491 7854 264 11012 72103 13 561 12433 7246 279 2981 9057 13 357 28282 7854 279 9506 13759 13 357 2526 14882 7854 279 9506 13759 13 6056 36600 23235 264 23772 6321 13 561 2235 6522 7246 279 9506 13759 13 561 12433 7246 2250 14527 6679 13 357 2526 14882 25624 279 9506 13759 13 357 28282 11354 2250 14527 6679 13 357 27786 27491 7854 279 9506 13759 13 6983 12050 16384 279 2981 9057 13 561 2235 6522 11693 2250 14527 6679 13 561 37714 25624 279 11129 29262 13 561 14367 7854 279 11129 29262 13 561 2235 6522 7854 279 11129 29262 13 357 28282 16384 2250 14527 6679 13 6983 12050 16384 264 11012 72103 13 357 2526 14882 25624 264 23772 6321 13 561 14367 25624 264 11012 72103 13 357 2526 14882 11693 279 17631 5459 13 6056 36600 7246 449 4147 70676 13 561 12433 11354 449 4147 70676 13 357 27786 27491 11354 279 17631 5459 13 561 37714 49992 264 11012 72103 13 6056 36600 11693 279 11129 29262 13 357 2526 14882 23235 2250 14527 6679 13 6983 12050 11693 279 11129 29262 13 357 27786 27491 11354 2250 14527 6679 13 561 2235 6522 11354 279 11129 29262 13 561 13159 23235 264 11012 72103 13 561 12433 25624 264 11012 72103 13 561 13159 7854 279 9506 13759 13 6983 12050 11354 264 23772 6321 13 561 37714 23235 279 11129 29262 13 357 28282 49992 279 2981 9057 13 561 13159 49992 449 4147 70676 13 6983 12050 23235 2250 14527 6679 13 357 28282 7854 279 2981 9057 13 561 12433 11693 264 11012 72103 13 561 37714 11354 449 4147 70676 13 6983 12050 11693 279 11129 29262 13 6983 12050 16384 279 17631 5459 13 357 27786 27491 11354 264 11012 72103 13 357 2526 14882 11693 279 9506 13759 13 561 14367 16384 264 23772 6321 13 561 2235 6522 23235 264 23772 6321 13 561 12433 25624 279 17631 5459 13 561 2235 6522 23235 279 9506 13759 13 561 14367 49992 264 11012 72103 13 357 2526 14882 25624 279 2981 9057 13 357 2526 14882 49992 449 4147 70676 13 357 28282 23235 264 23772 6321 13 6056 36600 7246 264 11012 72103 13 561 37714 16384 279 9506 13759 13 6983 12050 23235 279 11129 29262 13 561 14367 11693 279 11129 29262 13 561 37714 7854 279 9506 13759 13 561 2235 6522 7854 279 2981 9057 13 561 2235 6522 11354 264 11012 72103 13 6983 12050 7854 279 17631 5459 13 561 14367 25624 449 4147 70676 13 561 14367 11693 264 11012 72103 13 357 2526 14882 23235 449 4147 70676 13 6056 36600 11693 279 17631 5459 13 6983 12050 11693 264 23772 6321 13 561 13159 25624 264 11012 72103 13 357 27786 27491 7246 2250 14527 6679 13 6056 36600 49992 449 4147 70676 13 357 28282 11354 449 4147 70676 13 561 2235 6522 7854 2250 14527 6679 13 6056 36600 49992 279 2981 9057 13 357 28282 49992 279 9506 13759 13 357 28282 11693 2250 14527 6679 13 561 14367 7854 2250 14527 6679 13 561 14367 11693 264 11012 72103 13 6983 12050 11354 279 17631 5459 13 6056 36600 11354 279 9506 13759 13 6983 12050 11693 279 17631 5459 13 561 37714 7854 279 11129 29262 13 561 14367 7246 449 4147 70676 13 561 14367 49992 264 11012 72103 13 357 28282 7246 279 2981 9057 13 561 37714 7246 264 23772 6321 13 357 28282 7854 279 17631 5459 13 357 28282 11354 264 11012 72103 13 561 37714 25624 279 17631 5459 13 561 37714 16384 449 4147 70676 13 561 13159 11354 2250 14527 6679 13 561 14367 7246 449 4147 70676 13 6983 12050 25624 2250 14527 6679 13 561 13159 25624 264 11012 72103 13 561 37714 23235 264 11012 72103 13 357 28282 11693 264 11012 72103 13 357 28282 23235 279 11129 29262 13 561 12433 16384 279 11129 29262 13 561 2235 6522 49992 264 23772 6321 13 6983 12050 11354 264 11012 72103 13 357 28282 11354 264 11012 72103 13 357 27786 27491 11693 279 9506 13759 13 6056 36600 7854 2250 14527 6679 13 357 28282 11354 279 17631 5459 13 561 14367 7246 279 9506 13759 13 561 14367 7246 279 11129 29262 13 6056 36600 16384 279 2981 9057 13 561 12433 16384 264 23772 6321 13 561 14367 23235 279 9506 13759 13 357 28282 7246 449 4147 70676 13 561 2235 6522 49992 264 23772 6321 13 561 12433 11693 279 17631 5459 13 561 13159 11354 264 23772 6321 13 6983 12050 23235 264 23772 6321 13 561 14367 11693 264 23772 6321 13 357 28282 7246 264 11012 72103 13 561 14367 23235 279 9506 13759 13 357 2526 14882 23235 264 11012 72103 13 561 37714 25624 449 4147 70676 13 561 2235 6522 11693 279 17631 5459 13 561 37714 11693 279 9506 13759 13 561 37714 25624 2250 14527 6679 13 6983 12050 16384 279 17631 5459 13 561 12433 7854 264 11012 72103 13 561 2235 6522 49992 279 2981 9057 13 561 12433 7854 2250 14527 6679 13 357 2526 14882 16384 279 17631 5459 13 357 28282 11693 279 11129 29262 13 357 27786 27491 7246 264 11012 72103 13 357 27786 27491 25624 279 9506 13759 13 561 12433 25624 264 11012 72103 13 357 28282 11354 264 11012 72103 13 357 2526 14882 25624 279 2981 9057 13 561 37714 25624 449 4147 70676 13 561 37714 16384 449 4147 70676 13 561 2235 6522 25624 279 11129 29262 13 561 12433 7854 279 9506 13759 13 561 2235 6522 49992 264 11012 72103 13 6056 36600 23235 264 23772 6321 13 6983 12050 11354 279 9506 13759 13 6983 12050 25624 2250 14527 6679 13 357 2526 14882 23235 279 11129 29262 13 357 27786 27491 11354 2250 14527 6679 13 357 28282 25624 279 2981 9057 13 357 27786 27491 16384 279 11129 29262 13 561 2235 6522 11354 279 2981 9057 13 6056 36600 25624 279 17631 5459 13 561 13159 16384 264 11012 72103 13 357 27786 27491 11693 279 17631 5459 13 357 28282 16384 279 17631 5459 13 561 12433 7246 264 23772 6321 13 357 2526 14882 7246 279 2981 9057 13 357 2526 14882 16384 264 23772 6321 13 357 2526 14882 7246 264 11012 72103 13 6983 12050 7246 279 11129 29262 13 561 13159 11354 2250 14527 6679 13 6983 12050 11693 279 9506 13759 13 357 2526 14882 11693 449 4147 70676 13 561 12433 11354 279 17631 5459 13 357 28282 7854 264 23772 6321 13 6983 12050 16384 279 17631 5459 13 6056 36600 49992 449 4147 70676 13 357 28282 25624 449 4147 70676 13 561 37714 49992 264 11012 72103 13 561 13159 25624 449 4147 70676 13 6056 36600 7246 2250 14527 6679 13 561 13159 49992 279 17631 5459 13 357 28282 11693 264 11012 72103 13 561 12433 23235 449 4147 70676 13 6056 36600 11693 264 23772 6321 13 561 37714 11354 264 11012 72103 13 561 37714 11693 449 4147 70676 13 6983 12050 7854 264 11012 72103 13 561 14367 7854 279 17631 5459 13 6983 12050 7246 264 23772 6321 13 6983 12050 25624 264 11012 72103 13 6056 36600 16384 449 4147 70676 13 6056 36600 7246 264 11012 72103 13 6056 36600 23235 264 11012 72103 13 6983 12050 16384 264 23772 6321 13 357 28282 25624 449 4147 70676 13 6056 36600 16384 279 2981 9057 13 561 37714 11354 279 17631 5459 13 6056 36600 11354 2250 14527 6679 13 6056 36600 7246 264 23772 6321 13 561 2235 6522 7854 264 23772 6321 13 561 14367 23235 279 2981 9057 13 6983 12050 11354 449 4147 70676 13 357 28282 49992 2250 14527 6679 13 561 14367 16384 449 4147 70676 13 561 2235 6522 11693 279 11129 29262 13 357 2526 14882 11693 264 11012 72103 13 561 13159 11354 279 2981 9057 13 561 14367 23235 449 4147 70676 13 6983 12050 25624 449 4147 70676 13 357 2526 14882 49992 2250 14527 6679 13 357 27786 27491 11693 2250 14527 6679 13 6056 36600 11693 279 11129 29262 13 6056 36600 16384 2250 14527 6679 13 357 2526 14882 11354 279 9506 13759 13 561 2235 6522 23235 279 9506 13759 13 561 14367 23235 279 2981 9057 13 6983 12050 11354 279 2981 9057 13 357 27786 27491 16384 449 4147 70676 13 6056 36600 7854 279 2981 9057 13 561 12433 11693 264 11012 72103 13 561 12433 7854 279 2981 9057 13 561 2235 6522 7246 264 23772 6321 13 561 14367 7246 2250 14527 6679 13 561 13159 7246 264 11012 72103 13 357 27786 27491 49992 279 9506 13759 13 561 12433 11693 279 2981 9057 13 561 12433 7854 264 11012 72103 13 561 14367 7854 264 11012 72103 13 561 14367 16384 264 11012 72103 13 561 12433 7246 279 2981 9057 13 561 13159 25624 279 9506 13759 13 561 12433 25624 449 4147 70676 13 6983 12050 49992 264 23772 6321 13 561 37714 11693 279 9506 13759 13 357 28282 16384 279 9506 13759 13 561 2235 6522 16384 2250 14527 6679 13 561 13159 23235 279 11129 29262 13 357 28282 11354 449 4147 70676 13 6983 12050 23235 279 17631 5459 13 6056 36600 49992 264 23772 6321 13 561 2235 6522 49992 264 23772 6321 13 6983 12050 7854 264 11012 72103 13 6983 12050 7854 279 9506 13759 13 561 2235 6522 11693 264 23772 6321 13 357 2526 14882 7854 449 4147 70676 13 357 2526 14882 7246 2250 14527 6679 13 6983 12050 16384 264 11012 72103 13 561 14367 7246 279 9506 13759 13 357 27786 27491 7854 264 11012 72103 13 6056 36600 49992 264 23772 6321 13 357 27786 27491 23235 264 23772 6321 13 561 13159 23235 279 2981 9057 13 6056 36600 11354 279 2981 9057 13 561 13159 23235 264 11012 72103 13 561 12433 11693 2250 14527 6679 13 357 27786 27491 11693 264 23772 6321 13 561 12433 16384 279 2981 9057 13 357 28282 49992 279 17631 5459 13 6983 12050 11354 279 9506 13759 13 561 37714 16384 279 17631 5459 13 357 28282 11354 279 2981 9057 13 357 28282 11693 279 17631 5459 13 561 2235 6522 11693 279 2981 9057 13 561 12433 11693 279 17631 5459 13 561 14367 25624 264 11012 72103 13 357 28282 11693 279 2981 9057 13 6056 36600 23235 264 11012 72103 13 561 37714 23235 264 23772 6321 13 561 12433 7854 449 4147 70676 13 561 12433 23235 279 17631 5459 13 357 28282 16384 279 2981 9057 13 561 12433 25624 264 11012 72103 13 357 27786 27491 11354 279 11129 29262 13 561 2235 6522 23235 264 23772 6321 13 561 37714 49992 279 2981 9057 13 6983 12050 11354 279 2981 9057 13 561 13159 7854 279 11129 29262 13 561 14367 11693 279 11129 29262 13 357 28282 49992 264 11012 72103 13 357 28282 7246 2250 14527 6679 13 6056 36600 49992 2250 14527 6679 13 357 27786 27491 25624 449 4147 70676 13 357 27786 27491 7854 279 2981 9057 13 561 14367 11693 2250 14527 6679 13 357 28282 49992 2250 14527 6679 13 561 12433 7854 264 23772 6321 13 561 14367 11354 2250 14527 6679 13 561 14367 11693 279 11129 29262 13 6983 12050 49992 2250 14527 6679 13 561 2235 6522 11693 279 11129 29262 13 561 12433 7246 279 2981 9057 13 561 14367 11693 449 4147 70676 13 357 2526 14882 16384 279 9506 13759 13 357 2526 14882 16384 279 17631 5459 13 357 27786 27491 23235 264 11012 72103 13 561 12433 11354 264 23772 6321 13 561 37714 11693 279 2981 9057 13 561 2235 6522 11693 449 4147 70676 13 561 14367 11693 264 23772 6321 13 357 28282 23235 449 4147 70676 13 561 37714 16384 264 11012 72103 13 357 28282 25624 279 9506 13759 13 561 13159 49992 264 11012 72103 13 561 12433 11693 449 4147 70676 13 357 2526 14882 49992 279 9506 13759 13 357 2526 14882 49992 264 23772 6321 13 357 27786 27491 11354 264 11012 72103 13 6056 36600 25624 279 11129 29262 13 561 2235 6522 11354 279 2981 9057 13 357 28282 49992 279 17631 5459 13 561 12433 25624 264 23772 6321 13 561 13159 25624 279 2981 9057 13 561 13159 25624 279 17631 5459 13 561 14367 16384 279 2981 9057 13 561 37714 25624 264 11012 72103 13 357 2526 14882 7246 279 9506 13759 13 561 2235 6522 11693 279 2981 9057 13 561 13159 7854 264 23772 6321 13 357 2526 14882 25624 2250 14527 6679 13 6056 36600 25624 264 11012 72103 13 561 12433 7854 449 4147 70676 13 6983 12050 7246 279 11129 29262 13 6056 36600 7854 2250 14527 6679 13 561 2235 6522 11693 449 4147 70676 13 357 28282 23235 2250 14527 6679 13 561 14367 16384 449 4147 70676 13 561 2235 6522 23235 264 23772 6321 13 561 2235 6522 23235 2250 14527 6679 13 561 13159 11354 279 17631 5459 13 6983 12050 23235 279 17631 5459 13 561 12433 11354 279 17631 5459 13 357 2526 14882 11693 264 23772 6321 13 561 12433 23235 279 11129 29262 13 357 2526 14882 23235 279 9506 13759 13 561 13159 16384 264 11012 72103 13 6983 12050 11354 279 9506 13759 13 357 27786 27491 11693 279 17631 5459 13 561 2235 6522 7246 279 11129 29262 13 561 12433 23235 279 9506 13759 13 561 13159 16384 279 2981 9057 13 6983 12050 23235 279 17631 5459 13 357 2526 14882 7246 264 23772 6321 13 561 2235 6522 11354 449 4147 70676 13 357 2526 14882 49992 449 4147 70676 13 6983 12050 23235 264 23772 6321 13 6983 12050 25624 264 11012 72103 13 357 28282 23235 279 17631 5459 13 561 14367 11693 264 23772 6321 13 357 28282 25624 449 4147 70676 13 561 14367 11693 449 4147 70676 13 561 13159 16384 449 4147 70676 13 561 13159 16384 449 4147 70676 13 357 2526 14882 23235 279 11129 29262 13 357 2526 14882 25624 264 11012 72103 13 6056 36600 49992 279 9506 13759 13 561 14367 11693 2250 14527 6679 13 6983 12050 23235 264 23772 6321 13 357 28282 11354 449 4147 70676 13 357 27786 27491 7854 279 17631 5459 13 561 2235 6522 7854 264 11012 72103 13 561 2235 6522 16384 264 23772 6321 13 357 28282 11693 279 17631 5459 13 6983 12050 23235 279 9506 13759 13 561 2235 6522 7854 264 11012 72103 13 561 13159 11693 264 23772 6321 13 561 12433 23235 279 2981 9057 13 6056 36600 11354 279 2981 9057 13 357 27786 27491 7854 279 2981 9057 13 561 2235 6522 11354 264 11012 72103 13 357 27786 27491 23235 279 17631 5459 13 561 14367 11693 279 17631 5459 13 561 37714 11693 449 4147 70676 13 561 2235 6522 11693 279 2981 9057 13 561 2235 6522 49992 279 17631 5459 13 561 13159 7246 279 11129 29262 13 357 27786 27491 16384 2250 14527 6679 13 561 13159 11693 449 4147 70676 13 561 14367 25624 279 17631 5459 13 357 2526 14882 7246 2250 14527 6679 13 561 37714 16384 2250 14527 6679 13 561 37714 7246 2250 14527 6679 13 357 27786 27491 7246 2250 14527 6679 13 357 27786 27491 25624 449 4147 70676 13 357 27786 27491 11693 279 11129 29262 13 561 13159 11354 449 4147 70676 13 561 14367 49992 264 11012 72103 13 357 28282 7854 279 2981 9057 13 357 2526 14882 49992 279 2981 9057 13 6983 12050 23235 279 9506 13759 13 6983 12050 11693 2250 14527 6679 13 561 2235 6522 7854 264 23772 6321 13 357 27786 27491 7854 279 11129 29262 13 561 12433 7246 2250 14527 6679 13 6056 36600 25624 279 2981 9057 13 6983 12050 23235 264 11012 72103 13 561 37714 16384 279 2981 9057 13 561 13159 49992 449 4147 70676 13 357 27786 27491 49992 449 4147 70676 13 561 12433 49992 2250 14527 6679 13 6056 36600 7246 279 2981 9057 13 6983 12050 25624 264 23772 6321 13 561 13159 25624 279 9506 13759 13 357 28282 23235 279 9506 13759 13 357 2526 14882 23235 279 9506 13759 13 561 2235 6522 49992 279 17631 5459 13 561 14367 49992 264 23772 6321 13 561 37714 7854 279 9506 13759 13 357 27786 27491 16384 279 2981 9057 13 561 37714 11354 279 2981 9057 13 357 2526 14882 7854 264 23772 6321 13 357 27786 27491 11693 264 23772 6321 13 561 2235 6522 7854 279 2981 9057 13 561 12433 25624 279 2981 9057 13 561 14367 23235 449 4147 70676 13 6056 36600 49992 279 11129 29262 13 357 2526 14882 11354 264 23772 6321 13 561 37714 23235 449 4147 70676 13 357 28282 23235 279 11129 29262 13 561 13159 16384 279 17631 5459 13 357 2526 14882 7854 264 11012 72103 13 357 2526 14882 11354 279 11129 29262 13 357 2526 14882 16384 449 4147 70676 13 561 2235 6522 7854 279 17631 5459 13 357 28282 11693 2250 14527 6679 13 561 14367 7246 279 2981 9057 13 561 12433 11693 2250 14527 6679 13 561 14367 7854 279 11129 29262 13 357 28282 25624 279 2981 9057 13 561 37714 25624 279 2981 9057 13 561 13159 11693 279 17631 5459 13 6056 36600 7854 279 9506 13759 13 357 28282 7246 279 2981 9057 13 561 12433 11354 264 11012 72103 13 561 14367 7246 264 11012 72103 13 561 14367 11354 264 23772 6321 13 561 2235 6522 25624 449 4147 70676 13 561 2235 6522 25624 279 2981 9057 13 6983 12050 23235 2250 14527 6679 13 357 2526 14882 25624 279 9506 13759 13 357 2526 14882 7854 279 9506 13759 13 561 12433 49992 2250 14527 6679 13 6056 36600 11354 279 2981 9057 13 561 2235 6522 7246 279 2981 9057 13 357 2526 14882 11354 449 4147 70676 13 561 37714 11354 449 4147 70676 13 561 37714 11354 449 4147 70676 13 6056 36600 11354 264 23772 6321 13 561 13159 7246 279 17631 5459 13 561 37714 7246 449 4147 70676 13 561 2235 6522 7854 279 2981 9057 13 561 14367 11354 264 23772 6321 13 561 13159 11693 279 9506 13759 13 561 13159 23235 449 4147 70676 13 357 27786 27491 7246 264 23772 6321 13 561 13159 11693 279 11129 29262 13 6983 12050 11354 264 23772 6321 13 357 2526 14882 16384 264 23772 6321 13 561 2235 6522 49992 279 11129 29262 13 357 28282 49992 279 17631 5459 13 561 2235 6522 7854 264 11012 72103 13 357 27786 27491 7854 279 11129 29262 13 357 27786 27491 7854 279 17631 5459 13 357 28282 7246 264 11012 72103 13 561 13159 16384 264 11012 72103 13 357 27786 27491 7854 449 4147 70676 13 561 12433 25624 449 4147 70676 13 357 2526 14882 25624 279 17631 5459 13 6056 36600 16384 2250 14527 6679 13 357 28282 16384 279 11129 29262 13 357 2526 14882 11693 279 9506 13759 13 357 27786 27491 16384 449 4147 70676 13 357 2526 14882 7854 449 4147 70676 13 357 28282 11354 279 2981 9057 13 561 12433 11354 279 2981 9057 13 357 2526 14882 7854 2250 14527 6679 13 561 12433 11354 449 4147 70676 13 6056 36600 11354 264 11012 72103 13 357 28282 11354 2250 14527 6679 13 6056 36600 49992 264 11012 72103 13 561 12433 23235 279 2981 9057 13 561 2235 6522 25624 279 2981 9057 13 561 37714 16384 264 23772 6321 13 561 2235 6522 7246 2250 14527 6679 13 6056 36600 11693 279 11129 29262 13 561 12433 11354 2250 14527 6679 13 561 2235 6522 16384 264 11012 72103 13 561 13159 49992 2250 14527 6679 13 357 28282 7854 449 4147 70676 13 357 2526 14882 11354 279 9506 13759 13 6983 12050 49992 449 4147 70676 13 561 37714 11693 279 11129 29262 13 561 2235 6522 25624 264 23772 6321 13 561 13159 7246 279 2981 9057 13 6056 36600 49992 449 4147 70676 13 561 12433 23235 264 11012 72103 13 561 37714 49992 264 23772 6321 13 561 2235 6522 23235 264 11012 72103 13 357 2526 14882 7854 264 11012 72103 13 561 2235 6522 49992 279 11129 29262 13 357 2526 14882 7854 279 2981 9057 13 357 2526 14882 11354 264 23772 6321 13 6983 12050 49992 264 11012 72103 13 561 12433 49992 264 23772 6321 13 357 27786 27491 23235 449 4147 70676 13 6983 12050 7246 264 23772 6321 13 6983 12050 11693 279 11129 29262 13 561 12433 11693 264 11012 72103 13 561 13159 11354 2250 14527 6679 13 561 37714 25624 2250 14527 6679 13 561 37714 25624 2250 14527 6679 13 357 28282 16384 264 11012 72103 13 6983 12050 11354 279 11129 29262 13 561 14367 7854 264 11012 72103 13 561 12433 23235 279 17631 5459 13 561 37714 7854 264 23772 6321 13 357 27786 27491 7246 279 17631 5459 13 357 27786 27491 11693 279 2981 9057 13 6983 12050 25624 2250 14527 6679 13 357 28282 16384 264 23772 6321 13 561 13159 7854 279 17631 5459 13 357 28282 7854 264 11012 72103 13 561 12433 7246 279 9506 13759 13 357 2526 14882 11354 279 17631 5459 13 561 14367 7854 279 9506 13759 13 561 2235 6522 23235 264 23772 6321 13 561 37714 7246 264 23772 6321 13 357 2526 14882 16384 279 2981 9057 13 561 2235 6522 7246 279 2981 9057 13 561 2235 6522 25624 264 11012 72103 13 561 2235 6522 16384 264 11012 72103 13 561 37714 49992 279 9506 13759 13 6056 36600 11354 279 17631 5459 13 6983 12050 7854 279 2981 9057 13 6983 12050 11354 2250 14527 6679 13 357 2526 14882 11693 264 11012 72103 13 6056 36600 7854 279 9506 13759 13 357 2526 14882 49992 279 17631 5459 13 6983 12050 11354 449 4147 70676 13 561 37714 11693 279 17631 5459 13 357 27786 27491 7246 2250 14527 6679 13 357 28282 16384 264 11012 72103 13 357 2526 14882 25624 264 23772 6321 13 357 28282 7854 279 11129 29262 13 357 28282 49992 2250 14527 6679 13 561 2235 6522 7246 279 11129 29262 13 561 13159 23235 264 11012 72103 13 561 37714 7854 279 2981 9057 13 357 27786 27491 11354 449 4147 70676 13 357 28282 7246 279 17631 5459 13 561 12433 11354 264 23772 6321 13 561 14367 25624 2250 14527 6679 13 561 37714 7854 279 2981 9057 13 6983 12050 11693 279 9506 13759 13 561 12433 49992 264 11012 72103 13 6983 12050 49992 279 17631 5459 13 6983 12050 7854 264 11012 72103 13 6983 12050 7854 264 11012 72103 13 561 37714 16384 264 23772 6321 13 357 2526 14882 11693 279 11129 29262 13 357 2526 14882 11693 279 17631 5459 13 561 13159 7854 279 9506 13759 13 357 28282 7246 264 11012 72103 13 357 28282 11354 2250 14527 6679 13 561 12433 25624 279 9506 13759 13 561 37714 49992 279 11129 29262 13 6983 12050 25624 449 4147 70676 13 357 27786 27491 49992 279 11129 29262 13 357 28282 49992 279 2981 9057 13 561 2235 6522 25624 449 4147 70676 13 561 13159 7246 279 17631 5459 13 561 2235 6522 11354 264 11012 72103 13 357 28282 23235 2250 14527 6679 13 561 14367 11693 279 11129 29262 13 357 2526 14882 7246 264 23772 6321 13 561 13159 16384 279 2981 9057 13 6056 36600 49992 279 2981 9057 13 561 14367 7246 264 11012 72103 13 561 37714 7854 2250 14527 6679 13 561 2235 6522 16384 264 11012 72103 13 357 28282 7854 264 11012 72103 13 6983 12050 11354 279 2981 9057 13 561 14367 23235 264 11012 72103 13 561 12433 23235 449 4147 70676 13 357 27786 27491 11693 279 11129 29262 13 561 37714 11693 449 4147 70676 13 357 2526 14882 7246 264 23772 6321 13 357 2526 14882 11693 279 11129 29262 13 561 37714 7246 279 17631 5459 13 561 13159 7854 279 2981 9057 13 561 14367 16384 279 11129 29262 13 357 28282 49992 264 23772 6321 13 561 37714 49992 2250 14527 6679 13 561 37714 7854 279 11129 29262 13 561 12433 7854 279 17631 5459 13 561 12433 49992 264 23772 6321 13 6983 12050 49992 264 23772 6321 13 561 12433 49992 264 23772 6321 13 357 28282 23235 2250 14527 6679 13 6983 12050 7854 279 11129 29262 13 357 2526 14882 11354 279 11129 29262 13 561 37714 11354 264 23772 6321 13 357 2526 14882 7854 279 17631 5459 13 561 13159 16384 2250 14527 6679 13 357 2526 14882 23235 449 4147 70676 13 357 28282 7246 449 4147 70676 13 357 28282 23235 2250 14527 6679 13 561 12433 49992 279 17631 5459 13 561 2235 6522 23235 279 9506 13759 13 6056 36600 16384 279 9506 13759 13 561 2235 6522 23235 279 2981 9057 13 561 2235 6522 7246 264 23772 6321 13 561 12433 11354 2250 14527 6679 13 357 2526 14882 11354 279 2981 9057 13 561 14367 7854 279 9506 13759 13 6983 12050 7246 264 23772 6321 13 561 37714 25624 264 11012 72103 13 561 12433 49992 279 9506 13759 13 357 27786 27491 16384 279 17631 5459 13 561 13159 7854 279 2981 9057 13 561 13159 11354 264 23772 6321 13 357 28282 23235 264 23772 6321 13 561 2235 6522 11354 2250 14527 6679 13 6983 12050 11354 2250 14527 6679 13 561 12433 25624 2250 14527 6679 13 6983 12050 11693 449 4147 70676 13 357 27786 27491 23235 264 11012 72103 13 561 14367 23235 264 11012 72103 13 561 37714 49992 264 11012 72103 13 6983 12050 11693 449 4147 70676 13 561 12433 7854 264 23772 6321 13 561 14367 11693 264 11012 72103 13 357 2526 14882 7854 2250 14527 6679 13 561 13159 11693 264 23772 6321 13 357 27786 27491 11693 279 9506 13759 13 561 14367 16384 279 11129 29262 13 6056 36600 49992 449 4147 70676 13 561 14367 11354 279 9506 13759 13 6056 36600 11693 279 2981 9057 13 357 27786 27491 49992 279 9506 13759 13 561 2235 6522 25624 279 11129 29262 13 6056 36600 25624 279 11129 29262 13 6056 36600 11693 279 17631 5459 13 357 28282 25624 264 11012 72103 13 561 2235 6522 23235 279 17631 5459 13 561 13159 7854 449 4147 70676 13 561 12433 23235 264 23772 6321 13 561 2235 6522 25624 449 4147 70676 13 357 28282 23235 279 11129 29262 13 561 37714 11693 2250 14527 6679 13 561 13159 23235 264 23772 6321 13 357 27786 27491 16384 279 11129 29262 13 357 28282 23235 264 11012 72103 13 357 2526 14882 23235 279 2981 9057 13 357 2526 14882 25624 264 23772 6321 13 561 2235 6522 7854 279 17631 5459 13 357 2526 14882 11693 279 9506 13759 13 561 14367 7246 2250 14527 6679 13 561 37714 49992 264 23772 6321 13 561 13159 16384 2250 14527 6679 13 561 2235 6522 49992 279 2981 9057 13 357 2526 14882 11354 279 17631 5459 13 561 13159 11693 264 23772 6321 13 561 13159 11354 449 4147 70676 13 561 37714 49992 2250 14527 6679 13 561 37714 7246 264 11012 72103 13 561 2235 6522 7246 279 11129 29262 13 561 37714 7246 279 2981 9057 13 561 37714 23235 279 11129 29262 13 561 37714 7246 449 4147 70676 13 357 27786 27491 25624 279 2981 9057 13 561 12433 16384 279 11129 29262 13 6983 12050 11693 449 4147 70676 13 357 2526 14882 7246 264 23772 6321 13 6056 36600 49992 279 2981 9057 13 561 14367 25624 264 11012 72103 13 357 27786 27491 11354 279 2981 9057 13 561 12433 25624 279 2981 9057 13 561 37714 11354 279 17631 5459 13 357 27786 27491 11693 449 4147 70676 13 357 28282 49992 2250 14527 6679 13 561 2235 6522 11693 264 23772 6321 13 357 2526 14882 11354 279 2981 9057 13 357 2526 14882 23235 264 11012 72103 13 357 28282 11354 264 11012 72103 13 561 14367 7246 279 11129 29262 13 561 12433 16384 264 11012 72103 13 6983 12050 49992 279 11129 29262 13 561 37714 11354 279 17631 5459 13 561 12433 11693 279 11129 29262 13 357 28282 49992 279 2981 9057 13 561 13159 49992 279 9506 13759 13 6056 36600 11693 2250 14527 6679 13 561 12433 16384 2250 14527 6679 13 561 2235 6522 16384 279 9506 13759 13 561 14367 11693 264 11012 72103 13 6983 12050 49992 264 23772 6321 13 6056 36600 23235 449 4147 70676 13 561 14367 23235 279 9506 13759 13 6983 12050 7246 264 23772 6321 13 6056 36600 7854 279 2981 9057 13 561 37714 7246 279 9506 13759 13 561 2235 6522 49992 2250 14527 6679 13 6983 12050 11693 264 23772 6321 13 357 27786 27491 25624 279 11129 29262 13 561 12433 23235 264 11012 72103 13 6056 36600 16384 279 9506 13759 13 357 27786 27491 11693 264 23772 6321 13 561 13159 11354 279 11129 29262 13 561 12433 7246 279 2981 9057 13 561 2235 6522 16384 264 11012 72103 13 561 13159 49992 279 9506 13759 13 561 13159 11693 264 11012 72103 13 561 2235 6522 7854 279 2981 9057 13 561 37714 7246 264 23772 6321 13 6983 12050 7854 279 9506 13759 13 561 12433 7246 264 11012 72103 13 561 2235 6522 11693 279 2981 9057 13 6056 36600 11693 449 4147 70676 13 561 37714 49992 264 11012 72103 13 561 14367 11693 449 4147 70676 13 561 14367 25624 279 9506 13759 13 6983 12050 16384 2250 14527 6679 13 357 27786 27491 7246 264 23772 6321 13 357 2526 14882 25624 449 4147 70676 13 357 28282 7246 279 11129 29262 13 561 2235 6522 16384 264 11012 72103 13 561 14367 11354 2250 14527 6679 13 6983 12050 11693 264 11012 72103 13 561 12433 16384 264 11012 72103 13 561 12433 49992 279 2981 9057 13 561 12433 11354 279 11129 29262 13 6056 36600 11693 264 23772 6321 13 6983 12050 7854 264 11012 72103 13 6983 12050 11354 264 11012 72103 13 357 2526 14882 25624 449 4147 70676 13 6056 36600 11354 2250 14527 6679 13 6983 12050 23235 279 17631 5459 13 357 2526 14882 7854 279 9506 13759 13 561 37714 7854 2250 14527 6679 13 561 12433 7854 264 11012 72103 13 357 27786 27491 49992 279 9506 13759 13 357 27786 27491 49992 279 11129 29262 13 561 2235 6522 7854 279 9506 13759 13 6983 12050 11354 2250 14527 6679 13 6056 36600 11693 264 11012 72103 13 357 28282 23235 279 9506 13759 13 561 14367 11354 279 11129 29262 13 6056 36600 7246 2250 14527 6679 13 6056 36600 7246 279 11129 29262 13 561 13159 11693 279 2981 9057 13 561 13159 11354 279 11129 29262 13 561 14367 7854 449 4147 70676 13 357 2526 14882 11693 264 23772 6321 13 357 28282 7246 279 17631 5459 13 357 28282 16384 279 17631 5459 13 561 12433 16384 279 2981 9057 13 357 28282 25624 264 11012 72103 13 561 12433 11354 264 23772 6321 13 561 2235 6522 7854 279 9506 13759 13 357 28282 25624 449 4147 70676 13 561 12433 49992 449 4147 70676 13 561 13159 25624 279 9506 13759 13 6983 12050 7854 2250 14527 6679 13 357 2526 14882 49992 279 9506 13759 13 561 13159 16384 264 11012 72103 13 357 27786 27491 11354 449 4147 70676 13 561 12433 11693 279 2981 9057 13 6056 36600 7854 279 11129 29262 13 357 2526 14882 7246 279 2981 9057 13 561 13159 7246 279 11129 29262 13 6983 12050 25624 279 17631 5459 13 561 13159 25624 279 17631 5459 13 357 27786 27491 49992 279 11129 29262 13 357 27786 27491 49992 264 11012 72103 13 357 28282 25624 279 9506 13759 13 561 12433 11354 279 9506 13759 13 357 2526 14882 7246 449 4147 70676 13 357 28282 11354 279 17631 5459 13 561 2235 6522 11693 264 11012 72103 13 357 28282 11693 264 11012 72103 13 561 2235 6522 16384 279 9506 13759 13 6056 36600 16384 2250 14527 6679 13 357 2526 14882 11354 264 11012 72103 13 561 37714 7854 279 11129 29262 13 357 27786 27491 11354 264 11012 72103 13 357 28282 7854 264 11012 72103 13 357 27786 27491 11693 279 11129 29262 13 6056 36600 16384 279 2981 9057 13 357 27786 27491 7854 279 17631 5459 13 561 12433 49992 264 23772 6321 13 561 12433 16384 264 11012 72103 13 357 28282 49992 264 23772 6321 13 6983 12050 23235 264 11012 72103 13 357 2526 14882 16384 279 11129 29262 13 357 2526 14882 11693 279 9506 13759 13 561 37714 16384 2250 14527 6679 13 561 13159 49992 279 11129 29262 13 357 27786 27491 11693 279 2981 9057 13 561 37714 7246 279 17631 5459 13 357 28282 16384 279 2981 9057 13 357 2526 14882 16384 2250 14527 6679 13 561 13159 49992 279 2981 9057 13 357 28282 16384 264 11012 72103 13 561 2235 6522 49992 279 9506 13759 13 561 14367 11693 279 9506 13759 13 561 13159 7854 2250 14527 6679 13 357 2526 14882 16384 279 9506 13759 13 357 27786 27491 7854 279 9506 13759 13 6983 12050 7854 279 2981 9057 13 561 37714 23235 449 4147 70676 13 561 14367 25624 2250 14527 6679 13 357 28282 7246 264 23772 6321 13 561 12433 49992 449 4147 70676 13 357 2526 14882 16384 264 23772 6321 13 561 2235 6522 7246 279 2981 9057 13 357 28282 7246 2250 14527 6679 13 6056 36600 23235 264 11012 72103 13 561 37714 7246 279 2981 9057 13 561 37714 11693 264 23772 6321 13 561 12433 16384 264 11012 72103 13 561 12433 11693 279 9506 13759 13 561 14367 7854 2250 14527 6679 13 561 13159 49992 279 17631 5459 13 6056 36600 7854 279 17631 5459 13 357 28282 11693 279 9506 13759 13 561 12433 11693 279 17631 5459 13 357 27786 27491 25624 449 4147 70676 13 561 13159 25624 2250 14527 6679 13 6056 36600 16384 2250 14527 6679 13 561 14367 23235 279 17631 5459 13 357 28282 11354 449 4147 70676 13 561 37714 7246 279 9506 13759 13 561 2235 6522 49992 279 11129 29262 13 357 2526 14882 7854 279 2981 9057 13 6983 12050 25624 264 23772 6321 13 357 27786 27491 7854 2250 14527 6679 13 561 12433 23235 279 17631 5459 13 561 37714 23235 264 11012 72103 13 561 14367 23235 279 11129 29262 13 561 12433 16384 279 9506 13759 13 561 37714 49992 449 4147 70676 13 6056 36600 49992 264 23772 6321 13 357 28282 7246 264 11012 72103 13 6983 12050 7246 2250 14527 6679 13 561 2235 6522 11693 449 4147 70676 13 357 2526 14882 11693 264 23772 6321 13 6056 36600 49992 279 17631 5459 13 561 2235 6522 11354 279 2981 9057 13 6056 36600 25624 264 11012 72103 13 6056 36600 11354 279 17631 5459 13 6056 36600 7854 264 11012 72103 13 561 13159 11693 279 2981 9057 13 561 14367 7854 2250 14527 6679 13 357 2526 14882 16384 449 4147 70676 13 561 13159 7854 279 17631 5459 13 561 37714 11354 264 23772 6321 13 561 14367 7854 2250 14527 6679 13 6983 12050 23235 279 17631 5459 13 561 14367 25624 279 17631 5459 13 561 13159 49992 449 4147 70676 13 357 2526 14882 25624 279 9506 13759 13 357 27786 27491 23235 279 17631 5459 13 561 13159 16384 279 9506 13759 13 357 27786 27491 25624 449 4147 70676 13 561 37714 7854 264 11012 72103 13 6056 36600 25624 279 9506 13759 13 357 28282 49992 279 9506 13759 13 561 37714 11354 264 11012 72103 13 357 27786 27491 49992 279 11129 29262 13 561 14367 7854 279 11129 29262 13 561 14367 49992 2250 14527 6679 13 357 2526 14882 49992 279 9506 13759 13 357 28282 16384 279 17631 5459 13 357 2526 14882 16384 2250 14527 6679 13 357 27786 27491 7854 279 17631 5459 13 561 13159 49992 279 2981 9057 13 357 27786 27491 49992 279 11129 29262 13 561 37714 11354 279 11129 29262 13 561 14367 7246 264 23772 6321 13 561 14367 11693 279 17631 5459 13 561 2235 6522 16384 2250 14527 6679 13 561 13159 11693 264 23772 6321 13 357 27786 27491 7246 264 11012 72103 13 6983 12050 49992 279 9506 13759 13 357 2526 14882 7246 449 4147 70676 13 561 2235 6522 16384 264 23772 6321 13 561 14367 16384 449 4147 70676 13 561 14367 25624 279 2981 9057 13 561 14367 7854 264 11012 72103 13 357 2526 14882 23235 264 11012 72103 13 561 2235 6522 7854 279 2981 9057 13 561 12433 11354 264 11012 72103 13 6056 36600 7246 449 4147 70676 13 357 28282 11693 279 2981 9057 13 561 12433 11693 279 17631 5459 13 561 14367 16384 264 11012 72103 13 561 2235 6522 49992 264 23772 6321 13 561 2235 6522 7246 264 23772 6321 13 561 13159 7246 449 4147 70676 13 561 12433 16384 279 2981 9057 13 561 2235 6522 23235 279 2981 9057 13 6983 12050 11354 264 11012 72103 13 6983 12050 16384 279 17631 5459 13 561 12433 23235 264 11012 72103 13 561 12433 49992 279 2981 9057 13 6056 36600 25624 264 11012 72103 13 357 2526 14882 7854 279 2981 9057 13 561 2235 6522 11693 264 11012 72103 13 561 14367 25624 279 9506 13759 13 357 28282 7246 2250 14527 6679 13 6056 36600 11354 279 9506 13759 13 6056 36600 25624 279 17631 5459 13 561 13159 23235 2250 14527 6679 13 6983 12050 7854 264 23772 6321 13 6056 36600 23235 279 2981 9057 13 561 13159 25624 279 11129 29262 13 561 13159 16384 279 11129 29262 13 357 28282 11693 279 9506 13759 13 357 2526 14882 49992 279 11129 29262 13 6983 12050 49992 279 11129 29262 13 561 13159 25624 264 11012 72103 13 6056 36600 25624 449 4147 70676 13 561 13159 16384 449 4147 70676 13 561 12433 7854 264 11012 72103 13 6983 12050 7246 279 9506 13759 13 6983 12050 11354 449 4147 70676 13 561 13159 23235 279 9506 13759 13 357 28282 25624 279 9506 13759 13 561 2235 6522 16384 279 9506 13759 13 561 37714 7246 279 11129 29262 13 357 2526 14882 49992 449 4147 70676 13 561 12433 49992 279 2981 9057 13 561 2235 6522 16384 279 17631 5459 13 561 13159 11354 279 11129 29262 13 561 37714 49992 264 23772 6321 13 6983 12050 7854 279 17631 5459 13 6056 36600 7854 2250 14527 6679 13 357 28282 25624 2250 14527 6679 13 561 12433 7854 2250 14527 6679 13 561 13159 23235 449 4147 70676 13 561 13159 23235 279 9506 13759 13 357 28282 11693 264 11012 72103 13 561 12433 25624 449 4147 70676 13 561 13159 23235 279 9506 13759 13 561 2235 6522 11693 279 9506 13759 13 357 2526 14882 16384 279 9506 13759 13 357 2526 14882 49992 449 4147 70676 13 561 14367 49992 2250 14527 6679 13 561 14367 7246 279 17631 5459 13 357 2526 14882 16384 264 11012 72103 13 6983 12050 11693 449 4147 70676 13 561 12433 49992 279 9506 13759 13 561 37714 25624 279 17631 5459 13 357 28282 7246 2250 14527 6679 13 357 28282 7854 279 2981 9057 13 561 37714 16384 264 23772 6321 13 357 28282 7246 264 23772 6321 13 561 13159 11693 264 11012 72103 13 561 14367 25624 449 4147 70676 13 357 2526 14882 11354 279 9506 13759 13 561 12433 23235 449 4147 70676 13 6983 12050 16384 279 2981 9057 13 6056 36600 7246 279 2981 9057 13 6056 36600 23235 279 2981 9057 13 357 27786 27491 7854 264 11012 72103 13 6983 12050 16384 264 23772 6321 13 561 12433 11693 264 11012 72103 13 561 37714 23235 279 9506 13759 13 6983 12050 23235 279 17631 5459 13 561 14367 49992 279 9506 13759 13 357 2526 14882 16384 449 4147 70676 13 6983 12050 11693 279 11129 29262 13 6983 12050 23235 449 4147 70676 13 357 27786 27491 23235 279 9506 13759 13 357 28282 11354 279 17631 5459 13 357 27786 27491 7854 264 23772 6321 13 6056 36600 11693 279 9506 13759 13 561 37714 11693 449 4147 70676 13 561 14367 49992 2250 14527 6679 13 357 2526 14882 49992 279 17631 5459 13 561 12433 16384 279 2981 9057 13 6056 36600 11693 279 11129 29262 13 561 37714 49992 279 2981 9057 13 6983 12050 16384 279 9506 13759 13 357 2526 14882 11354 264 11012 72103 13 561 12433 23235 2250 14527 6679 13 357 27786 27491 7246 279 2981 9057 13 561 13159 16384 264 11012 72103 13 357 2526 14882 7246 264 11012 72103 13 561 12433 16384 279 9506 13759 13 561 12433 49992 279 11129 29262 13 561 37714 23235 279 11129 29262 13 561 14367 11693 264 23772 6321 13 6983 12050 23235 2250 14527 6679 13 561 13159 16384 264 23772 6321 13 561 14367 16384 279 11129 29262 13 561 14367 16384 279 2981 9057 13 6983 12050 23235 264 11012 72103 13 357 2526 14882 23235 264 11012 72103 13 561 37714 7246 279 9506 13759 13 561 12433 25624 449 4147 70676 13 6056 36600 16384 264 23772 6321 13 561 37714 11354 264 23772 6321 13 561 13159 16384 279 2981 9057 13 6056 36600 49992 264 23772 6321 13 561 2235 6522 11693 279 11129 29262 13 357 27786 27491 25624 2250 14527 6679 13 6983 12050 11693 279 17631 5459 13 6983 12050 11693 279 2981 9057 13 561 37714 49992 264 23772 6321 13 6056 36600 23235 279 17631 5459 13 6983 12050 11693 279 9506 13759 13 561 37714 49992 2250 14527 6679 13 561 14367 23235 279 17631 5459 13 357 28282 16384 264 23772 6321 13 357 28282 49992 279 2981 9057 13 561 37714 7246 264 11012 72103 13 561 37714 7246 279 9506 13759 13 561 2235 6522 16384 2250 14527 6679 13 357 27786 27491 23235 449 4147 70676 13 357 28282 49992 264 23772 6321 13 561 13159 11693 264 23772 6321 13 561 14367 49992 449 4147 70676 13 6983 12050 11693 264 11012 72103 13 6056 36600 11693 264 11012 72103 13 357 2526 14882 7246 264 11012 72103 13 6983 12050 23235 264 23772 6321 13 357 28282 7854 264 11012 72103 13 561 37714 11354 279 11129 29262 13 561 13159 49992 449 4147 70676 13 561 12433 23235 279 11129 29262 13 561 37714 11354 2250 14527 6679 13 6056 36600 7246 264 11012 72103 13 6983 12050 23235 279 9506 13759 13 6983 12050 25624 264 11012 72103 13 561 37714 11354 279 2981 9057 13 561 14367 49992 449 4147 70676 13 357 27786 27491 16384 279 11129 29262 13 561 14367 7854 279 11129 29262 13 561 37714 11354 279 11129 29262 13 561 2235 6522 49992 2250 14527 6679 13 6983 12050 11693 279 2981 9057 13 561 14367 16384 279 2981 9057 13 6056 36600 7854 264 23772 6321 13 561 14367 7854 279 9506 13759 13 561 14367 25624 449 4147 70676 13 357 27786 27491 11354 279 9506 13759 13 561 2235 6522 49992 449 4147 70676 13 561 2235 6522 7246 279 9506 13759 13 561 2235 6522 7854 279 11129 29262 13 561 12433 25624 2250 14527 6679 13 357 28282 49992 264 23772 6321 13 357 27786 27491 25624 279 2981 9057 13 561 37714 11693 279 2981 9057 13 561 14367 25624 264 23772 6321 13 6983 12050 23235 2250 14527 6679 13 357 28282 11354 279 9506 13759 13 561 2235 6522 11354 264 11012 72103 13 6056 36600 49992 2250 14527 6679 13 561 13159 16384 2250 14527 6679 13 561 2235 6522 49992 449 4147 70676 13 561 2235 6522 11354 264 23772 6321 13 561 37714 11693 264 23772 6321 13 357 28282 11693 449 4147 70676 13 357 28282 25624 264 23772 6321 13 561 37714 7246 279 17631 5459 13 561 12433 11354 449 4147 70676 13 357 27786 27491 7854 279 17631 5459 13 561 2235 6522 23235 279 9506 13759 13 561 13159 25624 279 9506 13759 13 6983 12050 23235 279 9506 13759 13 561 2235 6522 7854 279 11129 29262 13 357 2526 14882 16384 264 11012 72103 13 6056 36600 11354 264 23772 6321 13 357 28282 7854 449 4147 70676 13 6056 36600 7246 264 11012 72103 13 357 2526 14882 11354 2250 14527 6679 13 357 27786 27491 11354 279 2981 9057 13 561 14367 16384 449 4147 70676 13 357 2526 14882 11354 2250 14527 6679 13 6983 12050 49992 279 11129 29262 13 6056 36600 49992 279 9506 13759 13 357 28282 11693 279 2981 9057 13 357 2526 14882 25624 264 23772 6321 13 357 27786 27491 49992 279 2981 9057 13 561 14367 7854 2250 14527 6679 13 357 28282 49992 449 4147 70676 13 357 27786 27491 7246 264 11012 72103 13 357 27786 27491 11354 279 9506 13759 13 561 13159 11693 264 11012 72103 13 357 27786 27491 11693 449 4147 70676 13 357 2526 14882 11693 264 23772 6321 13 357 28282 49992 279 2981 9057 13 561 37714 23235 264 11012 72103 13 357 2526 14882 11354 264 11012 72103 13 561 12433 7854 279 2981 9057 13 561 37714 23235 279 17631 5459 13 6056 36600 25624 264 23772 6321 13 561 37714 11693 279 2981 9057 13 561 12433 7246 279 11129 29262 13 561 12433 16384 449 4147 70676 13 561 2235 6522 16384 279 11129 29262 13 6056 36600 11693 279 2981 9057 13 357 27786 27491 11693 449 4147 70676 13 561 2235 6522 11693 264 23772 6321 13 561 2235 6522 7854 279 11129 29262 13 561 13159 49992 279 9506 13759 13 561 2235 6522 23235 279 17631 5459 13 561 13159 16384 279 2981 9057 13 561 37714 23235 2250 14527 6679 13 561 13159 16384 279 2981 9057 13 561 2235 6522 23235 449 4147 70676 13 561 37714 11693 279 2981 9057 13 561 2235 6522 23235 279 11129 29262 13 561 14367 7854 279 2981 9057 13 357 28282 16384 264 11012 72103 13 6983 12050 25624 279 11129 29262 13 561 37714 49992 264 23772 6321 13 357 27786 27491 11693 279 11129 29262 13 561 12433 23235 279 17631 5459 13 357 27786 27491 25624 279 17631 5459 13 561 14367 7246 279 11129 29262 13 561 37714 25624 279 9506 13759 13 6983 12050 11693 449 4147 70676 13 561 37714 23235 449 4147 70676 13 561 14367 16384 279 11129 29262 13 357 28282 7854 264 23772 6321 13 561 37714 16384 264 11012 72103 13 6983 12050 23235 279 11129 29262 13 561 12433 16384 264 11012 72103 13 6983 12050 11354 264 11012 72103 13 357 27786 27491 7854 264 23772 6321 13 357 27786 27491 7246 279 9506 13759 13 357 2526 14882 16384 2250 14527 6679 13 561 2235 6522 16384 279 2981 9057 13 357 27786 27491 25624 279 2981 9057 13 561 14367 11693 264 23772 6321 13 561 37714 49992 279 2981 9057 13 561 37714 7854 449 4147 70676 13 561 2235 6522 11354 264 23772 6321 13 357 28282 11354 264 23772 6321 13 561 2235 6522 11354 279 17631 5459 13 561 2235 6522 7246 279 11129 29262 13 561 12433 25624 279 2981 9057 13 561 13159 7246 279 11129 29262 13 357 2526 14882 7246 279 2981 9057 13 6056 36600 7246 449 4147 70676 13 561 13159 7246 279 2981 9057 13 561 12433 7854 279 2981 9057 13 561 37714 23235 2250 14527 6679 13 561 13159 23235 264 11012 72103 13 561 37714 23235 449 4147 70676 13 357 28282 25624 279 11129 29262 13 357 27786 27491 25624 279 2981 9057 13 357 2526 14882 23235 279 9506 13759 13 561 14367 25624 264 11012 72103 13 561 2235 6522 7854 279 11129 29262 13 357 2526 14882 11354 279 2981 9057 13 561 12433 25624 264 23772 6321 13 357 2526 14882 23235 279 2981 9057 13 6056 36600 49992 279 17631 5459 13 357 2526 14882 16384 264 23772 6321 13 561 37714 25624 264 23772 6321 13 561 14367 23235 279 9506 13759 13 357 2526 14882 23235 449 4147 70676 13 561 12433 7246 264 11012 72103 13 561 12433 25624 2250 14527 6679 13 561 13159 11354 279 17631 5459 13 561 37714 16384 279 2981 9057 13 561 13159 25624 279 2981 9057 13 6983 12050 25624 279 2981 9057 13 6056 36600 11354 2250 14527 6679 13 561 14367 11693 279 17631 5459 13 6983 12050 7246 279 9506 13759 13 561 37714 7246 279 2981 9057 13 561 37714 7854 449 4147 70676 13 561 12433 11354 2250 14527 6679 13 357 2526 14882 16384 449 4147 70676 13 561 14367 23235 279 9506 13759 13 561 2235 6522 49992 279 2981 9057 13 357 27786 27491 23235 279 17631 5459 13 6056 36600 7246 279 17631 5459 13 357 2526 14882 49992 279 9506 13759 13 357 2526 14882 11354 449 4147 70676 13 561 14367 25624 449 4147 70676 13 357 28282 25624 279 9506 13759 13 357 2526 14882 11693 279 11129 29262 13 6056 36600 25624 449 4147 70676 13 561 37714 49992 279 11129 29262 13 561 37714 23235 449 4147 70676 13 6983 12050 7854 264 11012 72103 13 561 13159 25624 264 23772 6321 13 561 2235 6522 7854 2250 14527 6679 13 6983 12050 11693 2250 14527 6679 13 6983 12050 23235 279 17631 5459 13 561 13159 16384 279 11129 29262 13 561 14367 11354 279 9506 13759 13 561 12433 7854 279 11129 29262 13 357 27786 27491 7246 449 4147 70676 13 6056 36600 49992 279 11129 29262 13 561 13159 11354 264 11012 72103 13 6056 36600 23235 279 2981 9057 13 561 37714 11354 449 4147 70676 13 561 2235 6522 11693 279 11129 29262 13 357 2526 14882 25624 264 23772 6321 13 561 14367 23235 264 23772 6321 13 561 13159 25624 264 23772 6321 13 357 2526 14882 23235 279 11129 29262 13 561 2235 6522 7246 279 17631 5459 13 357 27786 27491 25624 449 4147 70676 13 561 37714 23235 2250 14527 6679 13 561 37714 25624 279 17631 5459 13 357 2526 14882 11693 279 9506 13759 13 561 37714 16384 264 23772 6321 13 561 12433 11354 264 11012 72103 13 561 37714 16384 264 23772 6321 13 357 28282 7854 279 11129 29262 13 561 14367 23235 279 9506 13759 13 561 14367 16384 279 11129 29262 13 561 14367 23235 279 17631 5459 13 357 27786 27491 11354 2250 14527 6679 13 561 37714 49992 264 11012 72103 13 357 27786 27491 23235 264 11012 72103 13 561 37714 16384 264 23772 6321 13 357 28282 7246 264 11012 72103 13 6056 36600 49992 2250 14527 6679 13 561 2235 6522 16384 264 23772 6321 13 6056 36600 16384 279 9506 13759 13 357 27786 27491 11693 264 11012 72103 13 561 14367 11354 279 2981 9057 13 6056 36600 23235 279 2981 9057 13 561 13159 7854 279 11129 29262 13 561 13159 11693 279 17631 5459 13 357 28282 7246 279 2981 9057 13 561 12433 49992 279 2981 9057 13 561 14367 11354 264 23772 6321 13 357 2526 14882 11354 279 17631 5459 13 561 13159 16384 2250 14527 6679 13 6983 12050 25624 449 4147 70676 13 6983 12050 25624 2250 14527 6679 13 357 28282 11693 2250 14527 6679 13 357 28282 49992 264 11012 72103 13 357 2526 14882 7854 264 23772 6321 13 6056 36600 7246 279 9506 13759 13 6056 36600 7246 264 23772 6321 13 561 13159 49992 279 2981 9057 13 561 37714 25624 264 11012 72103 13 6056 36600 49992 264 11012 72103 13 357 28282 11693 264 23772 6321 13 561 2235 6522 25624 279 9506 13759 13 6056 36600 49992 279 9506 13759 13 561 2235 6522 7854 449 4147 70676 13 561 2235 6522 49992 279 11129 29262 13 561 37714 25624 279 2981 9057 13 357 2526 14882 23235 2250 14527 6679 13 357 27786 27491 11693 2250 14527 6679 13 6056 36600 7854 449 4147 70676 13 561 13159 7246 2250 14527 6679 13 6983 12050 23235 264 23772 6321 13 357 28282 25624 279 11129 29262 13 357 28282 49992 279 2981 9057 13 6056 36600 49992 279 17631 5459 13 561 13159 25624 279 17631 5459 13 561 37714 7854 2250 14527 6679 13 561 14367 7246 2250 14527 6679 13 357 2526 14882 7854 264 23772 6321 13 6983 12050 23235 2250 14527 6679 13 561 37714 16384 2250 14527 6679 13 561 14367 11693 264 23772 6321 13 561 37714 11354 279 17631 5459 13 561 12433 11354 264 11012 72103 13 561 14367 7854 279 9506 13759 13 6056 36600 23235 279 17631 5459 13 357 27786 27491 49992 279 2981 9057 13 357 27786 27491 11354 279 2981 9057 13 6056 36600 23235 279 11129 29262 13 561 37714 49992 279 17631 5459 13 561 12433 23235 264 23772 6321 13 561 14367 25624 264 11012 72103 13 6056 36600 11354 279 9506 13759 13 357 28282 49992 264 11012 72103 13 357 28282 16384 279 17631 5459 13 561 13159 25624 2250 14527 6679 13 561 13159 11693 264 11012 72103 13 357 2526 14882 11354 279 9506 13759 13 357 27786 27491 7246 279 17631 5459 13 357 28282 7246 2250 14527 6679 13 6983 12050 7246 264 23772 6321 13 357 2526 14882 7854 279 17631 5459 13 357 2526 14882 7854 279 2981 9057 13 561 37714 49992 2250 14527 6679 13 561 12433 11354 2250 14527 6679 13 357 2526 14882 7854 2250 14527 6679 13 6056 36600 11693 279 11129 29262 13 561 14367 23235 279 9506 13759 13 357 27786 27491 11693 279 9506 13759 13 357 27786 27491 7854 264 11012 72103 13 357 28282 25624 264 11012 72103 13 561 12433 25624 449 4147 70676 13 561 14367 25624 279 17631 5459 13 6983 12050 11354 279 2981 9057 13 357 27786 27491 11693 279 9506 13759 13 561 13159 11693 279 11129 29262 13 357 2526 14882 7246 264 23772 6321 13 6056 36600 7246 449 4147 70676 13 561 12433 49992 279 17631 5459 13 561 12433 11693 2250 14527 6679 13 6056 36600 16384 264 23772 6321 13 561 14367 7246 264 11012 72103 13 357 28282 11693 279 2981 9057 13 561 14367 7246 449 4147 70676 13 561 2235 6522 11354 279 11129 29262 13 357 2526 14882 7854 2250 14527 6679 13 6056 36600 11354 279 11129 29262 13 6983 12050 23235 279 2981 9057 13 561 13159 16384 264 23772 6321 13 357 2526 14882 23235 279 2981 9057 13 561 14367 16384 449 4147 70676 13 561 14367 11693 264 11012 72103 13 6056 36600 49992 2250 14527 6679 13 6056 36600 7246 264 11012 72103 13 561 37714 49992 264 11012 72103 13 561 14367 23235 279 2981 9057 13 357 27786 27491 11693 279 9506 13759 13 561 37714 25624 279 17631 5459 13 6983 12050 16384 264 11012 72103 13 357 28282 7246 449 4147 70676 13 357 2526 14882 25624 2250 14527 6679 13 357 27786 27491 7854 279 11129 29262 13 6983 12050 16384 279 9506 13759 13 357 27786 27491 25624 279 9506 13759 13 6983 12050 16384 279 9506 13759 13 561 13159 25624 279 9506 13759 13 561 37714 7246 279 2981 9057 13 561 2235 6522 16384 279 2981 9057 13 561 2235 6522 11693 449 4147 70676 13 561 37714 7246 2250 14527 6679 13 6983 12050 7246 279 2981 9057 13 561 13159 25624 449 4147 70676 13 357 2526 14882 23235 264 11012 72103 13 6983 12050 25624 279 17631 5459 13 561 14367 25624 264 11012 72103 13 357 28282 23235 2250 14527 6679 13 357 27786 27491 7854 264 23772 6321 13 357 2526 14882 7854 279 9506 13759 13 561 37714 7246 279 17631 5459 13 561 12433 11693 2250 14527 6679 13 561 2235 6522 7854 449 4147 70676 13 6983 12050 7854 449 4147 70676 13 6983 12050 25624 449 4147 70676 13 561 13159 7854 279 11129 29262 13 561 12433 7854 279 11129 29262 13 6056 36600 11354 449 4147 70676 13 6056 36600 23235 279 17631 5459 13 6056 36600 7246 279 11129 29262 13 561 12433 25624 449 4147 70676 13 6056 36600 25624 264 11012 72103 13 561 2235 6522 49992 449 4147 70676 13 357 2526 14882 49992 279 11129 29262 13 561 37714 23235 279 9506 13759 13 357 27786 27491 7246 449 4147 70676 13 561 14367 25624 264 23772 6321 13 561 12433 7246 264 23772 6321 13 357 2526 14882 23235 279 9506 13759 13 6056 36600 11354 279 2981 9057 13 561 2235 6522 11693 264 23772 6321 13 6983 12050 7854 264 23772 6321 13 561 13159 7246 449 4147 70676 13 357 27786 27491 11354 2250 14527 6679 13 357 2526 14882 11354 279 2981 9057 13 561 37714 25624 279 11129 29262 13 357 2526 14882 7854 449 4147 70676 13 561 12433 7854 264 23772 6321 13 6983 12050 16384 2250 14527 6679 13 6983 12050 49992 279 11129 29262 13 561 2235 6522 49992 264 11012 72103 13 6983 12050 49992 264 11012 72103 13 561 13159 16384 264 11012 72103 13 357 28282 25624 264 23772 6321 13 6056 36600 11693 449 4147 70676 13 357 28282 49992 264 23772 6321 13 561 12433 7246 449 4147 70676 13 561 2235 6522 11354 279 2981 9057 13 6983 12050 49992 279 2981 9057 13 6983 12050 49992 279 11129 29262 13 6056 36600 11354 264 11012 72103 13 561 13159 16384 2250 14527 6679 13 561 37714 16384 264 11012 72103 13 561 12433 11354 279 11129 29262 13 561 2235 6522 11693 279 2981 9057 13 357 27786 27491 49992 279 2981 9057 13 6056 36600 11354 279 2981 9057 13 6983 12050 23235 279 11129 29262 13 561 12433 11354 264 23772 6321 13 6056 36600 25624 2250 14527 6679 13 561 13159 16384 449 4147 70676 13 561 2235 6522 16384 264 11012 72103 13 561 2235 6522 11693 2250 14527 6679 13 6056 36600 7246 264 11012 72103 13 357 2526 14882 49992 264 23772 6321 13 561 37714 7854 279 2981 9057 13 561 2235 6522 7246 279 11129 29262 13 561 13159 11354 449 4147 70676 13 357 28282 25624 264 11012 72103 13 561 13159 7246 2250 14527 6679 13 357 28282 11693 2250 14527 6679 13 561 14367 23235 264 11012 72103 13 357 28282 7854 264 23772 6321 13 357 28282 11354 279 2981 9057 13 561 37714 25624 449 4147 70676 13 357 27786 27491 49992 264 23772 6321 13 357 28282 23235 264 11012 72103 13 357 28282 7854 264 11012 72103 13 357 2526 14882 11354 2250 14527 6679 13 561 12433 11354 264 23772 6321 13 357 2526 14882 25624 449 4147 70676 13 6983 12050 49992 264 11012 72103 13 6983 12050 11693 279 2981 9057 13 561 14367 7246 279 17631 5459 13 561 14367 25624 279 2981 9057 13 561 12433 16384 2250 14527 6679 13 357 28282 25624 264 23772 6321 13 6983 12050 11354 279 2981 9057 13 357 27786 27491 11693 279 9506 13759 13 561 37714 11354 264 11012 72103 13 357 28282 11693 279 2981 9057 13 561 14367 25624 264 11012 72103 13 561 12433 16384 279 9506 13759 13 561 37714 7854 264 23772 6321 13 6056 36600 11354 2250 14527 6679 13 357 28282 49992 279 17631 5459 13 357 2526 14882 7854 449 4147 70676 13 357 27786 27491 7854 279 9506 13759 13 561 2235 6522 11354 264 23772 6321 13 357 27786 27491 49992 279 17631 5459 13 561 2235 6522 11354 279 11129 29262 13 357 2526 14882 49992 449 4147 70676 13 357 28282 16384 264 11012 72103 13 561 12433 7246 279 17631 5459 13 561 37714 11693 279 9506 13759 13 6056 36600 11693 264 23772 6321 13 357 2526 14882 16384 279 2981 9057 13 561 12433 23235 2250 14527 6679 13 561 12433 25624 279 17631 5459 13 561 14367 16384 264 23772 6321 13 357 27786 27491 49992 279 11129 29262 13 561 12433 7246 279 9506 13759 13 357 2526 14882 11693 264 11012 72103 13 6056 36600 25624 264 11012 72103 13 6983 12050 16384 279 17631 5459 13 561 12433 49992 449 4147 70676 13 561 37714 7854 449 4147 70676 13 561 14367 23235 279 11129 29262 13 561 14367 49992 279 17631 5459 13 6056 36600 7854 279 17631 5459 13 357 2526 14882 23235 2250 14527 6679 13 357 28282 11354 449 4147 70676 13 357 2526 14882 11693 279 2981 9057 13 357 28282 7854 279 17631 5459 13 357 2526 14882 7854 264 11012 72103 13 357 27786 27491 11354 279 17631 5459 13 561 13159 49992 279 17631 5459 13 357 27786 27491 7246 279 17631 5459 13 357 2526 14882 25624 264 11012 72103 13 561 37714 7246 2250 14527 6679 13 357 28282 16384 449 4147 70676 13 561 13159 23235 279 2981 9057 13 561 2235 6522 23235 279 17631 5459 13 357 28282 25624 449 4147 70676 13 357 28282 23235 279 2981 9057 13 357 2526 14882 7246 449 4147 70676 13 561 14367 11693 279 2981 9057 13 357 28282 25624 279 9506 13759 13 357 2526 14882 49992 264 11012 72103 13 357 2526 14882 7246 279 2981 9057 13 6056 36600 23235 279 11129 29262 13 561 12433 11693 449 4147 70676 13 357 27786 27491 16384 279 9506 13759 13 561 12433 11693 279 2981 9057 13 561 2235 6522 16384 449 4147 70676 13 357 2526 14882 7854 264 11012 72103 13 561 12433 49992 279 17631 5459 13 561 12433 16384 264 11012 72103 13 357 28282 25624 449 4147 70676 13 561 2235 6522 23235 279 17631 5459 13 357 27786 27491 7854 449 4147 70676 13 6983 12050 7246 264 11012 72103 13 6056 36600 7246 279 11129 29262 13 561 12433 25624 449 4147 70676 13 6056 36600 7246 279 9506 13759 13 561 37714 11354 264 23772 6321 13 561 13159 11354 279 11129 29262 13 561 37714 25624 264 23772 6321 13 561 2235 6522 49992 2250 14527 6679 13 561 12433 49992 264 11012 72103 13 561 2235 6522 16384 279 11129 29262 13 561 37714 11693 279 11129 29262 13 561 14367 7854 264 23772 6321 13 357 2526 14882 25624 279 11129 29262 13 6056 36600 7854 449 4147 70676 13 357 28282 11354 264 23772 6321 13 357 28282 7246 279 17631 5459 13 6056 36600 16384 2250 14527 6679 13 561 14367 23235 279 17631 5459 13 357 27786 27491 23235 279 11129 29262 13 357 27786 27491 11693 264 11012 72103 13 357 28282 23235 279 11129 29262 13 357 28282 25624 449 4147 70676 13 6983 12050 23235 279 11129 29262 13 561 14367 11693 264 11012 72103 13 6983 12050 7854 279 9506 13759 13 561 12433 23235 264 23772 6321 13 561 37714 23235 2250 14527 6679 13 561 14367 25624 449 4147 70676 13 357 28282 11693 264 23772 6321 13 561 37714 49992 279 17631 5459 13 6983 12050 11693 279 17631 5459 13 357 2526 14882 7246 279 2981 9057 13 357 2526 14882 7246 264 23772 6321 13 6983 12050 49992 279 2981 9057 13 357 2526 14882 25624 264 23772 6321 13 6056 36600 11693 279 11129 29262 13 6056 36600 11354 279 17631 5459 13 561 14367 49992 264 23772 6321 13 357 28282 7246 264 23772 6321 13 561 13159 23235 264 11012 72103 13 561 37714 11693 449 4147 70676 13 561 37714 49992 279 11129 29262 13 561 37714 49992 279 2981 9057 13 6983 12050 7246 264 11012 72103 13 561 13159 7854 279 17631 5459 13 561 14367 7854 279 2981 9057 13 561 14367 7246 279 11129 29262 13 561 37714 7854 264 11012 72103 13 6056 36600 7854 279 9506 13759 13 357 2526 14882 7854 279 11129 29262 13 561 14367 11693 279 2981 9057 13 561 37714 23235 2250 14527 6679 13 357 2526 14882 11354 264 23772 6321 13 357 2526 14882 7246 279 11129 29262 13 561 13159 11693 264 23772 6321 13 561 37714 25624 279 11129 29262 13 6056 36600 7854 264 23772 6321 13 561 12433 11693 449 4147 70676 13 357 27786 27491 23235 279 9506 13759 13 561 13159 25624 279 11129 29262 13 357 28282 49992 279 2981 9057 13 357 2526 14882 7246 279 2981 9057 13 357 2526 14882 11693 2250 14527 6679 13 6983 12050 7246 449 4147 70676 13 561 2235 6522 16384 264 11012 72103 13 357 28282 49992 279 9506 13759 13 357 27786 27491 49992 264 11012 72103 13 357 2526 14882 49992 264 23772 6321 13 357 28282 25624 264 11012 72103 13 561 13159 25624 264 23772 6321 13 561 12433 23235 279 11129 29262 13 561 14367 11693 279 2981 9057 13 357 28282 11693 264 23772 6321 13 6056 36600 7246 279 9506 13759 13 561 14367 7246 2250 14527 6679 13 357 2526 14882 16384 279 11129 29262 13 357 27786 27491 23235 279 9506 13759 13 561 2235 6522 7854 279 2981 9057 13 561 37714 49992 279 11129 29262 13 6983 12050 25624 279 11129 29262 13 561 13159 16384 279 11129 29262 13 561 14367 25624 2250 14527 6679 13 561 2235 6522 23235 279 17631 5459 13 357 28282 7246 449 4147 70676 13 561 37714 11693 279 9506 13759 13 561 2235 6522 16384 2250 14527 6679 13 561 14367 11693 2250 14527 6679 13 561 2235 6522 11354 264 11012 72103 13 561 37714 49992 264 23772 6321 13 357 28282 49992 264 23772 6321 13 561 13159 11354 279 9506 13759 13 561 37714 11354 279 9506 13759 13 357 27786 27491 23235 279 17631 5459 13 561 12433 7246 279 9506 13759 13 357 27786 27491 11354 2250 14527 6679 13 561 37714 11354 279 2981 9057 13 561 2235 6522 11354 279 9506 13759 13 561 14367 7246 2250 14527 6679 13 357 27786 27491 25624 279 9506 13759 13 561 37714 7246 279 17631 5459 13 561 13159 49992 279 17631 5459 13 6983 12050 49992 264 11012 72103 13 6983 12050 25624 279 9506 13759 13 357 28282 49992 2250 14527 6679 13 561 14367 49992 279 2981 9057 13 561 13159 49992 264 11012 72103 13 561 13159 16384 449 4147 70676 13 561 14367 7854 264 23772 6321 13 561 37714 11693 279 11129 29262 13 6056 36600 11354 264 11012 72103 13 561 2235 6522 23235 279 17631 5459 13 6056 36600 49992 279 9506 13759 13 561 12433 7854 2250 14527 6679 13 561 14367 11354 2250 14527 6679 13 6056 36600 25624 279 2981 9057 13 357 28282 11354 2250 14527 6679 13 357 28282 7246 264 23772 6321 13 561 13159 11354 264 23772 6321 13 561 37714 25624 279 9506 13759 13 6056 36600 7246 279 9506 13759 13 561 2235 6522 25624 449 4147 70676 13 357 28282 49992 264 23772 6321 13 357 2526 14882 25624 264 11012 72103 13 561 37714 7246 264 23772 6321 13 6056 36600 11693 449 4147 70676 13 561 2235 6522 49992 279 2981 9057 13 6983 12050 23235 2250 14527 6679 13 6056 36600 7854 279 11129 29262 13 6056 36600 7854 279 17631 5459 13 561 13159 7854 2250 14527 6679 13 6056 36600 7854 449 4147 70676 13 357 2526 14882 49992 279 17631 5459 13 6983 12050 23235 279 11129 29262 13 561 37714 16384 279 2981 9057 13 6983 12050 25624 264 11012 72103 13 6983 12050 23235 279 2981 9057 13 357 28282 7246 279 17631 5459 13 561 12433 23235 279 2981 9057 13 561 12433 11693 449 4147 70676 13 561 37714 11693 264 11012 72103 13 357 28282 11354 264 11012 72103 13 561 37714 49992 279 11129 29262 13 561 37714 7246 279 2981 9057 13 561 13159 7246 264 11012 72103 13 561 2235 6522 25624 279 9506 13759 13 561 14367 16384 449 4147 70676 13 561 37714 11354 279 11129 29262 13 357 28282 7854 279 11129 29262 13 6056 36600 25624 279 2981 9057 13 561 2235 6522 49992 279 2981 9057 13 561 14367 23235 264 23772 6321 13 561 37714 11354 279 2981 9057 13 6983 12050 25624 279 17631 5459 13 561 14367 7246 2250 14527 6679 13 561 12433 11354 264 11012 72103 13 6983 12050 23235 264 23772 6321 13 357 28282 49992 279 2981 9057 13 357 2526 14882 49992 264 11012 72103 13 6056 36600 25624 279 2981 9057 13 6056 36600 25624 2250 14527 6679 13 357 27786 27491 7246 279 2981 9057 13 6983 12050 23235 264 11012 72103 13 6983 12050 11693 264 23772 6321 13 357 27786 27491 11354 264 23772 6321 13 357 28282 23235 264 23772 6321 13 357 28282 23235 279 11129 29262 13 561 37714 23235 2250 14527 6679 13 561 13159 16384 279 2981 9057 13 6983 12050 16384 279 17631 5459 13 561 2235 6522 16384 264 11012 72103 13 357 2526 14882 11354 449 4147 70676 13 561 37714 49992 264 11012 72103 13 561 37714 7246 279 11129 29262 13 357 27786 27491 16384 449 4147 70676 13 6983 12050 7246 2250 14527 6679 13 6056 36600 23235 279 17631 5459 13 561 12433 16384 279 17631 5459 13 357 28282 49992 449 4147 70676 13 561 12433 49992 264 11012 72103 13 561 2235 6522 49992 279 2981 9057 13 561 12433 16384 264 11012 72103 13 561 13159 11354 264 11012 72103 13 561 12433 11693 279 17631 5459 13 561 37714 11693 449 4147 70676 13 561 13159 23235 279 2981 9057 13 561 37714 7854 449 4147 70676 13 561 37714 11693 279 11129 29262 13 6056 36600 7246 264 23772 6321 13 561 12433 25624 279 2981 9057 13 561 37714 11354 449 4147 70676 13 561 12433 7854 2250 14527 6679 13 357 2526 14882 49992 279 17631 5459 13 357 28282 16384 279 11129 29262 13 6056 36600 7246 279 17631 5459 13 561 12433 7854 279 2981 9057 13 561 12433 7854 264 23772 6321 13 561 37714 49992 264 23772 6321 13 561 14367 25624 264 11012 72103 13 561 14367 16384 279 9506 13759 13 357 28282 25624 2250 14527 6679 13 561 37714 11693 264 23772 6321 13 561 37714 25624 279 17631 5459 13 357 28282 11693 264 23772 6321 13 6983 12050 7246 264 23772 6321 13 6056 36600 7246 279 2981 9057 13 357 28282 11693 449 4147 70676 13 357 28282 11354 279 17631 5459 13 357 28282 49992 279 2981 9057 13 561 12433 7246 264 23772 6321 13 357 2526 14882 11354 279 9506 13759 13 561 37714 16384 279 11129 29262 13 561 12433 7854 264 23772 6321 13 357 28282 7246 264 11012 72103 13 561 12433 23235 264 23772 6321 13 357 28282 25624 449 4147 70676 13 561 12433 7854 264 23772 6321 13 6056 36600 7246 449 4147 70676 13 561 12433 16384 279 11129 29262 13 561 2235 6522 25624 279 17631 5459 13 6983 12050 7246 264 23772 6321 13 561 14367 23235 279 11129 29262 13 561 12433 49992 264 11012 72103 13 6983 12050 11693 279 17631 5459 13 357 27786 27491 16384 449 4147 70676 13 357 27786 27491 7246 264 11012 72103 13 561 37714 23235 264 11012 72103 13 561 2235 6522 25624 264 11012 72103 13 357 27786 27491 11354 449 4147 70676 13 6983 12050 16384 264 11012 72103 13 561 13159 25624 449 4147 70676 13 561 14367 25624 264 23772 6321 13 6983 12050 7246 279 17631 5459 13 357 27786 27491 25624 279 9506 13759 13 561 2235 6522 16384 449 4147 70676 13 6983 12050 7854 449 4147 70676 13 6983 12050 7854 279 2981 9057 13 561 14367 23235 2250 14527 6679 13 357 27786 27491 49992 279 11129 29262 13 561 12433 11693 2250 14527 6679 13 6056 36600 11354 279 9506 13759 13 561 37714 7246 2250 14527 6679 13 561 37714 11354 449 4147 70676 13 561 37714 49992 279 17631 5459 13 561 37714 11354 279 17631 5459 13 561 13159 25624 279 11129 29262 13 561 13159 23235 279 11129 29262 13 357 2526 14882 11693 449 4147 70676 13 561 12433 49992 2250 14527 6679 13 561 12433 23235 264 23772 6321 13 561 2235 6522 16384 279 9506 13759 13 561 37714 25624 264 23772 6321 13 561 2235 6522 49992 279 9506 13759 13 6056 36600 23235 264 23772 6321 13 6056 36600 7854 279 9506 13759 13 561 37714 23235 279 2981 9057 13 357 2526 14882 7246 279 17631 5459 13 561 14367 11693 264 23772 6321 13 357 2526 14882 7246 449 4147 70676 13 6056 36600 7246 279 9506 13759 13 6983 12050 11693 264 23772 6321 13 561 14367 23235 279 11129 29262 13 561 14367 11693 279 11129 29262 13 561 12433 11693 279 9506 13759 13 561 2235 6522 11354 279 17631 5459 13 561 37714 11693 279 17631 5459 13 357 28282 16384 279 9506 13759 13 561 2235 6522 25624 2250 14527 6679 13 561 2235 6522 7246 2250 14527 6679 13 6983 12050 25624 279 17631 5459 13 561 37714 25624 2250 14527 6679 13 6983 12050 7246 279 17631 5459 13 357 28282 16384 279 2981 9057 13 357 28282 7246 279 2981 9057 13 357 28282 7854 279 11129 29262 13 357 28282 11354 279 11129 29262 13 357 2526 14882 11354 279 17631 5459 13 357 28282 7246 2250 14527 6679 13 561 13159 16384 2250 14527 6679 13 357 28282 7246 279 2981 9057 13 561 14367 49992 279 11129 29262 13 561 2235 6522 11354 2250 14527 6679 13 561 12433 11354 449 4147 70676 13 357 2526 14882 49992 279 17631 5459 13 561 2235 6522 23235 279 2981 9057 13 561 13159 49992 449 4147 70676 13 561 14367 11693 449 4147 70676 13 561 13159 11693 264 23772 6321 13 561 13159 11354 2250 14527 6679 13 561 12433 11693 449 4147 70676 13 6983 12050 7246 264 11012 72103 13 561 37714 11693 264 11012 72103 13 561 13159 49992 279 2981 9057 13 357 27786 27491 49992 264 11012 72103 13 357 2526 14882 25624 279 17631 5459 13 357 27786 27491 7246 279 9506 13759 13 561 12433 7246 279 2981 9057 13 561 2235 6522 7246 2250 14527 6679 13 357 28282 16384 279 11129 29262 13 6056 36600 16384 279 9506 13759 13 357 28282 16384 279 17631 5459 13 561 14367 23235 264 11012 72103 13 561 12433 7854 264 11012 72103 13 357 28282 25624 264 23772 6321 13 561 37714 11693 279 2981 9057 13 561 2235 6522 11693 279 9506 13759 13 561 2235 6522 23235 279 2981 9057 13 561 13159 7854 279 17631 5459 13 357 28282 7854 279 17631 5459 13 561 14367 25624 279 2981 9057 13 561 2235 6522 25624 279 11129 29262 13 357 27786 27491 23235 2250 14527 6679 13 561 14367 25624 2250 14527 6679 13 6983 12050 7854 279 17631 5459 13 357 28282 49992 264 23772 6321 13 561 14367 7246 264 11012 72103 13 357 28282 11354 279 9506 13759 13 357 28282 11693 264 23772 6321 13 561 12433 11354 449 4147 70676 13 561 12433 7854 279 11129 29262 13 561 37714 7854 279 17631 5459 13 357 27786 27491 7854 264 11012 72103 13 561 13159 7246 264 11012 72103 13 561 13159 16384 279 9506 13759 13 561 14367 7854 279 17631 5459 13 6983 12050 11693 2250 14527 6679 13 561 14367 11693 279 2981 9057 13 561 12433 23235 264 11012 72103 13 561 14367 25624 264 11012 72103 13 357 2526 14882 25624 449 4147 70676 13 561 14367 11354 2250 14527 6679 13 357 2526 14882 23235 279 2981 9057 13 561 14367 25624 279 17631 5459 13 561 37714 7854 279 9506 13759 13 561 2235 6522 23235 2250 14527 6679 13 561 12433 7246 264 23772 6321 13 6056 36600 7854 449 4147 70676 13 357 27786 27491 25624 2250 14527 6679 13 357 28282 16384 279 2981 9057 13 6056 36600 23235 449 4147 70676 13 357 27786 27491 49992 449 4147 70676 13 6983 12050 11354 279 11129 29262 13 6983 12050 11354 279 9506 13759 13 357 2526 14882 16384 279 9506 13759 13 561 37714 7246 264 23772 6321 13 561 13159 7246 264 23772 6321 13 6983 12050 49992 264 23772 6321 13 561 13159 23235 279 17631 5459 13 561 37714 11693 279 2981 9057 13 357 27786 27491 49992 279 17631 5459 13 357 28282 7246 279 9506 13759 13 561 2235 6522 7854 264 23772 6321 13 561 14367 16384 2250 14527 6679 13 357 27786 27491 11693 2250 14527 6679 13 357 2526 14882 11354 264 11012 72103 13 6056 36600 7854 264 23772 6321 13 561 14367 23235 279 9506 13759 13 561 37714 49992 264 23772 6321 13 6983 12050 23235 279 2981 9057 13 6983 12050 23235 449 4147 70676 13 357 2526 14882 49992 264 11012 72103 13 561 13159 11693 279 17631 5459 13 6056 36600 25624 449 4147 70676 13 357 27786 27491 7854 449 4147 70676 13 357 28282 25624 264 23772 6321 13 561 37714 7246 279 17631 5459 13 561 13159 11693 279 11129 29262 13 6056 36600 23235 279 2981 9057 13 561 2235 6522 16384 264 23772 6321 13 357 2526 14882 23235 279 17631 5459 13 6983 12050 25624 279 11129 29262 13 357 2526 14882 25624 2250 14527 6679 13 357 27786 27491 11693 279 17631 5459 13 6056 36600 7854 2250 14527 6679 13 561 2235 6522 25624 449 4147 70676 13 6983 12050 7854 279 2981 9057 13 357 28282 16384 279 2981 9057 13 357 28282 49992 279 17631 5459 13 561 2235 6522 49992 2250 14527 6679 13 561 12433 11693 279 11129 29262 13 6056 36600 11693 279 17631 5459 13 357 2526 14882 11354 279 17631 5459 13 6056 36600 25624 279 2981 9057 13 357 27786 27491 7246 279 9506 13759 13 561 14367 11354 279 11129 29262 13 6983 12050 49992 264 23772 6321 13 357 2526 14882 25624 279 11129 29262 13 357 2526 14882 25624 279 17631 5459 13 561 37714 11693 279 17631 5459 13 357 27786 27491 23235 2250 14527 6679 13 561 2235 6522 25624 279 11129 29262 13 6056 36600 49992 264 11012 72103 13 561 14367 25624 279 11129 29262 13 6056 36600 16384 264 23772 6321 13 357 2526 14882 7854 279 11129 29262 13 6056 36600 7854 2250 14527 6679 13 357 2526 14882 23235 279 17631 5459 13 561 13159 16384 2250 14527 6679 13 6983 12050 11354 279 2981 9057 13 561 12433 7246 264 23772 6321 13 6056 36600 25624 264 23772 6321 13 561 2235 6522 49992 279 2981 9057 13 561 13159 16384 279 9506 13759 13 561 37714 7246 279 11129 29262 13 357 28282 11354 264 11012 72103 13 561 13159 49992 279 17631 5459 13 561 2235 6522 7246 279 17631 5459 13 6983 12050 16384 279 2981 9057 13 6983 12050 49992 279 17631 5459 13 6056 36600 11354 449 4147 70676 13 357 27786 27491 25624 279 9506 13759 13 561 37714 23235 2250 14527 6679 13 561 2235 6522 7854 264 11012 72103 13 561 2235 6522 25624 264 23772 6321 13 561 12433 7854 279 9506 13759 13 561 14367 11693 279 17631 5459 13 357 2526 14882 11354 264 23772 6321 13 357 27786 27491 23235 279 9506 13759 13 561 12433 11354 264 23772 6321 13 561 2235 6522 49992 279 9506 13759 13 561 12433 16384 279 9506 13759 13 561 13159 49992 279 2981 9057 13 357 2526 14882 11693 264 11012 72103 13 561 2235 6522 7854 279 17631 5459 13 561 12433 7854 264 11012 72103 13 561 12433 11693 449 4147 70676 13 357 2526 14882 11354 264 11012 72103 13 6983 12050 23235 279 2981 9057 13 561 2235 6522 11693 449 4147 70676 13 561 2235 6522 16384 264 23772 6321 13 357 2526 14882 7246 279 11129 29262 13 357 27786 27491 25624 279 9506 13759 13 6056 36600 16384 279 9506 13759 13 357 2526 14882 11354 2250 14527 6679 13 6056 36600 11354 449 4147 70676 13 561 2235 6522 49992 449 4147 70676 13 6056 36600 23235 264 11012 72103 13 6983 12050 49992 2250 14527 6679 13 357 2526 14882 11354 279 11129 29262 13 561 12433 7854 279 11129 29262 13 6056 36600 16384 264 11012 72103 13 357 27786 27491 11354 264 23772 6321 13 357 27786 27491 7246 279 9506 13759 13 561 2235 6522 23235 2250 14527 6679 13 561 13159 7246 449 4147 70676 13 561 12433 25624 279 17631 5459 13 561 14367 25624 279 9506 13759 13 561 12433 49992 279 2981 9057 13 561 2235 6522 7854 2250 14527 6679 13 357 2526 14882 49992 264 11012 72103 13 561 13159 7246 449 4147 70676 13 357 27786 27491 7246 279 17631 5459 13 561 12433 7246 279 2981 9057 13 561 2235 6522 11354 264 11012 72103 13 357 27786 27491 16384 279 17631 5459 13 357 28282 16384 264 23772 6321 13 357 2526 14882 11354 279 11129 29262 13 357 28282 16384 264 23772 6321 13 357 27786 27491 23235 2250 14527 6679 13 561 13159 23235 2250 14527 6679 13 6983 12050 7854 449 4147 70676 13 6056 36600 16384 279 2981 9057 13 6056 36600 11693 264 11012 72103 13 561 13159 16384 279 9506 13759 13 357 2526 14882 23235 279 2981 9057 13 561 37714 7854 279 2981 9057 13 561 14367 23235 279 11129 29262 13 357 2526 14882 11354 279 2981 9057 13 561 14367 16384 449 4147 70676 13 561 12433 11354 264 23772 6321 13 561 14367 23235 449 4147 70676 13 357 28282 7246 449 4147 70676 13 561 37714 7246 279 9506 13759 13 6056 36600 23235 449 4147 70676 13 357 27786 27491 49992 449 4147 70676 13 357 2526 14882 11693 279 9506 13759 13 561 13159 11354 264 11012 72103 13 561 13159 23235 279 9506 13759 13 357 27786 27491 11354 279 11129 29262 13 561 37714 25624 2250 14527 6679 13 357 2526 14882 7854 279 17631 5459 13 6056 36600 7854 264 11012 72103 13 6983 12050 7246 2250 14527 6679 13 357 27786 27491 49992 449 4147 70676 13 561 37714 23235 449 4147 70676 13 6056 36600 7854 449 4147 70676 13 6983 12050 7246 2250 14527 6679 13 561 14367 7854 264 23772 6321 13 561 12433 11693 264 23772 6321 13 6056 36600 25624 279 11129 29262 13 6983 12050 11354 279 11129 29262 13 561 14367 25624 2250 14527 6679 13 561 13159 49992 279 9506 13759 13 561 13159 49992 2250 14527 6679 13 357 2526 14882 7854 279 11129 29262 13 357 2526 14882 23235 279 2981 9057 13 561 13159 11693 279 17631 5459 13 561 2235 6522 25624 279 11129 29262 13 561 2235 6522 7854 449 4147 70676 13 6983 12050 16384 264 11012 72103 13 561 37714 49992 279 2981 9057 13 561 14367 23235 279 11129 29262 13 561 2235 6522 11354 279 17631 5459 13 357 2526 14882 16384 264 23772 6321 13 6983 12050 7854 2250 14527 6679 13 561 14367 25624 279 9506 13759 13 561 37714 7854 279 17631 5459 13 561 37714 7854 279 9506 13759 13 357 2526 14882 11693 279 9506 13759 13 357 27786 27491 7246 279 17631 5459 13 357 27786 27491 7246 279 9506 13759 13 357 27786 27491 7246 449 4147 70676 13 6983 12050 16384 2250 14527 6679 13 561 12433 25624 279 17631 5459 13 357 28282 16384 279 11129 29262 13 357 2526 14882 7246 449 4147 70676 13 561 12433 25624 264 23772 6321 13 357 28282 23235 264 23772 6321 13 561 37714 7246 279 11129 29262 13 561 14367 7854 449 4147 70676 13 357 28282 7246 279 17631 5459 13 357 2526 14882 23235 264 11012 72103 13 561 12433 7246 264 11012 72103 13 561 2235 6522 7854 279 9506 13759 13 561 14367 25624 264 23772 6321 13 561 14367 49992 264 23772 6321 13 561 37714 49992 279 9506 13759 13 561 12433 7854 264 23772 6321 13 357 2526 14882 23235 279 9506 13759 13 561 13159 11693 264 11012 72103 13 357 2526 14882 11693 449 4147 70676 13 6983 12050 16384 264 11012 72103 13 357 27786 27491 11693 264 11012 72103 13 357 27786 27491 49992 2250 14527 6679 13 6983 12050 11693 449 4147 70676 13 6983 12050 16384 264 23772 6321 13 561 12433 7854 449 4147 70676 13 6983 12050 49992 449 4147 70676 13 357 28282 7854 2250 14527 6679 13 561 12433 49992 279 17631 5459 13 6983 12050 7854 449 4147 70676 13 561 12433 49992 279 11129 29262 13 561 12433 11354 2250 14527 6679 13 6056 36600 23235 264 11012 72103 13 561 37714 25624 264 11012 72103 13 357 27786 27491 25624 449 4147 70676 13 6056 36600 7854 264 11012 72103 13 357 27786 27491 23235 2250 14527 6679 13 561 37714 25624 449 4147 70676 13 357 28282 16384 449 4147 70676 13 561 37714 11354 279 17631 5459 13 6983 12050 11693 449 4147 70676 13 561 2235 6522 25624 264 11012 72103 13 561 37714 25624 2250 14527 6679 13 357 27786 27491 11354 264 11012 72103 13 357 2526 14882 7246 279 9506 13759 13 6983 12050 11354 264 11012 72103 13 561 2235 6522 7246 264 23772 6321 13 6056 36600 23235 449 4147 70676 13 561 37714 11354 279 11129 29262 13 357 2526 14882 25624 279 17631 5459 13 561 14367 7246 279 9506 13759 13 561 2235 6522 49992 279 2981 9057 13 357 28282 23235 264 11012 72103 13 357 28282 7246 449 4147 70676 13 561 2235 6522 25624 264 23772 6321 13 561 13159 11354 449 4147 70676 13 561 2235 6522 7854 279 17631 5459 13 561 12433 25624 279 17631 5459 13 561 12433 11693 279 2981 9057 13 561 2235 6522 16384 2250 14527 6679 13 357 2526 14882 11693 264 11012 72103 13 561 13159 25624 264 23772 6321 13 561 12433 16384 279 2981 9057 13 561 13159 16384 279 17631 5459 13 561 12433 25624 279 2981 9057 13 357 27786 27491 11354 279 11129 29262 13 357 2526 14882 7854 264 11012 72103 13 357 2526 14882 16384 264 11012 72103 13 561 13159 25624 449 4147 70676 13 561 14367 7854 279 2981 9057 13 6983 12050 25624 279 9506 13759 13 357 28282 16384 264 11012 72103 13 357 2526 14882 7854 279 9506 13759 13 6983 12050 7854 279 17631 5459 13 561 2235 6522 7854 264 23772 6321 13 357 27786 27491 23235 279 17631 5459 13 561 14367 16384 279 17631 5459 13 561 2235 6522 16384 279 2981 9057 13 561 37714 25624 264 23772 6321 13 561 2235 6522 25624 279 11129 29262 13 357 27786 27491 16384 279 9506 13759 13 6056 36600 49992 279 17631 5459 13 561 12433 49992 279 11129 29262 13 6983 12050 11354 2250 14527 6679 13 561 14367 7854 264 11012 72103 13 561 2235 6522 23235 279 2981 9057 13 561 13159 11354 279 9506 13759 13 357 28282 49992 264 11012 72103 13 357 27786 27491 25624 279 17631 5459 13 357 28282 23235 2250 14527 6679 13 6056 36600 25624 279 2981 9057 13 561 2235 6522 16384 449 4147 70676 13 561 37714 7854 264 11012 72103 13 561 37714 23235 279 9506 13759 13 561 2235 6522 23235 264 11012 72103 13 561 2235 6522 49992 279 2981 9057 13 561 37714 49992 264 11012 72103 13 357 2526 14882 11354 2250 14527 6679 13 561 13159 25624 279 2981 9057 13 561 37714 11693 2250 14527 6679 13 561 37714 7854 279 2981 9057 13 357 27786 27491 49992 279 9506 13759 13 357 27786 27491 11693 264 23772 6321 13 561 13159 11354 449 4147 70676 13 561 37714 7854 279 17631 5459 13 357 28282 49992 279 11129 29262 13 561 13159 49992 449 4147 70676 13 561 14367 7854 264 11012 72103 13 561 13159 23235 2250 14527 6679 13 357 2526 14882 7246 264 11012 72103 13 561 12433 23235 264 23772 6321 13 561 37714 11693 264 23772 6321 13 357 27786 27491 11354 279 2981 9057 13 6056 36600 7246 279 9506 13759 13 561 14367 11354 279 11129 29262 13 561 13159 7246 279 11129 29262 13 357 28282 11354 264 23772 6321 13 357 28282 23235 279 9506 13759 13 357 2526 14882 23235 264 11012 72103 13 561 2235 6522 49992 279 11129 29262 13 561 2235 6522 7246 264 23772 6321 13 357 27786 27491 11354 264 23772 6321 13 357 27786 27491 49992 264 11012 72103 13 561 37714 25624 279 9506 13759 13 357 2526 14882 7854 449 4147 70676 13 561 13159 7246 279 2981 9057 13 357 27786 27491 11354 2250 14527 6679 13 561 2235 6522 16384 264 23772 6321 13 357 27786 27491 25624 264 23772 6321 13 561 12433 49992 264 23772 6321 13 357 27786 27491 16384 279 9506 13759 13 561 2235 6522 7246 2250 14527 6679 13 561 13159 7246 279 2981 9057 13 561 2235 6522 16384 279 17631 5459 13 561 14367 49992 279 9506 13759 13 561 37714 25624 449 4147 70676 13 357 2526 14882 11354 279 2981 9057 13 561 37714 23235 279 2981 9057 13 357 28282 7246 279 9506 13759 13 357 2526 14882 49992 264 11012 72103 13 357 27786 27491 11693 279 9506 13759 13 357 2526 14882 49992 279 9506 13759 13 561 12433 23235 279 11129 29262 13 357 28282 16384 264 11012 72103 13 357 27786 27491 11354 279 9506 13759 13 561 13159 7854 449 4147 70676 13 6056 36600 25624 264 11012 72103 13 561 14367 23235 279 11129 29262 13 6983 12050 7246 264 11012 72103 13 561 13159 25624 2250 14527 6679 13 561 14367 11693 279 9506 13759 13 6983 12050 11354 279 2981 9057 13 561 14367 16384 2250 14527 6679 13 561 12433 49992 279 9506 13759 13 561 2235 6522 7854 279 2981 9057 13 561 12433 23235 449 4147 70676 13 561 37714 11693 279 9506 13759 13 561 12433 7246 279 17631 5459 13 561 2235 6522 23235 279 17631 5459 13 6983 12050 7854 449 4147 70676 13 561 37714 11354 264 23772 6321 13 357 28282 7246 279 2981 9057 13 357 28282 16384 2250 14527 6679 13 357 28282 11693 279 9506 13759 13 6983 12050 23235 279 17631 5459 13 357 2526 14882 11693 264 11012 72103 13 357 27786 27491 23235 279 9506 13759 13 6056 36600 23235 2250 14527 6679 13 561 12433 7246 279 9506 13759 13 357 2526 14882 49992 449 4147 70676 13 357 28282 23235 449 4147 70676 13 357 28282 16384 449 4147 70676 13 561 2235 6522 7854 279 11129 29262 13 561 37714 7854 449 4147 70676 13 561 13159 7854 264 11012 72103 13 357 2526 14882 7246 279 11129 29262 13 6056 36600 49992 449 4147 70676 13 6056 36600 11354 2250 14527 6679 13 561 14367 7854 449 4147 70676 13 561 12433 11354 279 11129 29262 13 561 13159 49992 279 17631 5459 13 561 14367 7246 279 2981 9057 13 357 28282 16384 279 9506 13759 13 6056 36600 16384 449 4147 70676 13 561 2235 6522 49992 264 11012 72103 13 561 14367 7854 264 11012 72103 13 6983 12050 11354 279 11129 29262 13 561 14367 23235 449 4147 70676 13 357 2526 14882 25624 264 11012 72103 13 357 27786 27491 25624 279 11129 29262 13 561 37714 23235 264 11012 72103 13 6056 36600 7854 264 11012 72103 13 6056 36600 16384 264 11012 72103 13 6983 12050 23235 2250 14527 6679 13 561 12433 7854 279 9506 13759 13 357 28282 11354 279 2981 9057 13 357 28282 11693 279 9506 13759 13 357 2526 14882 16384 279 17631 5459 13 561 37714 23235 264 23772 6321 13 561 37714 7854 279 9506 13759 13 357 2526 14882 23235 2250 14527 6679 13 357 27786 27491 49992 264 23772 6321 13 561 2235 6522 49992 264 23772 6321 13 561 37714 23235 279 2981 9057 13 561 13159 49992 279 11129 29262 13 357 2526 14882 7246 279 9506 13759 13 357 2526 14882 11693 264 11012 72103 13 6983 12050 11693 279 9506 13759 13 357 27786 27491 7246 279 2981 9057 13 357 28282 11354 279 11129 29262 13 561 13159 11693 264 23772 6321 13 357 2526 14882 25624 279 17631 5459 13 561 13159 23235 279 17631 5459 13 561 13159 7854 279 11129 29262 13 561 14367 23235 2250 14527 6679 13 357 2526 14882 49992 279 9506 13759 13 561 2235 6522 11354 449 4147 70676 13 561 13159 16384 279 9506 13759 13 357 27786 27491 23235 279 11129 29262 13 357 27786 27491 7854 279 9506 13759 13 561 14367 25624 279 2981 9057 13 561 14367 49992 449 4147 70676 13 6056 36600 49992 279 11129 29262 13 561 14367 25624 279 17631 5459 13 6056 36600 11354 449 4147 70676 13 357 2526 14882 49992 279 17631 5459 13 357 27786 27491 11693 279 11129 29262 13 6983 12050 7854 264 11012 72103 13 561 12433 25624 279 9506 13759 13 561 12433 11693 2250 14527 6679 13 561 14367 16384 279 11129 29262 13 6056 36600 7246 279 17631 5459 13 357 27786 27491 11354 449 4147 70676 13 357 27786 27491 7854 264 11012 72103 13 357 28282 25624 264 23772 6321 13 357 2526 14882 49992 449 4147 70676 13 357 27786 27491 7246 264 11012 72103 13 6056 36600 11354 279 17631 5459 13 561 2235 6522 7854 279 9506 13759 13 6056 36600 7246 449 4147 70676 13 561 37714 7854 264 23772 6321 13 561 2235 6522 11354 279 2981 9057 13 561 2235 6522 11354 279 11129 29262 13 357 28282 11354 264 23772 6321 13 561 2235 6522 7854 279 2981 9057 13 357 28282 11693 279 9506 13759 13 6056 36600 25624 449 4147 70676 13 357 28282 7246 264 23772 6321 13 357 2526 14882 11693 279 2981 9057 13 561 12433 25624 449 4147 70676 13 6983 12050 11693 449 4147 70676 13 357 28282 11693 264 11012 72103 13 561 2235 6522 11693 279 17631 5459 13 357 28282 25624 279 2981 9057 13 561 12433 7854 279 17631 5459 13 561 13159 11693 279 11129 29262 13 357 27786 27491 11354 449 4147 70676 13 561 37714 25624 449 4147 70676 13 357 2526 14882 7854 279 17631 5459 13 561 2235 6522 16384 279 9506 13759 13 561 37714 7246 449 4147 70676 13 561 2235 6522 49992 279 9506 13759 13 561 12433 16384 279 9506 13759 13 6983 12050 11693 279 11129 29262 13 561 13159 11693 279 11129 29262 13 561 12433 7854 264 23772 6321 13 6056 36600 11693 264 23772 6321 13 357 2526 14882 16384 279 2981 9057 13 6056 36600 11354 449 4147 70676 13 561 37714 11693 279 11129 29262 13 561 37714 7854 2250 14527 6679 13 357 28282 7854 279 9506 13759 13 357 2526 14882 23235 279 2981 9057 13 561 37714 49992 264 11012 72103 13 357 27786 27491 7854 279 11129 29262 13 6983 12050 7246 279 9506 13759 13 561 37714 49992 279 2981 9057 13 561 12433 49992 264 11012 72103 13 561 12433 11354 264 23772 6321 13 561 2235 6522 23235 279 9506 13759 13 357 2526 14882 7854 279 9506 13759 13 6983 12050 7246 264 23772 6321 13 357 2526 14882 49992 264 23772 6321 13 561 14367 49992 449 4147 70676 13 561 37714 49992 2250 14527 6679 13 561 14367 25624 279 2981 9057 13 357 27786 27491 11354 449 4147 70676 13 561 37714 7854 264 23772 6321 13 6983 12050 7854 279 9506 13759 13 357 2526 14882 7854 264 23772 6321 13 6983 12050 49992 279 17631 5459 13 357 2526 14882 23235 449 4147 70676 13 357 27786 27491 11693 279 9506 13759 13 6056 36600 25624 2250 14527 6679 13 6983 12050 16384 279 11129 29262 13 561 12433 11354 279 17631 5459 13 6983 12050 11693 279 11129 29262 13 561 12433 7246 279 2981 9057 13 561 13159 25624 279 2981 9057 13 6983 12050 23235 279 9506 13759 13 357 28282 16384 264 23772 6321 13 357 27786 27491 7246 279 2981 9057 13 561 13159 11693 279 11129 29262 13 6983 12050 11693 279 2981 9057 13 561 14367 7246 449 4147 70676 13 6983 12050 11693 2250 14527 6679 13 357 27786 27491 7854 264 11012 72103 13 561 37714 11693 264 23772 6321 13 561 13159 25624 2250 14527 6679 13 561 37714 23235 449 4147 70676 13 6983 12050 11693 279 2981 9057 13 6056 36600 49992 279 2981 9057 13 561 12433 11693 279 17631 5459 13 271 14162 25 1092 369 279 6038 1970 364 279 33439 30 21134 440 279 1970 1132 13 248046 198 248045 74455 198 248068 271 248069 271
output  : 1679 193844 1058 12 19 16 22 17 248046 198 248044 248045 846 248046 198 248045 74455 198 248068 271 248069 271 1679 193844
decode                   24 tokens in 1033.4 ms  ->  23.22 tok/s
prefill                  26292 tokens in 25105.4 ms  ->  1047.27 tok/s  (time to first token 25388.3 ms)
